chapter,section,source_file,language,block_type,fenced_correctly,syntax_highlightable,line_length_issue,execution_possible,expected_output_present,formatting_problem,recommended_style,notes
1,Beyond the Textbook Definition,chapters/01-introduction.qmd,UNLABELED,PSEUDOCODE,YES,NO,NO,NO,YES,missing language tag,ALGORITHM,lines 48-58; execution status requires isolated test
1,Algorithms vs. Programs: A Crucial Distinction,chapters/01-introduction.qmd,UNLABELED,PSEUDOCODE,YES,NO,NO,NO,NO,missing language tag,ALGORITHM,lines 79-83; execution status requires isolated test
1,Algorithms vs. Programs: A Crucial Distinction,chapters/01-introduction.qmd,python,PYTHON,YES,YES,NO,YES,NO,NONE OBSERVED,PROGRAM CODE,lines 87-94; execution status requires isolated test
1,Algorithms vs. Programs: A Crucial Distinction,chapters/01-introduction.qmd,java,JAVA,YES,YES,NO,YES,NO,NONE OBSERVED,PROGRAM CODE,lines 98-108; execution status requires isolated test
1,Algorithms vs. Programs: A Crucial Distinction,chapters/01-introduction.qmd,javascript,JAVASCRIPT,YES,YES,NO,YES,NO,NONE OBSERVED,PROGRAM CODE,lines 112-122; execution status requires isolated test
1,Criterion 1: Correctness—Getting the Right Answer,chapters/01-introduction.qmd,UNLABELED,PYTHON,YES,NO,NO,YES,NO,missing language tag,PROGRAM CODE,lines 162-167; execution status requires isolated test
1,Criterion 2: Efficiency—Getting There Fast,chapters/01-introduction.qmd,UNLABELED,PSEUDOCODE,YES,NO,NO,NO,NO,missing language tag,ALGORITHM,lines 208-214; execution status requires isolated test
1,Criterion 2: Efficiency—Getting There Fast,chapters/01-introduction.qmd,UNLABELED,PSEUDOCODE,YES,NO,NO,NO,NO,missing language tag,ALGORITHM,lines 218-226; execution status requires isolated test
1,Criterion 3: Clarity and Elegance,chapters/01-introduction.qmd,python,PYTHON,YES,YES,NO,YES,NO,NONE OBSERVED,PROGRAM CODE,lines 245-250; execution status requires isolated test
1,Criterion 3: Clarity and Elegance,chapters/01-introduction.qmd,python,PYTHON,YES,YES,NO,YES,NO,NONE OBSERVED,PROGRAM CODE,lines 254-259; execution status requires isolated test
1,Criterion 4: Robustness,chapters/01-introduction.qmd,python,PYTHON,YES,YES,NO,YES,NO,NONE OBSERVED,PROGRAM CODE,lines 276-289; execution status requires isolated test
1,Criterion 4: Robustness,chapters/01-introduction.qmd,python,PYTHON,YES,YES,NO,YES,NO,NONE OBSERVED,PROGRAM CODE,lines 293-300; execution status requires isolated test
1,Step 3: Choose a Strategy,chapters/01-introduction.qmd,UNLABELED,UNKNOWN,YES,NO,NO,NO,NO,missing language tag,TEXT/FIGURE REVIEW,lines 413-422; execution status requires isolated test
1,Step 3: Choose a Strategy,chapters/01-introduction.qmd,UNLABELED,UNKNOWN,YES,NO,NO,NO,NO,missing language tag,TEXT/FIGURE REVIEW,lines 426-429; execution status requires isolated test
1,Step 4: Design the Algorithm,chapters/01-introduction.qmd,UNLABELED,PSEUDOCODE,YES,NO,NO,NO,YES,missing language tag,ALGORITHM,lines 437-452; execution status requires isolated test
1,Step 7: Implement,chapters/01-introduction.qmd,python,PYTHON,YES,YES,YES,YES,NO,max line 91 chars,PROGRAM CODE,lines 505-531; execution status requires isolated test
1,Step 8: Test Thoroughly,chapters/01-introduction.qmd,python,PYTHON,YES,YES,YES,YES,NO,max line 78 chars,PROGRAM CODE,lines 537-547; execution status requires isolated test
1,"Approach 1: The ""Correct"" Way",chapters/01-introduction.qmd,python,PYTHON,YES,YES,NO,YES,NO,NONE OBSERVED,PROGRAM CODE,lines 589-599; execution status requires isolated test
1,"Approach 2: The ""Fast"" Way (QuickSelect)",chapters/01-introduction.qmd,python,PYTHON,YES,YES,NO,YES,NO,NONE OBSERVED,PROGRAM CODE,lines 609-638; execution status requires isolated test
1,"Approach 3: The ""Approximate"" Way",chapters/01-introduction.qmd,python,PYTHON,YES,YES,NO,YES,NO,NONE OBSERVED,PROGRAM CODE,lines 648-657; execution status requires isolated test
1,The Surprising Third Option: Making Algorithms Smarter,chapters/01-introduction.qmd,python,PYTHON,YES,YES,NO,YES,NO,NONE OBSERVED,PROGRAM CODE,lines 739-747; execution status requires isolated test
1,The Surprising Third Option: Making Algorithms Smarter,chapters/01-introduction.qmd,python,PYTHON,YES,YES,NO,YES,NO,NONE OBSERVED,PROGRAM CODE,lines 751-756; execution status requires isolated test
1,The Surprising Third Option: Making Algorithms Smarter,chapters/01-introduction.qmd,python,PYTHON,YES,YES,YES,YES,NO,max line 78 chars,PROGRAM CODE,lines 760-773; execution status requires isolated test
1,Big-O Notation (Upper Bound),chapters/01-introduction.qmd,UNLABELED,MATHEMATICS DISGUISED AS CODE,YES,NO,NO,NO,NO,missing language tag,TEXT/FIGURE REVIEW,lines 830-832; execution status requires isolated test
1,Big-O Notation (Upper Bound),chapters/01-introduction.qmd,UNLABELED,MATHEMATICS DISGUISED AS CODE,YES,NO,NO,NO,NO,missing language tag,TEXT/FIGURE REVIEW,lines 842-844; execution status requires isolated test
1,Big-O Notation (Upper Bound),chapters/01-introduction.qmd,UNLABELED,MATHEMATICS DISGUISED AS CODE,YES,NO,NO,NO,NO,missing language tag,TEXT/FIGURE REVIEW,lines 855-857; execution status requires isolated test
1,Big-Ω Notation (Lower Bound),chapters/01-introduction.qmd,UNLABELED,MATHEMATICS DISGUISED AS CODE,YES,NO,NO,NO,NO,missing language tag,TEXT/FIGURE REVIEW,lines 865-867; execution status requires isolated test
1,Big-Ω Notation (Lower Bound),chapters/01-introduction.qmd,UNLABELED,MATHEMATICS DISGUISED AS CODE,YES,NO,NO,NO,NO,missing language tag,TEXT/FIGURE REVIEW,lines 875-877; execution status requires isolated test
1,Big-Ω Notation (Lower Bound),chapters/01-introduction.qmd,UNLABELED,MATHEMATICS DISGUISED AS CODE,YES,NO,NO,NO,NO,missing language tag,TEXT/FIGURE REVIEW,lines 881-883; execution status requires isolated test
1,Big-Θ Notation (Tight Bound),chapters/01-introduction.qmd,UNLABELED,UNKNOWN,YES,NO,NO,NO,NO,missing language tag,TEXT/FIGURE REVIEW,lines 895-897; execution status requires isolated test
1,"Misconception 1: ""Big-O means exact growth rate""",chapters/01-introduction.qmd,python,PYTHON,YES,YES,NO,YES,NO,NONE OBSERVED,PROGRAM CODE,lines 915-921; execution status requires isolated test
1,"Misconception 4: ""Asymptotic analysis applies to small inputs""",chapters/01-introduction.qmd,python,PYTHON,YES,YES,NO,YES,NO,NONE OBSERVED,PROGRAM CODE,lines 975-982; execution status requires isolated test
1,Growth Rate Hierarchy: A Roadmap,chapters/01-introduction.qmd,UNLABELED,MATHEMATICS DISGUISED AS CODE,YES,NO,YES,NO,NO,missing language tag; max line 111 chars,TEXT/FIGURE REVIEW,lines 990-992; execution status requires isolated test
1,Example 1: Nested Loops,chapters/01-introduction.qmd,python,PYTHON,YES,YES,NO,YES,NO,NONE OBSERVED,PROGRAM CODE,lines 1102-1108; execution status requires isolated test
1,Example 2: Variable Inner Loop,chapters/01-introduction.qmd,python,PYTHON,YES,YES,NO,YES,NO,NONE OBSERVED,PROGRAM CODE,lines 1119-1125; execution status requires isolated test
1,Example 3: Logarithmic Loop,chapters/01-introduction.qmd,python,PYTHON,YES,YES,NO,YES,NO,NONE OBSERVED,PROGRAM CODE,lines 1139-1153; execution status requires isolated test
1,Example 4: Divide and Conquer,chapters/01-introduction.qmd,python,PYTHON,YES,YES,NO,YES,NO,NONE OBSERVED,PROGRAM CODE,lines 1164-1191; execution status requires isolated test
1,Performance Prediction,chapters/01-introduction.qmd,python,PYTHON,YES,YES,NO,YES,NO,NONE OBSERVED,PROGRAM CODE,lines 1205-1218; execution status requires isolated test
1,Algorithm Selection,chapters/01-introduction.qmd,python,PYTHON,YES,YES,NO,YES,NO,NONE OBSERVED,PROGRAM CODE,lines 1222-1231; execution status requires isolated test
1,Bottleneck Identification,chapters/01-introduction.qmd,python,PYTHON,YES,YES,NO,YES,NO,NONE OBSERVED,PROGRAM CODE,lines 1235-1251; execution status requires isolated test
1,Space Complexity,chapters/01-introduction.qmd,python,PYTHON,YES,YES,NO,YES,NO,NONE OBSERVED,PROGRAM CODE,lines 1287-1300; execution status requires isolated test
1,Python: Our Language of Choice,chapters/01-introduction.qmd,bash,SHELL,YES,YES,NO,YES,NO,NONE OBSERVED,TERMINAL,lines 1335-1347; execution status requires isolated test
1,Virtual Environments: Keeping Things Clean,chapters/01-introduction.qmd,bash,SHELL,YES,YES,NO,YES,NO,NONE OBSERVED,TERMINAL,lines 1353-1365; execution status requires isolated test
1,Essential Libraries,chapters/01-introduction.qmd,bash,SHELL,YES,YES,NO,YES,NO,NONE OBSERVED,TERMINAL,lines 1369-1375; execution status requires isolated test
1,Project Structure: Building for Scale,chapters/01-introduction.qmd,UNLABELED,ASCII DIAGRAM,YES,NO,NO,NO,NO,missing language tag,TEXT/FIGURE REVIEW,lines 1393-1449; execution status requires isolated test
1,Project Structure: Building for Scale,chapters/01-introduction.qmd,bash,SHELL,YES,YES,YES,YES,NO,max line 89 chars,TERMINAL,lines 1453-1463; execution status requires isolated test
1,Version Control: Tracking Your Journey,chapters/01-introduction.qmd,bash,SHELL,YES,YES,YES,YES,NO,max line 87 chars,TERMINAL,lines 1469-1541; execution status requires isolated test
1,Building Your Benchmarking Framework,chapters/01-introduction.qmd,python,PYTHON,YES,YES,YES,YES,NO,max line 125 chars,PROGRAM CODE,lines 1549-1942; execution status requires isolated test
1,Testing Framework: Ensuring Correctness,chapters/01-introduction.qmd,python,PYTHON,YES,YES,YES,YES,NO,max line 79 chars,PROGRAM CODE,lines 1950-1984; execution status requires isolated test
1,Algorithm Implementations,chapters/01-introduction.qmd,python,PYTHON,YES,YES,YES,YES,NO,max line 81 chars,PROGRAM CODE,lines 1992-2196; execution status requires isolated test
1,Complete Working Example,chapters/01-introduction.qmd,python,PYTHON,YES,YES,YES,YES,NO,max line 103 chars,PROGRAM CODE,lines 2204-2374; execution status requires isolated test
1,Complete Working Example,chapters/01-introduction.qmd,python,PYTHON,YES,YES,YES,YES,NO,max line 82 chars,PROGRAM CODE,lines 2386-2418; execution status requires isolated test
1,Theoretical Problems,chapters/01-introduction.qmd,python,PYTHON,YES,YES,NO,YES,NO,NONE OBSERVED,PROGRAM CODE,lines 2574-2616; execution status requires isolated test
1,Practical Programming Problems,chapters/01-introduction.qmd,python,PYTHON,YES,YES,NO,YES,NO,NONE OBSERVED,PROGRAM CODE,lines 2682-2696; execution status requires isolated test
1,Practical Programming Problems,chapters/01-introduction.qmd,python,PYTHON,YES,YES,NO,YES,NO,NONE OBSERVED,PROGRAM CODE,lines 2702-2714; execution status requires isolated test
1,Practical Programming Problems,chapters/01-introduction.qmd,python,PYTHON,YES,YES,NO,YES,NO,NONE OBSERVED,PROGRAM CODE,lines 2720-2727; execution status requires isolated test
1,Practical Programming Problems,chapters/01-introduction.qmd,python,PYTHON,YES,YES,NO,YES,NO,NONE OBSERVED,PROGRAM CODE,lines 2739-2752; execution status requires isolated test
1,Submission Guidelines,chapters/01-introduction.qmd,UNLABELED,ASCII DIAGRAM,YES,NO,NO,NO,NO,missing language tag,TEXT/FIGURE REVIEW,lines 2899-2922; execution status requires isolated test
2,A Simple Example: Finding Maximum Element,chapters/02-Divide-and-Conquer.qmd,python,PYTHON,YES,YES,NO,YES,NO,NONE OBSERVED,PROGRAM CODE,lines 112-120; execution status requires isolated test
2,A Simple Example: Finding Maximum Element,chapters/02-Divide-and-Conquer.qmd,python,PYTHON,YES,YES,NO,YES,NO,NONE OBSERVED,PROGRAM CODE,lines 124-152; execution status requires isolated test
2,The Recursion Tree: Visualizing Divide and Conquer,chapters/02-Divide-and-Conquer.qmd,UNLABELED,ASCII DIAGRAM,YES,NO,YES,NO,NO,missing language tag; max line 77 chars,TEXT/FIGURE REVIEW,lines 195-214; execution status requires isolated test
2,The Merge Operation: The Secret Sauce,chapters/02-Divide-and-Conquer.qmd,UNLABELED,UNKNOWN,YES,NO,NO,NO,NO,missing language tag,TEXT/FIGURE REVIEW,lines 297-301; execution status requires isolated test
2,The Merge Operation: The Secret Sauce,chapters/02-Divide-and-Conquer.qmd,python,PYTHON,YES,YES,NO,YES,NO,NONE OBSERVED,PROGRAM CODE,lines 307-343; execution status requires isolated test
2,The Merge Operation: The Secret Sauce,chapters/02-Divide-and-Conquer.qmd,UNLABELED,ASCII DIAGRAM,YES,NO,NO,NO,NO,missing language tag,TEXT/FIGURE REVIEW,lines 347-376; execution status requires isolated test
2,The Complete Merge Sort Algorithm,chapters/02-Divide-and-Conquer.qmd,python,PYTHON,YES,YES,NO,YES,NO,NONE OBSERVED,PROGRAM CODE,lines 391-445; execution status requires isolated test
2,The Complete Merge Sort Algorithm,chapters/02-Divide-and-Conquer.qmd,UNLABELED,ASCII DIAGRAM,YES,NO,NO,NO,NO,missing language tag,TEXT/FIGURE REVIEW,lines 451-469; execution status requires isolated test
2,The Complete Merge Sort Algorithm,chapters/02-Divide-and-Conquer.qmd,UNLABELED,ASCII DIAGRAM,YES,NO,NO,NO,NO,missing language tag,TEXT/FIGURE REVIEW,lines 473-486; execution status requires isolated test
2,Time Complexity Analysis,chapters/02-Divide-and-Conquer.qmd,UNLABELED,MATHEMATICS DISGUISED AS CODE,YES,NO,NO,NO,NO,missing language tag,TEXT/FIGURE REVIEW,lines 538-541; execution status requires isolated test
2,Time Complexity Analysis,chapters/02-Divide-and-Conquer.qmd,UNLABELED,ASCII DIAGRAM,YES,NO,NO,NO,NO,missing language tag,TEXT/FIGURE REVIEW,lines 545-554; execution status requires isolated test
2,Time Complexity Analysis,chapters/02-Divide-and-Conquer.qmd,UNLABELED,ASCII DIAGRAM,YES,NO,NO,NO,NO,missing language tag,TEXT/FIGURE REVIEW,lines 558-571; execution status requires isolated test
2,Time Complexity Analysis,chapters/02-Divide-and-Conquer.qmd,UNLABELED,MATHEMATICS DISGUISED AS CODE,YES,NO,NO,NO,NO,missing language tag,TEXT/FIGURE REVIEW,lines 583-591; execution status requires isolated test
2,Optimizing Merge Sort,chapters/02-Divide-and-Conquer.qmd,python,PYTHON,YES,YES,YES,YES,NO,max line 78 chars,PROGRAM CODE,lines 660-675; execution status requires isolated test
2,Optimizing Merge Sort,chapters/02-Divide-and-Conquer.qmd,python,PYTHON,YES,YES,NO,YES,NO,NONE OBSERVED,PROGRAM CODE,lines 686-701; execution status requires isolated test
2,Optimizing Merge Sort,chapters/02-Divide-and-Conquer.qmd,python,PYTHON,YES,YES,NO,YES,NO,NONE OBSERVED,PROGRAM CODE,lines 713-723; execution status requires isolated test
2,A Simple Example,chapters/02-Divide-and-Conquer.qmd,UNLABELED,MATHEMATICS DISGUISED AS CODE,YES,NO,NO,NO,NO,missing language tag,TEXT/FIGURE REVIEW,lines 772-795; execution status requires isolated test
2,The Partition Operation,chapters/02-Divide-and-Conquer.qmd,python,PYTHON,YES,YES,NO,YES,NO,NONE OBSERVED,PROGRAM CODE,lines 811-852; execution status requires isolated test
2,The Partition Operation,chapters/02-Divide-and-Conquer.qmd,UNLABELED,MATHEMATICS DISGUISED AS CODE,YES,NO,NO,NO,NO,missing language tag,TEXT/FIGURE REVIEW,lines 856-894; execution status requires isolated test
2,The Complete QuickSort Algorithm,chapters/02-Divide-and-Conquer.qmd,python,PYTHON,YES,YES,NO,YES,NO,NONE OBSERVED,PROGRAM CODE,lines 909-963; execution status requires isolated test
2,The Complete QuickSort Algorithm,chapters/02-Divide-and-Conquer.qmd,UNLABELED,UNKNOWN,YES,NO,NO,NO,NO,missing language tag,TEXT/FIGURE REVIEW,lines 967-1000; execution status requires isolated test
2,Best Case: O(n log n),chapters/02-Divide-and-Conquer.qmd,UNLABELED,MATHEMATICS DISGUISED AS CODE,YES,NO,NO,NO,NO,missing language tag,TEXT/FIGURE REVIEW,lines 1010-1015; execution status requires isolated test
2,Best Case: O(n log n),chapters/02-Divide-and-Conquer.qmd,UNLABELED,ASCII DIAGRAM,YES,NO,NO,NO,NO,missing language tag,TEXT/FIGURE REVIEW,lines 1019-1030; execution status requires isolated test
2,Worst Case: O(n²),chapters/02-Divide-and-Conquer.qmd,UNLABELED,ASCII DIAGRAM,YES,NO,NO,NO,NO,missing language tag,TEXT/FIGURE REVIEW,lines 1038-1044; execution status requires isolated test
2,Worst Case: O(n²),chapters/02-Divide-and-Conquer.qmd,UNLABELED,MATHEMATICS DISGUISED AS CODE,YES,NO,NO,NO,NO,missing language tag,TEXT/FIGURE REVIEW,lines 1048-1055; execution status requires isolated test
2,Worst Case: O(n²),chapters/02-Divide-and-Conquer.qmd,UNLABELED,ASCII DIAGRAM,YES,NO,NO,NO,NO,missing language tag,TEXT/FIGURE REVIEW,lines 1059-1075; execution status requires isolated test
2,The Worst Case Problem: Randomization to the Rescue!,chapters/02-Divide-and-Conquer.qmd,python,PYTHON,YES,YES,NO,YES,NO,NONE OBSERVED,PROGRAM CODE,lines 1102-1137; execution status requires isolated test
2,Alternative Pivot Selection Strategies,chapters/02-Divide-and-Conquer.qmd,python,PYTHON,YES,YES,NO,YES,NO,NONE OBSERVED,PROGRAM CODE,lines 1161-1182; execution status requires isolated test
2,Alternative Pivot Selection Strategies,chapters/02-Divide-and-Conquer.qmd,python,PYTHON,YES,YES,NO,YES,NO,NONE OBSERVED,PROGRAM CODE,lines 1192-1208; execution status requires isolated test
2,Alternative Pivot Selection Strategies,chapters/02-Divide-and-Conquer.qmd,python,PYTHON,YES,YES,NO,YES,NO,NONE OBSERVED,PROGRAM CODE,lines 1218-1226; execution status requires isolated test
2,Optimizing QuickSort for Production,chapters/02-Divide-and-Conquer.qmd,python,PYTHON,YES,YES,NO,YES,NO,NONE OBSERVED,PROGRAM CODE,lines 1280-1304; execution status requires isolated test
2,Optimizing QuickSort for Production,chapters/02-Divide-and-Conquer.qmd,python,PYTHON,YES,YES,NO,YES,NO,NONE OBSERVED,PROGRAM CODE,lines 1318-1355; execution status requires isolated test
2,Optimizing QuickSort for Production,chapters/02-Divide-and-Conquer.qmd,python,PYTHON,YES,YES,NO,YES,NO,NONE OBSERVED,PROGRAM CODE,lines 1365-1382; execution status requires isolated test
2,Recurrence Relations: The Language of Recursion,chapters/02-Divide-and-Conquer.qmd,UNLABELED,MATHEMATICS DISGUISED AS CODE,YES,NO,NO,NO,NO,missing language tag,TEXT/FIGURE REVIEW,lines 1412-1419; execution status requires isolated test
2,Recurrence Relations: The Language of Recursion,chapters/02-Divide-and-Conquer.qmd,UNLABELED,MATHEMATICS DISGUISED AS CODE,YES,NO,NO,NO,NO,missing language tag,TEXT/FIGURE REVIEW,lines 1425-1432; execution status requires isolated test
2,Recurrence Relations: The Language of Recursion,chapters/02-Divide-and-Conquer.qmd,UNLABELED,MATHEMATICS DISGUISED AS CODE,YES,NO,NO,NO,NO,missing language tag,TEXT/FIGURE REVIEW,lines 1436-1440; execution status requires isolated test
2,Recurrence Relations: The Language of Recursion,chapters/02-Divide-and-Conquer.qmd,UNLABELED,MATHEMATICS DISGUISED AS CODE,YES,NO,NO,NO,NO,missing language tag,TEXT/FIGURE REVIEW,lines 1444-1451; execution status requires isolated test
2,Recurrence Relations: The Language of Recursion,chapters/02-Divide-and-Conquer.qmd,UNLABELED,MATHEMATICS DISGUISED AS CODE,YES,NO,NO,NO,NO,missing language tag,TEXT/FIGURE REVIEW,lines 1455-1462; execution status requires isolated test
2,Method 1: Recursion Tree (Visual),chapters/02-Divide-and-Conquer.qmd,UNLABELED,MATHEMATICS DISGUISED AS CODE,YES,NO,NO,NO,NO,missing language tag,TEXT/FIGURE REVIEW,lines 1474-1485; execution status requires isolated test
2,Method 2: Substitution (Guess and Verify),chapters/02-Divide-and-Conquer.qmd,UNLABELED,MATHEMATICS DISGUISED AS CODE,YES,NO,NO,NO,NO,missing language tag,TEXT/FIGURE REVIEW,lines 1514-1528; execution status requires isolated test
2,The Master Theorem,chapters/02-Divide-and-Conquer.qmd,UNLABELED,MATHEMATICS DISGUISED AS CODE,YES,NO,NO,NO,NO,missing language tag,TEXT/FIGURE REVIEW,lines 1542-1544; execution status requires isolated test
2,The Master Theorem,chapters/02-Divide-and-Conquer.qmd,UNLABELED,MATHEMATICS DISGUISED AS CODE,YES,NO,NO,NO,NO,missing language tag,TEXT/FIGURE REVIEW,lines 1550-1552; execution status requires isolated test
2,The Master Theorem,chapters/02-Divide-and-Conquer.qmd,UNLABELED,MATHEMATICS DISGUISED AS CODE,YES,NO,NO,NO,NO,missing language tag,TEXT/FIGURE REVIEW,lines 1556-1558; execution status requires isolated test
2,The Master Theorem,chapters/02-Divide-and-Conquer.qmd,UNLABELED,MATHEMATICS DISGUISED AS CODE,YES,NO,NO,NO,NO,missing language tag,TEXT/FIGURE REVIEW,lines 1562-1564; execution status requires isolated test
2,Example 1: Merge Sort,chapters/02-Divide-and-Conquer.qmd,UNLABELED,UNKNOWN,YES,NO,NO,NO,NO,missing language tag,TEXT/FIGURE REVIEW,lines 1607-1609; execution status requires isolated test
2,Example 1: Merge Sort,chapters/02-Divide-and-Conquer.qmd,UNLABELED,UNKNOWN,YES,NO,NO,NO,NO,missing language tag,TEXT/FIGURE REVIEW,lines 1613-1618; execution status requires isolated test
2,Example 1: Merge Sort,chapters/02-Divide-and-Conquer.qmd,UNLABELED,MATHEMATICS DISGUISED AS CODE,YES,NO,NO,NO,NO,missing language tag,TEXT/FIGURE REVIEW,lines 1624-1628; execution status requires isolated test
2,Example 2: Binary Search,chapters/02-Divide-and-Conquer.qmd,UNLABELED,UNKNOWN,YES,NO,NO,NO,NO,missing language tag,TEXT/FIGURE REVIEW,lines 1644-1646; execution status requires isolated test
2,Example 2: Binary Search,chapters/02-Divide-and-Conquer.qmd,UNLABELED,UNKNOWN,YES,NO,NO,NO,NO,missing language tag,TEXT/FIGURE REVIEW,lines 1650-1655; execution status requires isolated test
2,Example 2: Binary Search,chapters/02-Divide-and-Conquer.qmd,UNLABELED,MATHEMATICS DISGUISED AS CODE,YES,NO,NO,NO,NO,missing language tag,TEXT/FIGURE REVIEW,lines 1661-1663; execution status requires isolated test
2,Example 3: Finding Maximum (Divide & Conquer),chapters/02-Divide-and-Conquer.qmd,UNLABELED,UNKNOWN,YES,NO,NO,NO,NO,missing language tag,TEXT/FIGURE REVIEW,lines 1679-1681; execution status requires isolated test
2,Example 3: Finding Maximum (Divide & Conquer),chapters/02-Divide-and-Conquer.qmd,UNLABELED,MATHEMATICS DISGUISED AS CODE,YES,NO,NO,NO,NO,missing language tag,TEXT/FIGURE REVIEW,lines 1685-1690; execution status requires isolated test
2,Example 3: Finding Maximum (Divide & Conquer),chapters/02-Divide-and-Conquer.qmd,UNLABELED,MATHEMATICS DISGUISED AS CODE,YES,NO,NO,NO,NO,missing language tag,TEXT/FIGURE REVIEW,lines 1696-1700; execution status requires isolated test
2,Example 4: Strassen's Matrix Multiplication (Preview),chapters/02-Divide-and-Conquer.qmd,UNLABELED,UNKNOWN,YES,NO,NO,NO,NO,missing language tag,TEXT/FIGURE REVIEW,lines 1716-1718; execution status requires isolated test
2,Example 4: Strassen's Matrix Multiplication (Preview),chapters/02-Divide-and-Conquer.qmd,UNLABELED,MATHEMATICS DISGUISED AS CODE,YES,NO,NO,NO,NO,missing language tag,TEXT/FIGURE REVIEW,lines 1722-1727; execution status requires isolated test
2,Example 4: Strassen's Matrix Multiplication (Preview),chapters/02-Divide-and-Conquer.qmd,UNLABELED,MATHEMATICS DISGUISED AS CODE,YES,NO,NO,NO,NO,missing language tag,TEXT/FIGURE REVIEW,lines 1733-1736; execution status requires isolated test
2,Example 5: A Contrived Case 3 Example,chapters/02-Divide-and-Conquer.qmd,UNLABELED,UNKNOWN,YES,NO,NO,NO,NO,missing language tag,TEXT/FIGURE REVIEW,lines 1752-1754; execution status requires isolated test
2,Example 5: A Contrived Case 3 Example,chapters/02-Divide-and-Conquer.qmd,UNLABELED,UNKNOWN,YES,NO,NO,NO,NO,missing language tag,TEXT/FIGURE REVIEW,lines 1758-1763; execution status requires isolated test
2,Example 5: A Contrived Case 3 Example,chapters/02-Divide-and-Conquer.qmd,UNLABELED,MATHEMATICS DISGUISED AS CODE,YES,NO,NO,NO,NO,missing language tag,TEXT/FIGURE REVIEW,lines 1767-1773; execution status requires isolated test
2,Example 5: A Contrived Case 3 Example,chapters/02-Divide-and-Conquer.qmd,UNLABELED,MATHEMATICS DISGUISED AS CODE,YES,NO,NO,NO,NO,missing language tag,TEXT/FIGURE REVIEW,lines 1779-1782; execution status requires isolated test
2,When Master Theorem Doesn't Apply,chapters/02-Divide-and-Conquer.qmd,UNLABELED,UNKNOWN,YES,NO,NO,NO,NO,missing language tag,TEXT/FIGURE REVIEW,lines 1794-1805; execution status requires isolated test
2,When Master Theorem Doesn't Apply,chapters/02-Divide-and-Conquer.qmd,UNLABELED,UNKNOWN,YES,NO,NO,NO,NO,missing language tag,TEXT/FIGURE REVIEW,lines 1811-1814; execution status requires isolated test
2,When Master Theorem Doesn't Apply,chapters/02-Divide-and-Conquer.qmd,UNLABELED,UNKNOWN,YES,NO,NO,NO,NO,missing language tag,TEXT/FIGURE REVIEW,lines 1820-1824; execution status requires isolated test
2,When Master Theorem Doesn't Apply,chapters/02-Divide-and-Conquer.qmd,UNLABELED,MATHEMATICS DISGUISED AS CODE,YES,NO,NO,NO,NO,missing language tag,TEXT/FIGURE REVIEW,lines 1830-1839; execution status requires isolated test
2,Master Theorem Cheat Sheet,chapters/02-Divide-and-Conquer.qmd,UNLABELED,UNKNOWN,YES,NO,NO,NO,NO,missing language tag,TEXT/FIGURE REVIEW,lines 1849-1851; execution status requires isolated test
2,Akra-Bazzi Method (Generalized Master Theorem),chapters/02-Divide-and-Conquer.qmd,UNLABELED,MATHEMATICS DISGUISED AS CODE,YES,NO,NO,NO,NO,missing language tag,TEXT/FIGURE REVIEW,lines 1938-1942; execution status requires isolated test
2,Generating Functions,chapters/02-Divide-and-Conquer.qmd,UNLABELED,MATHEMATICS DISGUISED AS CODE,YES,NO,NO,NO,NO,missing language tag,TEXT/FIGURE REVIEW,lines 1948-1952; execution status requires isolated test
2,Application 1: Fast Integer Multiplication (Karatsuba Algorithm),chapters/02-Divide-and-Conquer.qmd,UNLABELED,MATHEMATICS DISGUISED AS CODE,YES,NO,NO,NO,NO,missing language tag,TEXT/FIGURE REVIEW,lines 1972-1977; execution status requires isolated test
2,Application 1: Fast Integer Multiplication (Karatsuba Algorithm),chapters/02-Divide-and-Conquer.qmd,UNLABELED,UNKNOWN,YES,NO,NO,NO,NO,missing language tag,TEXT/FIGURE REVIEW,lines 1983-1988; execution status requires isolated test
2,Application 1: Fast Integer Multiplication (Karatsuba Algorithm),chapters/02-Divide-and-Conquer.qmd,UNLABELED,MATHEMATICS DISGUISED AS CODE,YES,NO,NO,NO,NO,missing language tag,TEXT/FIGURE REVIEW,lines 1992-2004; execution status requires isolated test
2,Application 1: Fast Integer Multiplication (Karatsuba Algorithm),chapters/02-Divide-and-Conquer.qmd,UNLABELED,UNKNOWN,YES,NO,NO,NO,NO,missing language tag,TEXT/FIGURE REVIEW,lines 2008-2017; execution status requires isolated test
2,Application 1: Fast Integer Multiplication (Karatsuba Algorithm),chapters/02-Divide-and-Conquer.qmd,python,PYTHON,YES,YES,NO,YES,NO,NONE OBSERVED,PROGRAM CODE,lines 2021-2055; execution status requires isolated test
2,Application 1: Fast Integer Multiplication (Karatsuba Algorithm),chapters/02-Divide-and-Conquer.qmd,UNLABELED,MATHEMATICS DISGUISED AS CODE,YES,NO,NO,NO,NO,missing language tag,TEXT/FIGURE REVIEW,lines 2059-2069; execution status requires isolated test
2,Application 2: Closest Pair of Points,chapters/02-Divide-and-Conquer.qmd,python,PYTHON,YES,YES,NO,YES,NO,NONE OBSERVED,PROGRAM CODE,lines 2085-2097; execution status requires isolated test
2,Application 2: Closest Pair of Points,chapters/02-Divide-and-Conquer.qmd,python,PYTHON,YES,YES,NO,YES,NO,NONE OBSERVED,PROGRAM CODE,lines 2101-2196; execution status requires isolated test
2,Application 2: Closest Pair of Points,chapters/02-Divide-and-Conquer.qmd,UNLABELED,MATHEMATICS DISGUISED AS CODE,YES,NO,NO,NO,NO,missing language tag,TEXT/FIGURE REVIEW,lines 2210-2216; execution status requires isolated test
2,Application 3: Matrix Multiplication (Strassen's Algorithm),chapters/02-Divide-and-Conquer.qmd,python,PYTHON,YES,YES,NO,YES,NO,NONE OBSERVED,PROGRAM CODE,lines 2224-2236; execution status requires isolated test
2,Application 3: Matrix Multiplication (Strassen's Algorithm),chapters/02-Divide-and-Conquer.qmd,UNLABELED,MATHEMATICS DISGUISED AS CODE,YES,NO,NO,NO,NO,missing language tag,TEXT/FIGURE REVIEW,lines 2242-2249; execution status requires isolated test
2,Application 3: Matrix Multiplication (Strassen's Algorithm),chapters/02-Divide-and-Conquer.qmd,UNLABELED,MATHEMATICS DISGUISED AS CODE,YES,NO,NO,NO,NO,missing language tag,TEXT/FIGURE REVIEW,lines 2253-2269; execution status requires isolated test
2,Application 4: Fast Fourier Transform (FFT),chapters/02-Divide-and-Conquer.qmd,python,PYTHON,YES,YES,NO,YES,NO,NONE OBSERVED,PROGRAM CODE,lines 2296-2334; execution status requires isolated test
2,Application 4: Fast Fourier Transform (FFT),chapters/02-Divide-and-Conquer.qmd,UNLABELED,MATHEMATICS DISGUISED AS CODE,YES,NO,NO,NO,NO,missing language tag,TEXT/FIGURE REVIEW,lines 2338-2341; execution status requires isolated test
2,Building a Production-Quality Sorting Library,chapters/02-Divide-and-Conquer.qmd,python,PYTHON,YES,YES,YES,YES,NO,max line 79 chars,PROGRAM CODE,lines 2353-2556; execution status requires isolated test
2,Performance Benchmarking,chapters/02-Divide-and-Conquer.qmd,python,PYTHON,YES,YES,YES,YES,NO,max line 84 chars,PROGRAM CODE,lines 2562-2708; execution status requires isolated test
2,Common Implementation Pitfalls,chapters/02-Divide-and-Conquer.qmd,python,PYTHON,YES,YES,NO,YES,NO,NONE OBSERVED,PROGRAM CODE,lines 2750-2760; execution status requires isolated test
2,Common Implementation Pitfalls,chapters/02-Divide-and-Conquer.qmd,python,PYTHON,YES,YES,NO,YES,NO,NONE OBSERVED,PROGRAM CODE,lines 2766-2774; execution status requires isolated test
2,Common Implementation Pitfalls,chapters/02-Divide-and-Conquer.qmd,python,PYTHON,YES,YES,NO,YES,NO,NONE OBSERVED,PROGRAM CODE,lines 2780-2790; execution status requires isolated test
2,Common Implementation Pitfalls,chapters/02-Divide-and-Conquer.qmd,python,PYTHON,YES,YES,NO,YES,NO,NONE OBSERVED,PROGRAM CODE,lines 2796-2804; execution status requires isolated test
2,Parallel Divide and Conquer,chapters/02-Divide-and-Conquer.qmd,python,PYTHON,YES,YES,NO,YES,NO,NONE OBSERVED,PROGRAM CODE,lines 2816-2857; execution status requires isolated test
2,Cache-Oblivious Algorithms,chapters/02-Divide-and-Conquer.qmd,python,PYTHON,YES,YES,NO,YES,NO,NONE OBSERVED,PROGRAM CODE,lines 2876-2895; execution status requires isolated test
2,When to Use Each Algorithm,chapters/02-Divide-and-Conquer.qmd,UNLABELED,PSEUDOCODE,YES,NO,NO,NO,NO,missing language tag,ALGORITHM,lines 2985-3000; execution status requires isolated test
2,Programming Problems,chapters/02-Divide-and-Conquer.qmd,python,PYTHON,YES,YES,NO,YES,NO,NONE OBSERVED,PROGRAM CODE,lines 3116-3123; execution status requires isolated test
2,Programming Problems,chapters/02-Divide-and-Conquer.qmd,python,PYTHON,YES,YES,NO,YES,NO,NONE OBSERVED,PROGRAM CODE,lines 3139-3155; execution status requires isolated test
2,Programming Problems,chapters/02-Divide-and-Conquer.qmd,python,PYTHON,YES,YES,NO,YES,NO,NONE OBSERVED,PROGRAM CODE,lines 3165-3180; execution status requires isolated test
2,Programming Problems,chapters/02-Divide-and-Conquer.qmd,python,PYTHON,YES,YES,NO,YES,NO,NONE OBSERVED,PROGRAM CODE,lines 3190-3200; execution status requires isolated test
2,Challenge Problems,chapters/02-Divide-and-Conquer.qmd,python,PYTHON,YES,YES,NO,YES,NO,NONE OBSERVED,PROGRAM CODE,lines 3218-3233; execution status requires isolated test
2,Challenge Problems,chapters/02-Divide-and-Conquer.qmd,python,PYTHON,YES,YES,NO,YES,NO,NONE OBSERVED,PROGRAM CODE,lines 3247-3263; execution status requires isolated test
3,The Binary Heap Structure,chapters/03-Data-Structures-for-Efficiency.qmd,UNLABELED,ASCII DIAGRAM,YES,NO,NO,NO,NO,missing language tag,TEXT/FIGURE REVIEW,lines 114-130; execution status requires isolated test
3,Core Heap Operations,chapters/03-Data-Structures-for-Efficiency.qmd,python,PYTHON,YES,YES,YES,YES,NO,max line 78 chars,PROGRAM CODE,lines 134-245; execution status requires isolated test
3,The Magic of O(n) Heap Construction,chapters/03-Data-Structures-for-Efficiency.qmd,UNLABELED,MATHEMATICS DISGUISED AS CODE,YES,NO,NO,NO,NO,missing language tag,TEXT/FIGURE REVIEW,lines 262-269; execution status requires isolated test
3,Advanced Heap Operations,chapters/03-Data-Structures-for-Efficiency.qmd,python,PYTHON,YES,YES,NO,YES,NO,NONE OBSERVED,PROGRAM CODE,lines 273-337; execution status requires isolated test
3,Application 1: K Largest Elements,chapters/03-Data-Structures-for-Efficiency.qmd,python,PYTHON,YES,YES,NO,YES,NO,NONE OBSERVED,PROGRAM CODE,lines 343-385; execution status requires isolated test
3,Application 2: Median Maintenance,chapters/03-Data-Structures-for-Efficiency.qmd,python,PYTHON,YES,YES,NO,YES,NO,NONE OBSERVED,PROGRAM CODE,lines 389-428; execution status requires isolated test
3,The Balance Problem,chapters/03-Data-Structures-for-Efficiency.qmd,UNLABELED,MATHEMATICS DISGUISED AS CODE,YES,NO,NO,NO,NO,missing language tag,TEXT/FIGURE REVIEW,lines 440-455; execution status requires isolated test
3,The Balance Problem,chapters/03-Data-Structures-for-Efficiency.qmd,UNLABELED,ASCII DIAGRAM,YES,NO,NO,NO,NO,missing language tag,TEXT/FIGURE REVIEW,lines 459-468; execution status requires isolated test
3,AVL Tree Implementation,chapters/03-Data-Structures-for-Efficiency.qmd,python,PYTHON,YES,YES,NO,YES,NO,NONE OBSERVED,PROGRAM CODE,lines 480-675; execution status requires isolated test
3,Red-Black Trees: A Different Balance,chapters/03-Data-Structures-for-Efficiency.qmd,python,PYTHON,YES,YES,NO,YES,NO,NONE OBSERVED,PROGRAM CODE,lines 696-841; execution status requires isolated test
3,The Dream of Constant Time,chapters/03-Data-Structures-for-Efficiency.qmd,UNLABELED,UNKNOWN,YES,NO,NO,NO,NO,missing language tag,TEXT/FIGURE REVIEW,lines 853-855; execution status requires isolated test
3,Hash Function Design,chapters/03-Data-Structures-for-Efficiency.qmd,python,PYTHON,YES,YES,NO,YES,NO,NONE OBSERVED,PROGRAM CODE,lines 865-992; execution status requires isolated test
3,Strategy 2: Open Addressing,chapters/03-Data-Structures-for-Efficiency.qmd,python,PYTHON,YES,YES,YES,YES,NO,max line 90 chars,PROGRAM CODE,lines 1015-1097; execution status requires isolated test
3,Cuckoo Hashing - Worst Case O(1),chapters/03-Data-Structures-for-Efficiency.qmd,python,PYTHON,YES,YES,YES,YES,NO,max line 79 chars,PROGRAM CODE,lines 1103-1179; execution status requires isolated test
3,Consistent Hashing - Distributed Systems,chapters/03-Data-Structures-for-Efficiency.qmd,python,PYTHON,YES,YES,NO,YES,NO,NONE OBSERVED,PROGRAM CODE,lines 1183-1243; execution status requires isolated test
3,Method 1: Aggregate Analysis,chapters/03-Data-Structures-for-Efficiency.qmd,python,PYTHON,YES,YES,NO,YES,NO,NONE OBSERVED,PROGRAM CODE,lines 1265-1303; execution status requires isolated test
3,Method 2: Accounting Method,chapters/03-Data-Structures-for-Efficiency.qmd,python,PYTHON,YES,YES,NO,YES,NO,NONE OBSERVED,PROGRAM CODE,lines 1309-1323; execution status requires isolated test
3,Method 3: Potential Method,chapters/03-Data-Structures-for-Efficiency.qmd,python,PYTHON,YES,YES,NO,YES,NO,NONE OBSERVED,PROGRAM CODE,lines 1329-1348; execution status requires isolated test
3,Union-Find: Amortization in Action,chapters/03-Data-Structures-for-Efficiency.qmd,python,PYTHON,YES,YES,NO,YES,NO,NONE OBSERVED,PROGRAM CODE,lines 1352-1405; execution status requires isolated test
3,Fibonacci Heaps - Theoretical Optimality,chapters/03-Data-Structures-for-Efficiency.qmd,python,PYTHON,YES,YES,NO,YES,NO,NONE OBSERVED,PROGRAM CODE,lines 1413-1504; execution status requires isolated test
3,Skip Lists - Probabilistic Balance,chapters/03-Data-Structures-for-Efficiency.qmd,python,PYTHON,YES,YES,NO,YES,NO,NONE OBSERVED,PROGRAM CODE,lines 1508-1594; execution status requires isolated test
3,Bloom Filters - Space-Efficient Membership,chapters/03-Data-Structures-for-Efficiency.qmd,python,PYTHON,YES,YES,YES,YES,NO,max line 93 chars,PROGRAM CODE,lines 1598-1665; execution status requires isolated test
3,Building a Production-Ready Library,chapters/03-Data-Structures-for-Efficiency.qmd,python,PYTHON,YES,YES,YES,YES,NO,max line 77 chars,PROGRAM CODE,lines 1673-1684; execution status requires isolated test
3,Comprehensive Testing Suite,chapters/03-Data-Structures-for-Efficiency.qmd,python,PYTHON,YES,YES,NO,YES,NO,NONE OBSERVED,PROGRAM CODE,lines 1688-1798; execution status requires isolated test
3,Performance Benchmarking Framework,chapters/03-Data-Structures-for-Efficiency.qmd,python,PYTHON,YES,YES,NO,YES,NO,NONE OBSERVED,PROGRAM CODE,lines 1802-1925; execution status requires isolated test
3,Real-World Application: LRU Cache,chapters/03-Data-Structures-for-Efficiency.qmd,python,PYTHON,YES,YES,NO,YES,NO,NONE OBSERVED,PROGRAM CODE,lines 1929-2049; execution status requires isolated test
3,Implementation Problems,chapters/03-Data-Structures-for-Efficiency.qmd,python,PYTHON,YES,YES,NO,YES,NO,NONE OBSERVED,PROGRAM CODE,lines 2067-2079; execution status requires isolated test
3,Implementation Problems,chapters/03-Data-Structures-for-Efficiency.qmd,python,PYTHON,YES,YES,NO,YES,NO,NONE OBSERVED,PROGRAM CODE,lines 2083-2095; execution status requires isolated test
3,Implementation Problems,chapters/03-Data-Structures-for-Efficiency.qmd,python,PYTHON,YES,YES,NO,YES,NO,NONE OBSERVED,PROGRAM CODE,lines 2099-2111; execution status requires isolated test
4,Implementation and Proof,chapters/04-Greedy-Algorithms.qmd,python,PYTHON,YES,YES,NO,YES,NO,NONE OBSERVED,PROGRAM CODE,lines 163-234; execution status requires isolated test
4,Weighted Activity Selection,chapters/04-Greedy-Algorithms.qmd,python,PYTHON,YES,YES,NO,YES,NO,NONE OBSERVED,PROGRAM CODE,lines 240-272; execution status requires isolated test
4,Interval Partitioning,chapters/04-Greedy-Algorithms.qmd,python,PYTHON,YES,YES,NO,YES,NO,NONE OBSERVED,PROGRAM CODE,lines 278-352; execution status requires isolated test
4,Building the Huffman Tree,chapters/04-Greedy-Algorithms.qmd,python,PYTHON,YES,YES,NO,YES,NO,NONE OBSERVED,PROGRAM CODE,lines 366-557; execution status requires isolated test
4,Example: Compressing Text,chapters/04-Greedy-Algorithms.qmd,python,PYTHON,YES,YES,NO,YES,NO,NONE OBSERVED,PROGRAM CODE,lines 561-596; execution status requires isolated test
4,Kruskal's Algorithm - Edge-Centric Greedy,chapters/04-Greedy-Algorithms.qmd,python,PYTHON,YES,YES,NO,YES,NO,NONE OBSERVED,PROGRAM CODE,lines 615-704; execution status requires isolated test
4,Prim's Algorithm - Vertex-Centric Greedy,chapters/04-Greedy-Algorithms.qmd,python,PYTHON,YES,YES,YES,YES,NO,max line 82 chars,PROGRAM CODE,lines 708-822; execution status requires isolated test
4,MST Properties and Proofs,chapters/04-Greedy-Algorithms.qmd,python,PYTHON,YES,YES,NO,YES,NO,NONE OBSERVED,PROGRAM CODE,lines 826-882; execution status requires isolated test
4,Single-Source Shortest Paths,chapters/04-Greedy-Algorithms.qmd,python,PYTHON,YES,YES,YES,YES,NO,max line 86 chars,PROGRAM CODE,lines 890-1089; execution status requires isolated test
4,Common Pitfalls,chapters/04-Greedy-Algorithms.qmd,python,PYTHON,YES,YES,NO,YES,NO,NONE OBSERVED,PROGRAM CODE,lines 1097-1189; execution status requires isolated test
4,Proving Greedy Correctness,chapters/04-Greedy-Algorithms.qmd,python,PYTHON,YES,YES,NO,YES,NO,NONE OBSERVED,PROGRAM CODE,lines 1193-1274; execution status requires isolated test
4,Comprehensive Implementation,chapters/04-Greedy-Algorithms.qmd,python,PYTHON,YES,YES,YES,YES,NO,max line 80 chars,PROGRAM CODE,lines 1282-1444; execution status requires isolated test
4,Testing and Benchmarking,chapters/04-Greedy-Algorithms.qmd,python,PYTHON,YES,YES,NO,YES,NO,NONE OBSERVED,PROGRAM CODE,lines 1448-1565; execution status requires isolated test
4,Implementation Problems,chapters/04-Greedy-Algorithms.qmd,python,PYTHON,YES,YES,NO,YES,NO,NONE OBSERVED,PROGRAM CODE,lines 1583-1597; execution status requires isolated test
4,Implementation Problems,chapters/04-Greedy-Algorithms.qmd,python,PYTHON,YES,YES,NO,YES,NO,NONE OBSERVED,PROGRAM CODE,lines 1601-1614; execution status requires isolated test
4,Implementation Problems,chapters/04-Greedy-Algorithms.qmd,python,PYTHON,YES,YES,NO,YES,NO,NONE OBSERVED,PROGRAM CODE,lines 1618-1632; execution status requires isolated test
5,Fibonacci: A Cautionary Tale,chapters/05-Dynamic-Programming.qmd,UNLABELED,MATHEMATICS DISGUISED AS CODE,YES,NO,NO,NO,NO,missing language tag,TEXT/FIGURE REVIEW,lines 79-85; execution status requires isolated test
5,Fibonacci: A Cautionary Tale,chapters/05-Dynamic-Programming.qmd,python,PYTHON,YES,YES,NO,YES,NO,NONE OBSERVED,PROGRAM CODE,lines 89-113; execution status requires isolated test
5,Fibonacci: A Cautionary Tale,chapters/05-Dynamic-Programming.qmd,python,PYTHON,YES,YES,NO,YES,NO,NONE OBSERVED,PROGRAM CODE,lines 117-125; execution status requires isolated test
5,Fibonacci: A Cautionary Tale,chapters/05-Dynamic-Programming.qmd,UNLABELED,ASCII DIAGRAM,YES,NO,NO,NO,NO,missing language tag,TEXT/FIGURE REVIEW,lines 129-143; execution status requires isolated test
5,Counting the Catastrophe,chapters/05-Dynamic-Programming.qmd,UNLABELED,UNKNOWN,YES,NO,NO,NO,NO,missing language tag,TEXT/FIGURE REVIEW,lines 160-166; execution status requires isolated test
5,Enter Dynamic Programming: Memoization,chapters/05-Dynamic-Programming.qmd,python,PYTHON,YES,YES,YES,YES,NO,max line 79 chars,PROGRAM CODE,lines 189-220; execution status requires isolated test
5,Enter Dynamic Programming: Memoization,chapters/05-Dynamic-Programming.qmd,python,PYTHON,YES,YES,NO,YES,NO,NONE OBSERVED,PROGRAM CODE,lines 230-235; execution status requires isolated test
5,Enter Dynamic Programming: Memoization,chapters/05-Dynamic-Programming.qmd,UNLABELED,ASCII DIAGRAM,YES,NO,NO,NO,NO,missing language tag,TEXT/FIGURE REVIEW,lines 239-252; execution status requires isolated test
5,The Two Fundamental Properties,chapters/05-Dynamic-Programming.qmd,UNLABELED,UNKNOWN,YES,NO,NO,NO,NO,missing language tag,TEXT/FIGURE REVIEW,lines 269-273; execution status requires isolated test
5,The Two Fundamental Properties,chapters/05-Dynamic-Programming.qmd,UNLABELED,UNKNOWN,YES,NO,NO,NO,NO,missing language tag,TEXT/FIGURE REVIEW,lines 279-286; execution status requires isolated test
5,Tabulation: The Bottom-Up Alternative,chapters/05-Dynamic-Programming.qmd,python,PYTHON,YES,YES,NO,YES,NO,NONE OBSERVED,PROGRAM CODE,lines 294-329; execution status requires isolated test
5,Tabulation: The Bottom-Up Alternative,chapters/05-Dynamic-Programming.qmd,UNLABELED,UNKNOWN,YES,NO,NO,NO,NO,missing language tag,TEXT/FIGURE REVIEW,lines 333-344; execution status requires isolated test
5,Space Optimization: Using Only What You Need,chapters/05-Dynamic-Programming.qmd,python,PYTHON,YES,YES,NO,YES,NO,NONE OBSERVED,PROGRAM CODE,lines 364-387; execution status requires isolated test
5,A Systematic Approach to DP Problems,chapters/05-Dynamic-Programming.qmd,UNLABELED,UNKNOWN,YES,NO,NO,NO,NO,missing language tag,TEXT/FIGURE REVIEW,lines 456-465; execution status requires isolated test
5,A Systematic Approach to DP Problems,chapters/05-Dynamic-Programming.qmd,UNLABELED,UNKNOWN,YES,NO,NO,NO,NO,missing language tag,TEXT/FIGURE REVIEW,lines 469-475; execution status requires isolated test
5,Step 1: Characterize the Structure of Optimal Solutions,chapters/05-Dynamic-Programming.qmd,UNLABELED,UNKNOWN,YES,NO,NO,NO,NO,missing language tag,TEXT/FIGURE REVIEW,lines 496-510; execution status requires isolated test
5,Step 2: Define the Recurrence Relation Precisely,chapters/05-Dynamic-Programming.qmd,UNLABELED,ASCII DIAGRAM,YES,NO,NO,NO,NO,missing language tag,TEXT/FIGURE REVIEW,lines 518-533; execution status requires isolated test
5,Step 3: Identify Overlapping Subproblems,chapters/05-Dynamic-Programming.qmd,UNLABELED,UNKNOWN,YES,NO,NO,NO,NO,missing language tag,TEXT/FIGURE REVIEW,lines 539-555; execution status requires isolated test
5,Step 4: Implement Bottom-Up (Tabulation),chapters/05-Dynamic-Programming.qmd,python,PYTHON,YES,YES,YES,YES,NO,max line 79 chars,PROGRAM CODE,lines 563-608; execution status requires isolated test
5,Step 4: Implement Bottom-Up (Tabulation),chapters/05-Dynamic-Programming.qmd,UNLABELED,UNKNOWN,YES,NO,NO,NO,NO,missing language tag,TEXT/FIGURE REVIEW,lines 612-625; execution status requires isolated test
5,Step 5: Extract the Solution (Which Items to Take),chapters/05-Dynamic-Programming.qmd,python,PYTHON,YES,YES,NO,YES,NO,NONE OBSERVED,PROGRAM CODE,lines 639-677; execution status requires isolated test
5,Step 5: Extract the Solution (Which Items to Take),chapters/05-Dynamic-Programming.qmd,UNLABELED,ASCII DIAGRAM,YES,NO,NO,NO,NO,missing language tag,TEXT/FIGURE REVIEW,lines 681-700; execution status requires isolated test
5,Step 6: Optimize Space (When Possible),chapters/05-Dynamic-Programming.qmd,python,PYTHON,YES,YES,NO,YES,NO,NONE OBSERVED,PROGRAM CODE,lines 706-738; execution status requires isolated test
5,Step 6: Optimize Space (When Possible),chapters/05-Dynamic-Programming.qmd,python,PYTHON,YES,YES,NO,YES,NO,NONE OBSERVED,PROGRAM CODE,lines 742-760; execution status requires isolated test
5,The Longest Common Subsequence (LCS) Problem,chapters/05-Dynamic-Programming.qmd,UNLABELED,UNKNOWN,YES,NO,NO,NO,NO,missing language tag,TEXT/FIGURE REVIEW,lines 808-814; execution status requires isolated test
5,Developing the Solution,chapters/05-Dynamic-Programming.qmd,UNLABELED,UNKNOWN,YES,NO,NO,NO,NO,missing language tag,TEXT/FIGURE REVIEW,lines 864-866; execution status requires isolated test
5,Developing the Solution,chapters/05-Dynamic-Programming.qmd,UNLABELED,MATHEMATICS DISGUISED AS CODE,YES,NO,NO,NO,NO,missing language tag,TEXT/FIGURE REVIEW,lines 874-879; execution status requires isolated test
5,Matrix Chain Implementation,chapters/05-Dynamic-Programming.qmd,python,PYTHON,YES,YES,YES,YES,NO,max line 86 chars,PROGRAM CODE,lines 889-952; execution status requires isolated test
5,Tracing Through an Example,chapters/05-Dynamic-Programming.qmd,python,PYTHON,YES,YES,NO,YES,NO,NONE OBSERVED,PROGRAM CODE,lines 956-976; execution status requires isolated test
5,1. **Interval DP**,chapters/05-Dynamic-Programming.qmd,python,PYTHON,YES,YES,NO,YES,NO,NONE OBSERVED,PROGRAM CODE,lines 1004-1039; execution status requires isolated test
5,2. **Tree DP**,chapters/05-Dynamic-Programming.qmd,python,PYTHON,YES,YES,NO,YES,NO,NONE OBSERVED,PROGRAM CODE,lines 1045-1068; execution status requires isolated test
5,3. **Digit DP**,chapters/05-Dynamic-Programming.qmd,python,PYTHON,YES,YES,NO,YES,NO,NONE OBSERVED,PROGRAM CODE,lines 1074-1107; execution status requires isolated test
5,1. **Rolling Array**,chapters/05-Dynamic-Programming.qmd,python,PYTHON,YES,YES,NO,YES,NO,NONE OBSERVED,PROGRAM CODE,lines 1115-1127; execution status requires isolated test
5,2. **State Compression**,chapters/05-Dynamic-Programming.qmd,python,PYTHON,YES,YES,NO,YES,NO,NONE OBSERVED,PROGRAM CODE,lines 1133-1172; execution status requires isolated test
5,3. **Divide and Conquer Optimization**,chapters/05-Dynamic-Programming.qmd,python,PYTHON,YES,YES,NO,YES,NO,NONE OBSERVED,PROGRAM CODE,lines 1178-1186; execution status requires isolated test
5,Project Structure,chapters/05-Dynamic-Programming.qmd,UNLABELED,ASCII DIAGRAM,YES,NO,NO,NO,NO,missing language tag,TEXT/FIGURE REVIEW,lines 1217-1247; execution status requires isolated test
5,Core Implementation: DP Base Class,chapters/05-Dynamic-Programming.qmd,python,PYTHON,YES,YES,YES,YES,NO,max line 94 chars,PROGRAM CODE,lines 1251-1406; execution status requires isolated test
5,Example: Knapsack Implementation,chapters/05-Dynamic-Programming.qmd,python,PYTHON,YES,YES,YES,YES,NO,max line 89 chars,PROGRAM CODE,lines 1410-1497; execution status requires isolated test
5,Visualization Component,chapters/05-Dynamic-Programming.qmd,python,PYTHON,YES,YES,YES,YES,NO,max line 84 chars,PROGRAM CODE,lines 1501-1594; execution status requires isolated test
5,Real-World Example: DNA Alignment Tool,chapters/05-Dynamic-Programming.qmd,python,PYTHON,YES,YES,YES,YES,NO,max line 88 chars,PROGRAM CODE,lines 1598-1697; execution status requires isolated test
5,Testing Suite,chapters/05-Dynamic-Programming.qmd,python,PYTHON,YES,YES,YES,YES,NO,max line 81 chars,PROGRAM CODE,lines 1701-1808; execution status requires isolated test
5,Programming Problems,chapters/05-Dynamic-Programming.qmd,python,PYTHON,YES,YES,NO,YES,NO,NONE OBSERVED,PROGRAM CODE,lines 1826-1838; execution status requires isolated test
5,Programming Problems,chapters/05-Dynamic-Programming.qmd,python,PYTHON,YES,YES,NO,YES,NO,NONE OBSERVED,PROGRAM CODE,lines 1842-1854; execution status requires isolated test
5,Programming Problems,chapters/05-Dynamic-Programming.qmd,python,PYTHON,YES,YES,NO,YES,NO,NONE OBSERVED,PROGRAM CODE,lines 1858-1870; execution status requires isolated test
5,Implementation Challenges,chapters/05-Dynamic-Programming.qmd,python,PYTHON,YES,YES,NO,YES,NO,NONE OBSERVED,PROGRAM CODE,lines 1876-1888; execution status requires isolated test
5,Implementation Challenges,chapters/05-Dynamic-Programming.qmd,python,PYTHON,YES,YES,NO,YES,NO,NONE OBSERVED,PROGRAM CODE,lines 1892-1900; execution status requires isolated test
5,Implementation Challenges,chapters/05-Dynamic-Programming.qmd,python,PYTHON,YES,YES,NO,YES,NO,NONE OBSERVED,PROGRAM CODE,lines 1904-1915; execution status requires isolated test
6,The Implementation,chapters/06-Randomized-Algorithms.qmd,python,PYTHON,YES,YES,NO,YES,NO,NONE OBSERVED,PROGRAM CODE,lines 232-253; execution status requires isolated test
6,How Miller-Rabin Works (Intuitive Explanation),chapters/06-Randomized-Algorithms.qmd,python,PYTHON,YES,YES,NO,YES,NO,NONE OBSERVED,PROGRAM CODE,lines 312-367; execution status requires isolated test
6,The Birthday Paradox: When Intuition Fails,chapters/06-Randomized-Algorithms.qmd,python,PYTHON,YES,YES,NO,YES,NO,NONE OBSERVED,PROGRAM CODE,lines 417-451; execution status requires isolated test
6,Amplification: Making Algorithms More Reliable,chapters/06-Randomized-Algorithms.qmd,python,PYTHON,YES,YES,YES,YES,NO,max line 78 chars,PROGRAM CODE,lines 470-499; execution status requires isolated test
6,The Implementation,chapters/06-Randomized-Algorithms.qmd,python,PYTHON,YES,YES,NO,YES,NO,NONE OBSERVED,PROGRAM CODE,lines 560-597; execution status requires isolated test
6,The Carter-Wegman Construction,chapters/06-Randomized-Algorithms.qmd,UNLABELED,UNKNOWN,YES,NO,NO,NO,NO,missing language tag,TEXT/FIGURE REVIEW,lines 664-666; execution status requires isolated test
6,The Carter-Wegman Construction,chapters/06-Randomized-Algorithms.qmd,python,PYTHON,YES,YES,YES,YES,NO,max line 107 chars,PROGRAM CODE,lines 676-774; execution status requires isolated test
6,Understanding Bloom Filter Parameters,chapters/06-Randomized-Algorithms.qmd,python,PYTHON,YES,YES,YES,YES,NO,max line 82 chars,PROGRAM CODE,lines 824-960; execution status requires isolated test
6,Why It Works (Intuitive Explanation),chapters/06-Randomized-Algorithms.qmd,python,PYTHON,YES,YES,YES,YES,NO,max line 92 chars,PROGRAM CODE,lines 1009-1097; execution status requires isolated test
6,The Solution: Count-Min Sketch,chapters/06-Randomized-Algorithms.qmd,python,PYTHON,YES,YES,YES,YES,NO,max line 83 chars,PROGRAM CODE,lines 1119-1217; execution status requires isolated test
6,Expected Value: The Average Case,chapters/06-Randomized-Algorithms.qmd,UNLABELED,UNKNOWN,YES,NO,NO,NO,NO,missing language tag,TEXT/FIGURE REVIEW,lines 1258-1264; execution status requires isolated test
6,Chernoff Bounds: Much Stronger Guarantees,chapters/06-Randomized-Algorithms.qmd,python,PYTHON,YES,YES,YES,YES,NO,max line 106 chars,PROGRAM CODE,lines 1307-1416; execution status requires isolated test
6,The Elegant Randomized Solution,chapters/06-Randomized-Algorithms.qmd,python,PYTHON,YES,YES,YES,YES,NO,max line 89 chars,PROGRAM CODE,lines 1452-1584; execution status requires isolated test
6,Estimating π with Random Points,chapters/06-Randomized-Algorithms.qmd,python,PYTHON,YES,YES,NO,YES,NO,NONE OBSERVED,PROGRAM CODE,lines 1608-1665; execution status requires isolated test
6,The Problem,chapters/06-Randomized-Algorithms.qmd,python,PYTHON,YES,YES,YES,YES,NO,max line 99 chars,PROGRAM CODE,lines 1689-1742; execution status requires isolated test
6,A/B Testing with Statistical Significance,chapters/06-Randomized-Algorithms.qmd,python,PYTHON,YES,YES,YES,YES,NO,max line 95 chars,PROGRAM CODE,lines 1748-1848; execution status requires isolated test
7,"Visualizing P, NP, and Beyond",chapters/07-Computational-Complexity.qmd,UNLABELED,ASCII DIAGRAM,YES,NO,NO,NO,NO,missing language tag,TEXT/FIGURE REVIEW,lines 208-224; execution status requires isolated test
7,Boolean Satisfiability (SAT),chapters/07-Computational-Complexity.qmd,UNLABELED,UNKNOWN,YES,NO,NO,NO,NO,missing language tag,TEXT/FIGURE REVIEW,lines 302-314; execution status requires isolated test
7,The Knapsack Problem (Decision Version),chapters/07-Computational-Complexity.qmd,UNLABELED,UNKNOWN,YES,NO,NO,NO,NO,missing language tag,TEXT/FIGURE REVIEW,lines 354-365; execution status requires isolated test
7,3-SAT: The Special Case,chapters/07-Computational-Complexity.qmd,UNLABELED,UNKNOWN,YES,NO,NO,NO,NO,missing language tag,TEXT/FIGURE REVIEW,lines 393-397; execution status requires isolated test
7,The Clique Problem,chapters/07-Computational-Complexity.qmd,UNLABELED,UNKNOWN,YES,NO,NO,NO,NO,missing language tag,TEXT/FIGURE REVIEW,lines 411-416; execution status requires isolated test
7,Step 1: Show Vertex Cover is in NP,chapters/07-Computational-Complexity.qmd,python,PYTHON,YES,YES,NO,YES,NO,NONE OBSERVED,PROGRAM CODE,lines 441-453; execution status requires isolated test
7,Step 3: Construct the Reduction,chapters/07-Computational-Complexity.qmd,UNLABELED,UNKNOWN,YES,NO,NO,NO,NO,missing language tag,TEXT/FIGURE REVIEW,lines 466-474; execution status requires isolated test
7,Step 3: Construct the Reduction,chapters/07-Computational-Complexity.qmd,UNLABELED,UNKNOWN,YES,NO,NO,NO,NO,missing language tag,TEXT/FIGURE REVIEW,lines 477-481; execution status requires isolated test
7,Example: 2-Approximation for Vertex Cover,chapters/07-Computational-Complexity.qmd,python,PYTHON,YES,YES,NO,YES,NO,NONE OBSERVED,PROGRAM CODE,lines 514-536; execution status requires isolated test
7,Example: SAT Solvers,chapters/07-Computational-Complexity.qmd,python,PYTHON,YES,YES,NO,YES,NO,NONE OBSERVED,PROGRAM CODE,lines 571-606; execution status requires isolated test
7,Strategy 5: Randomization,chapters/07-Computational-Complexity.qmd,python,PYTHON,YES,YES,NO,YES,NO,NONE OBSERVED,PROGRAM CODE,lines 616-639; execution status requires isolated test
7,The Complexity Hierarchy,chapters/07-Computational-Complexity.qmd,UNLABELED,ASCII DIAGRAM,YES,NO,NO,NO,NO,missing language tag,TEXT/FIGURE REVIEW,lines 744-760; execution status requires isolated test
7,Implementation Exercises,chapters/07-Computational-Complexity.qmd,python,PYTHON,YES,YES,NO,YES,NO,NONE OBSERVED,PROGRAM CODE,lines 863-884; execution status requires isolated test
7,Implementation Exercises,chapters/07-Computational-Complexity.qmd,python,PYTHON,YES,YES,NO,YES,NO,NONE OBSERVED,PROGRAM CODE,lines 889-907; execution status requires isolated test
7,Implementation Exercises,chapters/07-Computational-Complexity.qmd,python,PYTHON,YES,YES,YES,YES,NO,max line 83 chars,PROGRAM CODE,lines 912-920; execution status requires isolated test
8,The Lemonade Stand Location Problem,chapters/08-Approximation-Algorithms.qmd,python,PYTHON,YES,YES,NO,YES,NO,NONE OBSERVED,PROGRAM CODE,lines 85-115; execution status requires isolated test
8,The Naive Approach,chapters/08-Approximation-Algorithms.qmd,python,PYTHON,YES,YES,YES,YES,NO,max line 77 chars,PROGRAM CODE,lines 207-226; execution status requires isolated test
8,The Greedy 2-Approximation,chapters/08-Approximation-Algorithms.qmd,python,PYTHON,YES,YES,NO,YES,NO,NONE OBSERVED,PROGRAM CODE,lines 234-275; execution status requires isolated test
8,Why This is a 2-Approximation,chapters/08-Approximation-Algorithms.qmd,UNLABELED,MATHEMATICS DISGUISED AS CODE,YES,NO,NO,NO,NO,missing language tag,TEXT/FIGURE REVIEW,lines 294-299; execution status requires isolated test
8,An Improved Algorithm: Maximum Matching,chapters/08-Approximation-Algorithms.qmd,python,PYTHON,YES,YES,NO,YES,NO,NONE OBSERVED,PROGRAM CODE,lines 303-322; execution status requires isolated test
8,Can We Do Better Than 2?,chapters/08-Approximation-Algorithms.qmd,python,PYTHON,YES,YES,NO,YES,NO,NONE OBSERVED,PROGRAM CODE,lines 330-362; execution status requires isolated test
8,The 2-Approximation Algorithm,chapters/08-Approximation-Algorithms.qmd,python,PYTHON,YES,YES,NO,YES,NO,NONE OBSERVED,PROGRAM CODE,lines 383-466; execution status requires isolated test
8,Christofides Algorithm: 1.5-Approximation,chapters/08-Approximation-Algorithms.qmd,python,PYTHON,YES,YES,YES,YES,NO,max line 81 chars,PROGRAM CODE,lines 492-597; execution status requires isolated test
8,The Greedy Algorithm,chapters/08-Approximation-Algorithms.qmd,python,PYTHON,YES,YES,NO,YES,NO,NONE OBSERVED,PROGRAM CODE,lines 621-668; execution status requires isolated test
8,The Weighted Version,chapters/08-Approximation-Algorithms.qmd,python,PYTHON,YES,YES,NO,YES,NO,NONE OBSERVED,PROGRAM CODE,lines 690-729; execution status requires isolated test
8,MAX-CUT: A Simple Randomized Algorithm,chapters/08-Approximation-Algorithms.qmd,python,PYTHON,YES,YES,NO,YES,NO,NONE OBSERVED,PROGRAM CODE,lines 756-826; execution status requires isolated test
8,MAX-SAT: Randomized Rounding,chapters/08-Approximation-Algorithms.qmd,python,PYTHON,YES,YES,NO,YES,NO,NONE OBSERVED,PROGRAM CODE,lines 838-894; execution status requires isolated test
8,The Method of Conditional Expectations,chapters/08-Approximation-Algorithms.qmd,python,PYTHON,YES,YES,NO,YES,NO,NONE OBSERVED,PROGRAM CODE,lines 905-943; execution status requires isolated test
8,Vertex Cover via LP Relaxation,chapters/08-Approximation-Algorithms.qmd,python,PYTHON,YES,YES,NO,YES,NO,NONE OBSERVED,PROGRAM CODE,lines 955-1015; execution status requires isolated test
8,Set Cover via LP Relaxation,chapters/08-Approximation-Algorithms.qmd,python,PYTHON,YES,YES,NO,YES,NO,NONE OBSERVED,PROGRAM CODE,lines 1019-1064; execution status requires isolated test
8,The Integrality Gap,chapters/08-Approximation-Algorithms.qmd,UNLABELED,UNKNOWN,YES,NO,NO,NO,NO,missing language tag,TEXT/FIGURE REVIEW,lines 1070-1072; execution status requires isolated test
8,Knapsack: A Classic FPTAS,chapters/08-Approximation-Algorithms.qmd,python,PYTHON,YES,YES,YES,YES,NO,max line 77 chars,PROGRAM CODE,lines 1091-1157; execution status requires isolated test
8,Euclidean TSP: A PTAS,chapters/08-Approximation-Algorithms.qmd,python,PYTHON,YES,YES,NO,YES,NO,NONE OBSERVED,PROGRAM CODE,lines 1168-1213; execution status requires isolated test
8,Inapproximability Results,chapters/08-Approximation-Algorithms.qmd,python,PYTHON,YES,YES,NO,YES,NO,NONE OBSERVED,PROGRAM CODE,lines 1237-1286; execution status requires isolated test
8,The PCP Theorem,chapters/08-Approximation-Algorithms.qmd,python,PYTHON,YES,YES,NO,YES,NO,NONE OBSERVED,PROGRAM CODE,lines 1292-1315; execution status requires isolated test
8,APX-Completeness,chapters/08-Approximation-Algorithms.qmd,python,PYTHON,YES,YES,NO,YES,NO,NONE OBSERVED,PROGRAM CODE,lines 1321-1352; execution status requires isolated test
8,A Complete Approximation Algorithm Toolkit,chapters/08-Approximation-Algorithms.qmd,python,PYTHON,YES,YES,NO,YES,NO,NONE OBSERVED,PROGRAM CODE,lines 1360-1453; execution status requires isolated test
8,Implementation Problems,chapters/08-Approximation-Algorithms.qmd,python,PYTHON,YES,YES,NO,YES,NO,NONE OBSERVED,PROGRAM CODE,lines 1487-1506; execution status requires isolated test
8,Implementation Problems,chapters/08-Approximation-Algorithms.qmd,python,PYTHON,YES,YES,NO,YES,NO,NONE OBSERVED,PROGRAM CODE,lines 1509-1524; execution status requires isolated test
9,9.2.3 A Simple Example,chapters/09-Advanced-Graph-Algorithms.qmd,UNLABELED,ASCII DIAGRAM,YES,NO,NO,NO,NO,missing language tag,TEXT/FIGURE REVIEW,lines 71-81; execution status requires isolated test
9,9.2.4 The Genius Idea: The Residual Network,chapters/09-Advanced-Graph-Algorithms.qmd,UNLABELED,ASCII DIAGRAM,YES,NO,NO,NO,NO,missing language tag,TEXT/FIGURE REVIEW,lines 117-123; execution status requires isolated test
9,9.3.1 What's a Cut?,chapters/09-Advanced-Graph-Algorithms.qmd,UNLABELED,ASCII DIAGRAM,YES,NO,NO,NO,NO,missing language tag,TEXT/FIGURE REVIEW,lines 135-146; execution status requires isolated test
9,9.4.1 The Basic Idea,chapters/09-Advanced-Graph-Algorithms.qmd,UNLABELED,PSEUDOCODE,YES,NO,NO,NO,NO,missing language tag,ALGORITHM,lines 189-198; execution status requires isolated test
9,9.4.2 Let's Trace Through an Example Step by Step,chapters/09-Advanced-Graph-Algorithms.qmd,UNLABELED,ASCII DIAGRAM,YES,NO,NO,NO,NO,missing language tag,TEXT/FIGURE REVIEW,lines 206-216; execution status requires isolated test
9,9.4.3 Edmonds-Karp: Making It Actually Fast,chapters/09-Advanced-Graph-Algorithms.qmd,python,PYTHON,YES,YES,NO,YES,NO,NONE OBSERVED,PROGRAM CODE,lines 275-460; execution status requires isolated test
9,9.5.3 The Algorithm,chapters/09-Advanced-Graph-Algorithms.qmd,UNLABELED,PSEUDOCODE,YES,NO,NO,NO,NO,missing language tag,ALGORITHM,lines 504-523; execution status requires isolated test
9,9.5.3 The Algorithm,chapters/09-Advanced-Graph-Algorithms.qmd,UNLABELED,UNKNOWN,YES,NO,NO,NO,NO,missing language tag,TEXT/FIGURE REVIEW,lines 526-531; execution status requires isolated test
9,9.5.3 The Algorithm,chapters/09-Advanced-Graph-Algorithms.qmd,UNLABELED,UNKNOWN,YES,NO,NO,NO,NO,missing language tag,TEXT/FIGURE REVIEW,lines 534-536; execution status requires isolated test
9,9.5.4 Why Does This Work?,chapters/09-Advanced-Graph-Algorithms.qmd,python,PYTHON,YES,YES,YES,YES,NO,max line 87 chars,PROGRAM CODE,lines 553-690; execution status requires isolated test
9,9.6.2 The Flow Network Trick,chapters/09-Advanced-Graph-Algorithms.qmd,UNLABELED,ASCII DIAGRAM,YES,NO,NO,NO,NO,missing language tag,TEXT/FIGURE REVIEW,lines 736-745; execution status requires isolated test
9,9.6.3 Implementation,chapters/09-Advanced-Graph-Algorithms.qmd,python,PYTHON,YES,YES,NO,YES,NO,NONE OBSERVED,PROGRAM CODE,lines 758-863; execution status requires isolated test
9,9.6.4 Hall's Marriage Theorem,chapters/09-Advanced-Graph-Algorithms.qmd,UNLABELED,ASCII DIAGRAM,YES,NO,NO,NO,NO,missing language tag,TEXT/FIGURE REVIEW,lines 878-882; execution status requires isolated test
9,9.7.2 The Setup,chapters/09-Advanced-Graph-Algorithms.qmd,UNLABELED,UNKNOWN,YES,NO,NO,NO,NO,missing language tag,TEXT/FIGURE REVIEW,lines 911-913; execution status requires isolated test
9,9.7.3 Successive Shortest Paths Algorithm,chapters/09-Advanced-Graph-Algorithms.qmd,UNLABELED,PSEUDOCODE,YES,NO,NO,NO,NO,missing language tag,ALGORITHM,lines 919-929; execution status requires isolated test
9,9.7.4 Implementation,chapters/09-Advanced-Graph-Algorithms.qmd,python,PYTHON,YES,YES,YES,YES,NO,max line 99 chars,PROGRAM CODE,lines 939-1089; execution status requires isolated test
9,9.7.5 Cycle-Canceling Algorithm,chapters/09-Advanced-Graph-Algorithms.qmd,UNLABELED,UNKNOWN,YES,NO,NO,NO,NO,missing language tag,TEXT/FIGURE REVIEW,lines 1095-1100; execution status requires isolated test
9,9.9.2 Architecture,chapters/09-Advanced-Graph-Algorithms.qmd,UNLABELED,ASCII DIAGRAM,YES,NO,NO,NO,NO,missing language tag,TEXT/FIGURE REVIEW,lines 1188-1206; execution status requires isolated test
9,9.9.3 Core Network Class,chapters/09-Advanced-Graph-Algorithms.qmd,python,PYTHON,YES,YES,YES,YES,NO,max line 106 chars,PROGRAM CODE,lines 1210-1344; execution status requires isolated test
9,9.9.4 Algorithm Interface,chapters/09-Advanced-Graph-Algorithms.qmd,python,PYTHON,YES,YES,YES,YES,NO,max line 95 chars,PROGRAM CODE,lines 1348-1376; execution status requires isolated test
9,9.9.5 Application: Matching Solver,chapters/09-Advanced-Graph-Algorithms.qmd,python,PYTHON,YES,YES,YES,YES,NO,max line 90 chars,PROGRAM CODE,lines 1380-1497; execution status requires isolated test
9,9.9.6 Visualization Module,chapters/09-Advanced-Graph-Algorithms.qmd,python,PYTHON,YES,YES,YES,YES,NO,max line 95 chars,PROGRAM CODE,lines 1501-1613; execution status requires isolated test
9,9.9.7 Command-Line Interface,chapters/09-Advanced-Graph-Algorithms.qmd,python,PYTHON,YES,YES,YES,YES,NO,max line 87 chars,PROGRAM CODE,lines 1617-1702; execution status requires isolated test
9,9.9.8 Testing Suite,chapters/09-Advanced-Graph-Algorithms.qmd,python,PYTHON,YES,YES,NO,YES,NO,NONE OBSERVED,PROGRAM CODE,lines 1706-1783; execution status requires isolated test
10,10.2.1 The Setup,chapters/10-String-Processing-Algorithms.qmd,UNLABELED,UNKNOWN,YES,NO,NO,NO,NO,missing language tag,TEXT/FIGURE REVIEW,lines 42-50; execution status requires isolated test
10,10.2.2 The Naive Approach,chapters/10-String-Processing-Algorithms.qmd,python,PYTHON,YES,YES,NO,YES,NO,NONE OBSERVED,PROGRAM CODE,lines 56-76; execution status requires isolated test
10,10.2.2 The Naive Approach,chapters/10-String-Processing-Algorithms.qmd,python,PYTHON,YES,YES,NO,YES,NO,NONE OBSERVED,PROGRAM CODE,lines 84-91; execution status requires isolated test
10,10.3.1 The Big Idea,chapters/10-String-Processing-Algorithms.qmd,UNLABELED,UNKNOWN,YES,NO,YES,NO,NO,missing language tag; max line 89 chars,TEXT/FIGURE REVIEW,lines 111-128; execution status requires isolated test
10,10.3.2 The Failure Function (Longest Proper Prefix-Suffix),chapters/10-String-Processing-Algorithms.qmd,UNLABELED,UNKNOWN,YES,NO,NO,NO,NO,missing language tag,TEXT/FIGURE REVIEW,lines 142-152; execution status requires isolated test
10,10.3.2 The Failure Function (Longest Proper Prefix-Suffix),chapters/10-String-Processing-Algorithms.qmd,UNLABELED,UNKNOWN,YES,NO,NO,NO,NO,missing language tag,TEXT/FIGURE REVIEW,lines 156-167; execution status requires isolated test
10,10.3.3 Computing the Failure Function,chapters/10-String-Processing-Algorithms.qmd,python,PYTHON,YES,YES,NO,YES,NO,NONE OBSERVED,PROGRAM CODE,lines 173-206; execution status requires isolated test
10,10.3.3 Computing the Failure Function,chapters/10-String-Processing-Algorithms.qmd,UNLABELED,ASCII DIAGRAM,YES,NO,NO,NO,NO,missing language tag,TEXT/FIGURE REVIEW,lines 210-233; execution status requires isolated test
10,10.3.4 The KMP Search Algorithm,chapters/10-String-Processing-Algorithms.qmd,python,PYTHON,YES,YES,NO,YES,NO,NONE OBSERVED,PROGRAM CODE,lines 241-283; execution status requires isolated test
10,10.3.5 Complete KMP Example Trace,chapters/10-String-Processing-Algorithms.qmd,UNLABELED,UNKNOWN,YES,NO,NO,NO,NO,missing language tag,TEXT/FIGURE REVIEW,lines 289-332; execution status requires isolated test
10,10.3.6 Full Implementation with Examples,chapters/10-String-Processing-Algorithms.qmd,python,PYTHON,YES,YES,YES,YES,NO,max line 79 chars,PROGRAM CODE,lines 341-522; execution status requires isolated test
10,10.4.2 Rolling Hash Function,chapters/10-String-Processing-Algorithms.qmd,UNLABELED,UNKNOWN,YES,NO,NO,NO,NO,missing language tag,TEXT/FIGURE REVIEW,lines 545-551; execution status requires isolated test
10,10.4.2 Rolling Hash Function,chapters/10-String-Processing-Algorithms.qmd,UNLABELED,PSEUDOCODE,YES,NO,NO,NO,NO,missing language tag,ALGORITHM,lines 554-560; execution status requires isolated test
10,10.4.2 Rolling Hash Function,chapters/10-String-Processing-Algorithms.qmd,UNLABELED,UNKNOWN,YES,NO,NO,NO,NO,missing language tag,TEXT/FIGURE REVIEW,lines 563-565; execution status requires isolated test
10,10.4.3 Dealing with Large Numbers,chapters/10-String-Processing-Algorithms.qmd,UNLABELED,UNKNOWN,YES,NO,NO,NO,NO,missing language tag,TEXT/FIGURE REVIEW,lines 571-573; execution status requires isolated test
10,10.4.4 Implementation,chapters/10-String-Processing-Algorithms.qmd,python,PYTHON,YES,YES,YES,YES,NO,max line 83 chars,PROGRAM CODE,lines 581-814; execution status requires isolated test
10,10.5.1 What's a Suffix?,chapters/10-String-Processing-Algorithms.qmd,UNLABELED,UNKNOWN,YES,NO,NO,NO,NO,missing language tag,TEXT/FIGURE REVIEW,lines 841-851; execution status requires isolated test
10,10.5.2 The Suffix Array,chapters/10-String-Processing-Algorithms.qmd,UNLABELED,ASCII DIAGRAM,YES,NO,NO,NO,YES,missing language tag,TEXT/FIGURE REVIEW,lines 857-870; execution status requires isolated test
10,10.5.3 Building a Suffix Array (Naive),chapters/10-String-Processing-Algorithms.qmd,python,PYTHON,YES,YES,NO,YES,NO,NONE OBSERVED,PROGRAM CODE,lines 884-902; execution status requires isolated test
10,10.5.4 Building a Suffix Array Efficiently,chapters/10-String-Processing-Algorithms.qmd,python,PYTHON,YES,YES,YES,YES,NO,max line 78 chars,PROGRAM CODE,lines 912-1155; execution status requires isolated test
10,10.5.5 Applications of Suffix Arrays,chapters/10-String-Processing-Algorithms.qmd,python,PYTHON,YES,YES,NO,YES,NO,NONE OBSERVED,PROGRAM CODE,lines 1160-1166; execution status requires isolated test
10,10.5.5 Applications of Suffix Arrays,chapters/10-String-Processing-Algorithms.qmd,python,PYTHON,YES,YES,NO,YES,NO,NONE OBSERVED,PROGRAM CODE,lines 1169-1189; execution status requires isolated test
10,10.6.1 What's a Suffix Tree?,chapters/10-String-Processing-Algorithms.qmd,UNLABELED,UNKNOWN,YES,NO,NO,NO,NO,missing language tag,TEXT/FIGURE REVIEW,lines 1205-1215; execution status requires isolated test
10,10.7.1 DNA Sequence Matching,chapters/10-String-Processing-Algorithms.qmd,python,PYTHON,YES,YES,YES,YES,NO,max line 86 chars,PROGRAM CODE,lines 1242-1264; execution status requires isolated test
10,10.7.1 DNA Sequence Matching,chapters/10-String-Processing-Algorithms.qmd,python,PYTHON,YES,YES,NO,YES,NO,NONE OBSERVED,PROGRAM CODE,lines 1267-1276; execution status requires isolated test
10,10.7.2 Read Alignment,chapters/10-String-Processing-Algorithms.qmd,python,PYTHON,YES,YES,YES,YES,NO,max line 86 chars,PROGRAM CODE,lines 1282-1313; execution status requires isolated test
10,10.7.3 Detecting Tandem Repeats,chapters/10-String-Processing-Algorithms.qmd,python,PYTHON,YES,YES,NO,YES,NO,NONE OBSERVED,PROGRAM CODE,lines 1319-1349; execution status requires isolated test
10,10.8.1 Project Structure,chapters/10-String-Processing-Algorithms.qmd,UNLABELED,ASCII DIAGRAM,YES,NO,NO,NO,NO,missing language tag,TEXT/FIGURE REVIEW,lines 1357-1395; execution status requires isolated test
10,10.8.2 Core Library Implementation,chapters/10-String-Processing-Algorithms.qmd,python,PYTHON,YES,YES,NO,YES,NO,NONE OBSERVED,PROGRAM CODE,lines 1399-1424; execution status requires isolated test
10,10.8.2 Core Library Implementation,chapters/10-String-Processing-Algorithms.qmd,python,PYTHON,YES,YES,YES,YES,NO,max line 134 chars,PROGRAM CODE,lines 1426-1690; execution status requires isolated test
10,10.8.3 Text Compression Application,chapters/10-String-Processing-Algorithms.qmd,python,PYTHON,YES,YES,YES,YES,NO,max line 77 chars,PROGRAM CODE,lines 1694-1858; execution status requires isolated test
10,10.8.4 Command-Line Tool,chapters/10-String-Processing-Algorithms.qmd,python,PYTHON,YES,YES,YES,YES,NO,max line 82 chars,PROGRAM CODE,lines 1862-2005; execution status requires isolated test
11,11.2.1 The Big Idea,chapters/11-Numerical-Algorithms.qmd,UNLABELED,UNKNOWN,YES,NO,NO,NO,NO,missing language tag,TEXT/FIGURE REVIEW,lines 46-50; execution status requires isolated test
11,11.2.2 The Mathematical Foundation,chapters/11-Numerical-Algorithms.qmd,UNLABELED,UNKNOWN,YES,NO,NO,NO,NO,missing language tag,TEXT/FIGURE REVIEW,lines 64-72; execution status requires isolated test
11,11.2.3 The Naive DFT: O(N²),chapters/11-Numerical-Algorithms.qmd,python,PYTHON,YES,YES,NO,YES,NO,NONE OBSERVED,PROGRAM CODE,lines 82-99; execution status requires isolated test
11,11.3.1 The Key Insight,chapters/11-Numerical-Algorithms.qmd,UNLABELED,UNKNOWN,YES,NO,NO,NO,NO,missing language tag,TEXT/FIGURE REVIEW,lines 113-125; execution status requires isolated test
11,11.3.2 The Recursive Algorithm,chapters/11-Numerical-Algorithms.qmd,UNLABELED,MATHEMATICS DISGUISED AS CODE,YES,NO,NO,NO,NO,missing language tag,TEXT/FIGURE REVIEW,lines 138-141; execution status requires isolated test
11,11.3.3 Implementation: Recursive FFT,chapters/11-Numerical-Algorithms.qmd,python,PYTHON,YES,YES,NO,YES,NO,NONE OBSERVED,PROGRAM CODE,lines 152-195; execution status requires isolated test
11,11.3.3 Implementation: Recursive FFT,chapters/11-Numerical-Algorithms.qmd,python,PYTHON,YES,YES,NO,YES,NO,NONE OBSERVED,PROGRAM CODE,lines 199-227; execution status requires isolated test
11,11.3.4 Iterative FFT (Cooley-Tukey),chapters/11-Numerical-Algorithms.qmd,python,PYTHON,YES,YES,NO,YES,NO,NONE OBSERVED,PROGRAM CODE,lines 233-286; execution status requires isolated test
11,11.3.4 Iterative FFT (Cooley-Tukey),chapters/11-Numerical-Algorithms.qmd,UNLABELED,UNKNOWN,YES,NO,NO,NO,NO,missing language tag,TEXT/FIGURE REVIEW,lines 290-295; execution status requires isolated test
11,11.3.5 Complete FFT Implementation,chapters/11-Numerical-Algorithms.qmd,python,PYTHON,YES,YES,YES,YES,NO,max line 87 chars,PROGRAM CODE,lines 301-542; execution status requires isolated test
11,11.4.1 The Problem,chapters/11-Numerical-Algorithms.qmd,UNLABELED,UNKNOWN,YES,NO,NO,NO,NO,missing language tag,TEXT/FIGURE REVIEW,lines 549-552; execution status requires isolated test
11,11.4.1 The Problem,chapters/11-Numerical-Algorithms.qmd,python,PYTHON,YES,YES,NO,YES,NO,NONE OBSERVED,PROGRAM CODE,lines 558-573; execution status requires isolated test
11,11.4.1 The Problem,chapters/11-Numerical-Algorithms.qmd,UNLABELED,ASCII DIAGRAM,YES,NO,NO,NO,NO,missing language tag,TEXT/FIGURE REVIEW,lines 576-583; execution status requires isolated test
11,11.4.2 The FFT Trick,chapters/11-Numerical-Algorithms.qmd,UNLABELED,UNKNOWN,YES,NO,NO,NO,NO,missing language tag,TEXT/FIGURE REVIEW,lines 589-595; execution status requires isolated test
11,11.4.2 The FFT Trick,chapters/11-Numerical-Algorithms.qmd,UNLABELED,UNKNOWN,YES,NO,NO,NO,NO,missing language tag,TEXT/FIGURE REVIEW,lines 601-603; execution status requires isolated test
11,11.4.3 Implementation,chapters/11-Numerical-Algorithms.qmd,python,PYTHON,YES,YES,YES,YES,NO,max line 87 chars,PROGRAM CODE,lines 613-708; execution status requires isolated test
11,11.4.4 Application: Big Integer Multiplication,chapters/11-Numerical-Algorithms.qmd,python,PYTHON,YES,YES,NO,YES,NO,NONE OBSERVED,PROGRAM CODE,lines 714-767; execution status requires isolated test
11,11.5.2 Matrix Multiplication: The Naive Way,chapters/11-Numerical-Algorithms.qmd,python,PYTHON,YES,YES,NO,YES,NO,NONE OBSERVED,PROGRAM CODE,lines 792-810; execution status requires isolated test
11,11.5.3 Strassen's Algorithm: O(n^2.807),chapters/11-Numerical-Algorithms.qmd,UNLABELED,UNKNOWN,YES,NO,NO,NO,NO,missing language tag,TEXT/FIGURE REVIEW,lines 823-826; execution status requires isolated test
11,11.5.3 Strassen's Algorithm: O(n^2.807),chapters/11-Numerical-Algorithms.qmd,UNLABELED,UNKNOWN,YES,NO,NO,NO,NO,missing language tag,TEXT/FIGURE REVIEW,lines 829-843; execution status requires isolated test
11,11.5.3 Strassen's Algorithm: O(n^2.807),chapters/11-Numerical-Algorithms.qmd,python,PYTHON,YES,YES,NO,YES,NO,NONE OBSERVED,PROGRAM CODE,lines 847-897; execution status requires isolated test
11,11.5.4 Cache-Efficient Matrix Multiplication,chapters/11-Numerical-Algorithms.qmd,python,PYTHON,YES,YES,NO,YES,NO,NONE OBSERVED,PROGRAM CODE,lines 915-945; execution status requires isolated test
11,11.5.5 Matrix Operations Library,chapters/11-Numerical-Algorithms.qmd,python,PYTHON,YES,YES,YES,YES,NO,max line 99 chars,PROGRAM CODE,lines 956-1179; execution status requires isolated test
11,11.6.1 The Floating-Point Problem,chapters/11-Numerical-Algorithms.qmd,python,PYTHON,YES,YES,NO,YES,NO,NONE OBSERVED,PROGRAM CODE,lines 1187-1213; execution status requires isolated test
11,11.6.2 Condition Numbers,chapters/11-Numerical-Algorithms.qmd,UNLABELED,PSEUDOCODE,YES,NO,NO,NO,NO,missing language tag,ALGORITHM,lines 1220-1225; execution status requires isolated test
11,11.6.2 Condition Numbers,chapters/11-Numerical-Algorithms.qmd,python,PYTHON,YES,YES,NO,YES,NO,NONE OBSERVED,PROGRAM CODE,lines 1227-1273; execution status requires isolated test
11,11.6.3 Numerically Stable Algorithms,chapters/11-Numerical-Algorithms.qmd,python,PYTHON,YES,YES,NO,YES,NO,NONE OBSERVED,PROGRAM CODE,lines 1279-1333; execution status requires isolated test
11,11.6.4 Best Practices for Numerical Computing,chapters/11-Numerical-Algorithms.qmd,python,PYTHON,YES,YES,YES,YES,NO,max line 87 chars,PROGRAM CODE,lines 1337-1444; execution status requires isolated test
11,11.7.1 Audio Processing,chapters/11-Numerical-Algorithms.qmd,python,PYTHON,YES,YES,YES,YES,NO,max line 88 chars,PROGRAM CODE,lines 1450-1689; execution status requires isolated test
11,11.7.2 Image Processing with FFT,chapters/11-Numerical-Algorithms.qmd,python,PYTHON,YES,YES,NO,YES,NO,NONE OBSERVED,PROGRAM CODE,lines 1693-1834; execution status requires isolated test
11,11.8.1 Project Structure,chapters/11-Numerical-Algorithms.qmd,UNLABELED,ASCII DIAGRAM,YES,NO,NO,NO,NO,missing language tag,TEXT/FIGURE REVIEW,lines 1842-1868; execution status requires isolated test
11,11.8.2 Core FFT Module,chapters/11-Numerical-Algorithms.qmd,python,PYTHON,YES,YES,NO,YES,NO,NONE OBSERVED,PROGRAM CODE,lines 1872-1905; execution status requires isolated test
11,11.8.3 Signal Generator Module,chapters/11-Numerical-Algorithms.qmd,python,PYTHON,YES,YES,YES,YES,NO,max line 92 chars,PROGRAM CODE,lines 1909-2125; execution status requires isolated test
11,11.8.4 Complete Audio Processor Application,chapters/11-Numerical-Algorithms.qmd,python,PYTHON,YES,YES,YES,YES,NO,max line 90 chars,PROGRAM CODE,lines 2129-2360; execution status requires isolated test
11,11.8.5 Command-Line Interface,chapters/11-Numerical-Algorithms.qmd,python,PYTHON,YES,YES,YES,YES,NO,max line 86 chars,PROGRAM CODE,lines 2364-2420; execution status requires isolated test
12,12.2.2 The Segment Tree Idea,chapters/12-Advanced-Data-Structures.qmd,UNLABELED,ASCII DIAGRAM,YES,NO,NO,NO,NO,missing language tag,TEXT/FIGURE REVIEW,lines 63-75; execution status requires isolated test
12,12.2.3 Building a Segment Tree,chapters/12-Advanced-Data-Structures.qmd,python,PYTHON,YES,YES,NO,YES,NO,NONE OBSERVED,PROGRAM CODE,lines 86-224; execution status requires isolated test
12,12.2.4 Step-by-Step Example,chapters/12-Advanced-Data-Structures.qmd,python,PYTHON,YES,YES,NO,YES,NO,NONE OBSERVED,PROGRAM CODE,lines 230-271; execution status requires isolated test
12,12.2.5 Lazy Propagation: Range Updates,chapters/12-Advanced-Data-Structures.qmd,python,PYTHON,YES,YES,NO,YES,NO,NONE OBSERVED,PROGRAM CODE,lines 283-434; execution status requires isolated test
12,12.2.6 Applications and Variants,chapters/12-Advanced-Data-Structures.qmd,python,PYTHON,YES,YES,NO,YES,NO,NONE OBSERVED,PROGRAM CODE,lines 445-510; execution status requires isolated test
12,12.3.2 The Brilliant Idea,chapters/12-Advanced-Data-Structures.qmd,UNLABELED,UNKNOWN,YES,NO,NO,NO,NO,missing language tag,TEXT/FIGURE REVIEW,lines 532-541; execution status requires isolated test
12,12.3.3 Implementation,chapters/12-Advanced-Data-Structures.qmd,python,PYTHON,YES,YES,YES,YES,NO,max line 80 chars,PROGRAM CODE,lines 563-726; execution status requires isolated test
12,12.3.4 The Magic of Bit Manipulation,chapters/12-Advanced-Data-Structures.qmd,python,PYTHON,YES,YES,YES,YES,NO,max line 90 chars,PROGRAM CODE,lines 732-783; execution status requires isolated test
12,12.3.5 2D Fenwick Tree,chapters/12-Advanced-Data-Structures.qmd,python,PYTHON,YES,YES,YES,YES,NO,max line 82 chars,PROGRAM CODE,lines 789-897; execution status requires isolated test
12,12.3.6 Fenwick Tree vs Segment Tree,chapters/12-Advanced-Data-Structures.qmd,python,PYTHON,YES,YES,NO,YES,NO,NONE OBSERVED,PROGRAM CODE,lines 901-982; execution status requires isolated test
12,12.4.2 Persistent Array,chapters/12-Advanced-Data-Structures.qmd,python,PYTHON,YES,YES,YES,YES,NO,max line 77 chars,PROGRAM CODE,lines 998-1161; execution status requires isolated test
12,12.4.3 Persistent Segment Tree,chapters/12-Advanced-Data-Structures.qmd,python,PYTHON,YES,YES,YES,YES,NO,max line 86 chars,PROGRAM CODE,lines 1165-1322; execution status requires isolated test
12,12.4.4 Applications of Persistence,chapters/12-Advanced-Data-Structures.qmd,python,PYTHON,YES,YES,YES,YES,NO,max line 87 chars,PROGRAM CODE,lines 1326-1414; execution status requires isolated test
12,12.5.2 Succinct Bit Vector,chapters/12-Advanced-Data-Structures.qmd,python,PYTHON,YES,YES,YES,YES,NO,max line 117 chars,PROGRAM CODE,lines 1431-1594; execution status requires isolated test
12,12.5.3 Wavelet Tree,chapters/12-Advanced-Data-Structures.qmd,python,PYTHON,YES,YES,YES,YES,NO,max line 111 chars,PROGRAM CODE,lines 1605-1735; execution status requires isolated test
12,12.5.4 Applications of Succinct Structures,chapters/12-Advanced-Data-Structures.qmd,python,PYTHON,YES,YES,YES,YES,NO,max line 82 chars,PROGRAM CODE,lines 1739-1846; execution status requires isolated test
12,12.6.2 Cache-Oblivious Matrix Transpose,chapters/12-Advanced-Data-Structures.qmd,python,PYTHON,YES,YES,YES,YES,NO,max line 96 chars,PROGRAM CODE,lines 1860-2032; execution status requires isolated test
12,12.6.3 Van Emde Boas Layout,chapters/12-Advanced-Data-Structures.qmd,python,PYTHON,YES,YES,YES,YES,NO,max line 86 chars,PROGRAM CODE,lines 2036-2106; execution status requires isolated test
12,12.7.1 Project Structure,chapters/12-Advanced-Data-Structures.qmd,UNLABELED,ASCII DIAGRAM,YES,NO,NO,NO,NO,missing language tag,TEXT/FIGURE REVIEW,lines 2114-2139; execution status requires isolated test
12,12.7.2 Unified Interface,chapters/12-Advanced-Data-Structures.qmd,python,PYTHON,YES,YES,NO,YES,NO,NONE OBSERVED,PROGRAM CODE,lines 2143-2187; execution status requires isolated test
12,12.7.3 Range Query Solver Application,chapters/12-Advanced-Data-Structures.qmd,python,PYTHON,YES,YES,NO,YES,NO,NONE OBSERVED,PROGRAM CODE,lines 2191-2320; execution status requires isolated test
12,12.7.4 Comprehensive Benchmarking Suite,chapters/12-Advanced-Data-Structures.qmd,python,PYTHON,YES,YES,YES,YES,NO,max line 86 chars,PROGRAM CODE,lines 2324-2446; execution status requires isolated test
13,**Smoothed Analysis**,chapters/13-Research-Industry-Applications.qmd,python,PYTHON,YES,YES,YES,YES,NO,max line 83 chars,PROGRAM CODE,lines 58-100; execution status requires isolated test
13,**Learned Index Structures**,chapters/13-Research-Industry-Applications.qmd,UNLABELED,UNKNOWN,YES,NO,NO,NO,NO,missing language tag,TEXT/FIGURE REVIEW,lines 223-227; execution status requires isolated test
13,"**Differential Privacy (Dwork et al., 2006)**",chapters/13-Research-Industry-Applications.qmd,UNLABELED,UNKNOWN,YES,NO,NO,NO,NO,missing language tag,TEXT/FIGURE REVIEW,lines 299-306; execution status requires isolated test
13,**The Algorithms**,chapters/13-Research-Industry-Applications.qmd,UNLABELED,UNKNOWN,YES,NO,NO,NO,NO,missing language tag,TEXT/FIGURE REVIEW,lines 322-325; execution status requires isolated test
13,**The Algorithms**,chapters/13-Research-Industry-Applications.qmd,UNLABELED,UNKNOWN,YES,NO,NO,NO,NO,missing language tag,TEXT/FIGURE REVIEW,lines 328-331; execution status requires isolated test
13,**Backpropagation: The Learning Algorithm**,chapters/13-Research-Industry-Applications.qmd,UNLABELED,UNKNOWN,YES,NO,NO,NO,NO,missing language tag,TEXT/FIGURE REVIEW,lines 458-460; execution status requires isolated test
13,**Backpropagation: The Learning Algorithm**,chapters/13-Research-Industry-Applications.qmd,UNLABELED,PSEUDOCODE,YES,NO,NO,NO,YES,missing language tag,ALGORITHM,lines 468-474; execution status requires isolated test
13,**Backpropagation: The Learning Algorithm**,chapters/13-Research-Industry-Applications.qmd,UNLABELED,UNKNOWN,YES,NO,NO,NO,NO,missing language tag,TEXT/FIGURE REVIEW,lines 477-482; execution status requires isolated test
13,**Stochastic Gradient Descent: The Optimization Workhorse**,chapters/13-Research-Industry-Applications.qmd,UNLABELED,UNKNOWN,YES,NO,NO,NO,NO,missing language tag,TEXT/FIGURE REVIEW,lines 499-503; execution status requires isolated test
13,**Modern Optimizers**,chapters/13-Research-Industry-Applications.qmd,UNLABELED,ASCII DIAGRAM,YES,NO,NO,NO,NO,missing language tag,TEXT/FIGURE REVIEW,lines 515-518; execution status requires isolated test
13,**Modern Optimizers**,chapters/13-Research-Industry-Applications.qmd,UNLABELED,ASCII DIAGRAM,YES,NO,NO,NO,NO,missing language tag,TEXT/FIGURE REVIEW,lines 522-527; execution status requires isolated test
13,**The Self-Attention Mechanism**,chapters/13-Research-Industry-Applications.qmd,UNLABELED,UNKNOWN,YES,NO,NO,NO,NO,missing language tag,TEXT/FIGURE REVIEW,lines 556-560; execution status requires isolated test
13,**The Self-Attention Mechanism**,chapters/13-Research-Industry-Applications.qmd,UNLABELED,UNKNOWN,YES,NO,NO,NO,NO,missing language tag,TEXT/FIGURE REVIEW,lines 563-565; execution status requires isolated test
13,**The Self-Attention Mechanism**,chapters/13-Research-Industry-Applications.qmd,UNLABELED,UNKNOWN,YES,NO,NO,NO,NO,missing language tag,TEXT/FIGURE REVIEW,lines 568-570; execution status requires isolated test
13,**The Self-Attention Mechanism**,chapters/13-Research-Industry-Applications.qmd,UNLABELED,UNKNOWN,YES,NO,NO,NO,NO,missing language tag,TEXT/FIGURE REVIEW,lines 573-575; execution status requires isolated test
13,**Multi-Head Attention**,chapters/13-Research-Industry-Applications.qmd,UNLABELED,PSEUDOCODE,YES,NO,NO,NO,NO,missing language tag,ALGORITHM,lines 586-591; execution status requires isolated test
13,**Positional Encoding**,chapters/13-Research-Industry-Applications.qmd,UNLABELED,UNKNOWN,YES,NO,NO,NO,NO,missing language tag,TEXT/FIGURE REVIEW,lines 602-605; execution status requires isolated test
13,**The Full Transformer Architecture**,chapters/13-Research-Industry-Applications.qmd,UNLABELED,ASCII DIAGRAM,YES,NO,NO,NO,NO,missing language tag,TEXT/FIGURE REVIEW,lines 612-619; execution status requires isolated test
13,**The Full Transformer Architecture**,chapters/13-Research-Industry-Applications.qmd,UNLABELED,UNKNOWN,YES,NO,NO,NO,NO,missing language tag,TEXT/FIGURE REVIEW,lines 622-625; execution status requires isolated test
13,**The Full Transformer Architecture**,chapters/13-Research-Industry-Applications.qmd,UNLABELED,UNKNOWN,YES,NO,NO,NO,NO,missing language tag,TEXT/FIGURE REVIEW,lines 628-631; execution status requires isolated test
13,**The RL Framework**,chapters/13-Research-Industry-Applications.qmd,UNLABELED,UNKNOWN,YES,NO,NO,NO,NO,missing language tag,TEXT/FIGURE REVIEW,lines 689-693; execution status requires isolated test
13,**Q-Learning: The Classic Algorithm**,chapters/13-Research-Industry-Applications.qmd,UNLABELED,UNKNOWN,YES,NO,NO,NO,NO,missing language tag,TEXT/FIGURE REVIEW,lines 702-709; execution status requires isolated test
13,**Deep Q-Networks (DQN)**,chapters/13-Research-Industry-Applications.qmd,UNLABELED,UNKNOWN,YES,NO,NO,NO,NO,missing language tag,TEXT/FIGURE REVIEW,lines 722-724; execution status requires isolated test
13,**Deep Q-Networks (DQN)**,chapters/13-Research-Industry-Applications.qmd,UNLABELED,UNKNOWN,YES,NO,NO,NO,NO,missing language tag,TEXT/FIGURE REVIEW,lines 727-730; execution status requires isolated test
13,**Policy Gradient Methods**,chapters/13-Research-Industry-Applications.qmd,UNLABELED,UNKNOWN,YES,NO,NO,NO,NO,missing language tag,TEXT/FIGURE REVIEW,lines 749-752; execution status requires isolated test
13,**Policy Gradient Methods**,chapters/13-Research-Industry-Applications.qmd,UNLABELED,UNKNOWN,YES,NO,NO,NO,NO,missing language tag,TEXT/FIGURE REVIEW,lines 757-761; execution status requires isolated test
13,**Proximal Policy Optimization (PPO)**,chapters/13-Research-Industry-Applications.qmd,UNLABELED,UNKNOWN,YES,NO,NO,NO,NO,missing language tag,TEXT/FIGURE REVIEW,lines 772-777; execution status requires isolated test
13,**AlphaGo: Putting It All Together**,chapters/13-Research-Industry-Applications.qmd,UNLABELED,UNKNOWN,YES,NO,NO,NO,NO,missing language tag,TEXT/FIGURE REVIEW,lines 791-794; execution status requires isolated test
13,**AlphaGo: Putting It All Together**,chapters/13-Research-Industry-Applications.qmd,UNLABELED,UNKNOWN,YES,NO,NO,NO,NO,missing language tag,TEXT/FIGURE REVIEW,lines 797-800; execution status requires isolated test
13,**AlphaGo: Putting It All Together**,chapters/13-Research-Industry-Applications.qmd,UNLABELED,UNKNOWN,YES,NO,NO,NO,NO,missing language tag,TEXT/FIGURE REVIEW,lines 803-808; execution status requires isolated test
13,**The MapReduce Paradigm**,chapters/13-Research-Industry-Applications.qmd,UNLABELED,ASCII DIAGRAM,YES,NO,NO,NO,NO,missing language tag,TEXT/FIGURE REVIEW,lines 846-863; execution status requires isolated test
13,**MapReduce Algorithms**,chapters/13-Research-Industry-Applications.qmd,UNLABELED,UNKNOWN,YES,NO,NO,NO,NO,missing language tag,TEXT/FIGURE REVIEW,lines 890-894; execution status requires isolated test
13,**MapReduce Algorithms**,chapters/13-Research-Industry-Applications.qmd,UNLABELED,UNKNOWN,YES,NO,NO,NO,NO,missing language tag,TEXT/FIGURE REVIEW,lines 897-900; execution status requires isolated test
13,**MapReduce Algorithms**,chapters/13-Research-Industry-Applications.qmd,UNLABELED,UNKNOWN,YES,NO,NO,NO,NO,missing language tag,TEXT/FIGURE REVIEW,lines 903-906; execution status requires isolated test
13,**MapReduce Algorithms**,chapters/13-Research-Industry-Applications.qmd,UNLABELED,UNKNOWN,YES,NO,NO,NO,NO,missing language tag,TEXT/FIGURE REVIEW,lines 909-914; execution status requires isolated test
13,**Count-Min Sketch**,chapters/13-Research-Industry-Applications.qmd,UNLABELED,PYTHON,YES,NO,NO,YES,NO,missing language tag,PROGRAM CODE,lines 950-960; execution status requires isolated test
13,**HyperLogLog**,chapters/13-Research-Industry-Applications.qmd,UNLABELED,PSEUDOCODE,YES,NO,NO,NO,NO,missing language tag,ALGORITHM,lines 981-991; execution status requires isolated test
13,**Bloom Filters**,chapters/13-Research-Industry-Applications.qmd,UNLABELED,PSEUDOCODE,YES,NO,NO,NO,NO,missing language tag,ALGORITHM,lines 1009-1022; execution status requires isolated test
13,**Pregel: Thinking Like a Vertex**,chapters/13-Research-Industry-Applications.qmd,UNLABELED,PYTHON,YES,NO,NO,YES,NO,missing language tag,PROGRAM CODE,lines 1047-1059; execution status requires isolated test
13,**Pregel: Thinking Like a Vertex**,chapters/13-Research-Industry-Applications.qmd,UNLABELED,PSEUDOCODE,YES,NO,NO,NO,NO,missing language tag,ALGORITHM,lines 1062-1072; execution status requires isolated test
13,**RSA: The Algorithm That Secured the Internet**,chapters/13-Research-Industry-Applications.qmd,UNLABELED,UNKNOWN,YES,NO,NO,NO,NO,missing language tag,TEXT/FIGURE REVIEW,lines 1124-1133; execution status requires isolated test
13,**RSA: The Algorithm That Secured the Internet**,chapters/13-Research-Industry-Applications.qmd,UNLABELED,UNKNOWN,YES,NO,NO,NO,NO,missing language tag,TEXT/FIGURE REVIEW,lines 1140-1144; execution status requires isolated test
13,**Bitcoin's Proof-of-Work**,chapters/13-Research-Industry-Applications.qmd,UNLABELED,PSEUDOCODE,YES,NO,NO,NO,NO,missing language tag,ALGORITHM,lines 1191-1204; execution status requires isolated test
13,**Alternative Consensus: Proof-of-Stake**,chapters/13-Research-Industry-Applications.qmd,UNLABELED,UNKNOWN,YES,NO,NO,NO,NO,missing language tag,TEXT/FIGURE REVIEW,lines 1233-1238; execution status requires isolated test
13,**Interactive Zero-Knowledge**,chapters/13-Research-Industry-Applications.qmd,UNLABELED,PSEUDOCODE,YES,NO,NO,NO,NO,missing language tag,ALGORITHM,lines 1266-1279; execution status requires isolated test
13,**Non-Interactive Zero-Knowledge (SNARKs)**,chapters/13-Research-Industry-Applications.qmd,UNLABELED,UNKNOWN,YES,NO,NO,NO,NO,missing language tag,TEXT/FIGURE REVIEW,lines 1297-1302; execution status requires isolated test
13,13.8.3 Analysis Template,chapters/13-Research-Industry-Applications.qmd,markdown,CONFIGURATION,YES,YES,NO,NO,NO,NONE OBSERVED,TEXT/FIGURE REVIEW,lines 1710-1783; execution status requires isolated test
14,**The Adapter Pattern**,chapters/14-Project-Development.qmd,python,PYTHON,YES,YES,NO,YES,NO,NONE OBSERVED,PROGRAM CODE,lines 60-76; execution status requires isolated test
14,**The Facade Pattern**,chapters/14-Project-Development.qmd,python,PYTHON,YES,YES,NO,YES,NO,NONE OBSERVED,PROGRAM CODE,lines 87-116; execution status requires isolated test
14,**The Builder Pattern**,chapters/14-Project-Development.qmd,python,PYTHON,YES,YES,NO,YES,NO,NONE OBSERVED,PROGRAM CODE,lines 127-162; execution status requires isolated test
14,14.2.3 Dependency Management,chapters/14-Project-Development.qmd,UNLABELED,UNKNOWN,YES,NO,NO,NO,NO,missing language tag,TEXT/FIGURE REVIEW,lines 173-181; execution status requires isolated test
14,14.2.3 Dependency Management,chapters/14-Project-Development.qmd,python,PYTHON,YES,YES,NO,YES,NO,NONE OBSERVED,PROGRAM CODE,lines 188-192; execution status requires isolated test
14,14.2.3 Dependency Management,chapters/14-Project-Development.qmd,python,PYTHON,YES,YES,NO,YES,NO,NONE OBSERVED,PROGRAM CODE,lines 195-199; execution status requires isolated test
14,14.2.3 Dependency Management,chapters/14-Project-Development.qmd,yaml,CONFIGURATION,YES,YES,NO,NO,NO,NONE OBSERVED,TEXT/FIGURE REVIEW,lines 206-220; execution status requires isolated test
14,14.2.4 Integration Testing,chapters/14-Project-Development.qmd,python,PYTHON,YES,YES,NO,YES,NO,NONE OBSERVED,PROGRAM CODE,lines 229-258; execution status requires isolated test
14,**Python's cProfile**,chapters/14-Project-Development.qmd,python,PYTHON,YES,YES,NO,YES,NO,NONE OBSERVED,PROGRAM CODE,lines 304-322; execution status requires isolated test
14,**Line-by-Line Profiling**,chapters/14-Project-Development.qmd,python,PYTHON,YES,YES,NO,YES,NO,NONE OBSERVED,PROGRAM CODE,lines 336-348; execution status requires isolated test
14,**Memory Profiling**,chapters/14-Project-Development.qmd,python,PYTHON,YES,YES,NO,YES,NO,NONE OBSERVED,PROGRAM CODE,lines 354-361; execution status requires isolated test
14,**1. Avoid Redundant Work**,chapters/14-Project-Development.qmd,python,PYTHON,YES,YES,NO,YES,NO,NONE OBSERVED,PROGRAM CODE,lines 373-380; execution status requires isolated test
14,**1. Avoid Redundant Work**,chapters/14-Project-Development.qmd,python,PYTHON,YES,YES,NO,YES,NO,NONE OBSERVED,PROGRAM CODE,lines 383-389; execution status requires isolated test
14,**2. Use Appropriate Data Structures**,chapters/14-Project-Development.qmd,python,PYTHON,YES,YES,NO,YES,NO,NONE OBSERVED,PROGRAM CODE,lines 394-398; execution status requires isolated test
14,**2. Use Appropriate Data Structures**,chapters/14-Project-Development.qmd,python,PYTHON,YES,YES,NO,YES,NO,NONE OBSERVED,PROGRAM CODE,lines 401-405; execution status requires isolated test
14,**3. Vectorize with NumPy**,chapters/14-Project-Development.qmd,python,PYTHON,YES,YES,NO,YES,NO,NONE OBSERVED,PROGRAM CODE,lines 412-416; execution status requires isolated test
14,**3. Vectorize with NumPy**,chapters/14-Project-Development.qmd,python,PYTHON,YES,YES,NO,YES,NO,NONE OBSERVED,PROGRAM CODE,lines 419-421; execution status requires isolated test
14,**4. Cache Expensive Computations**,chapters/14-Project-Development.qmd,python,PYTHON,YES,YES,NO,YES,NO,NONE OBSERVED,PROGRAM CODE,lines 429-436; execution status requires isolated test
14,**5. Use Generators for Large Data**,chapters/14-Project-Development.qmd,python,PYTHON,YES,YES,NO,YES,NO,NONE OBSERVED,PROGRAM CODE,lines 445-451; execution status requires isolated test
14,**5. Use Generators for Large Data**,chapters/14-Project-Development.qmd,python,PYTHON,YES,YES,NO,YES,NO,NONE OBSERVED,PROGRAM CODE,lines 454-462; execution status requires isolated test
14,**6. Parallelize Independent Work**,chapters/14-Project-Development.qmd,python,PYTHON,YES,YES,NO,YES,NO,NONE OBSERVED,PROGRAM CODE,lines 466-479; execution status requires isolated test
14,14.4.1 The Documentation Pyramid,chapters/14-Project-Development.qmd,python,PYTHON,YES,YES,NO,YES,NO,NONE OBSERVED,PROGRAM CODE,lines 522-538; execution status requires isolated test
14,14.4.1 The Documentation Pyramid,chapters/14-Project-Development.qmd,python,PYTHON,YES,YES,NO,YES,NO,NONE OBSERVED,PROGRAM CODE,lines 541-564; execution status requires isolated test
14,14.4.1 The Documentation Pyramid,chapters/14-Project-Development.qmd,markdown,CONFIGURATION,YES,YES,YES,NO,NO,max line 110 chars,TEXT/FIGURE REVIEW,lines 567-581; execution status requires isolated test
14,Point update,chapters/14-Project-Development.qmd,UNLABELED,UNKNOWN,YES,NO,NO,NO,NO,missing language tag,TEXT/FIGURE REVIEW,lines 594-598; execution status requires isolated test
14,Point update,chapters/14-Project-Development.qmd,UNLABELED,UNKNOWN,YES,NO,NO,NO,NO,missing language tag,TEXT/FIGURE REVIEW,lines 600-605; execution status requires isolated test
14,Point update,chapters/14-Project-Development.qmd,markdown,CONFIGURATION,YES,YES,NO,NO,NO,NONE OBSERVED,TEXT/FIGURE REVIEW,lines 608-635; execution status requires isolated test
14,Point update,chapters/14-Project-Development.qmd,markdown,CONFIGURATION,YES,YES,NO,NO,NO,NONE OBSERVED,TEXT/FIGURE REVIEW,lines 638-653; execution status requires isolated test
14,Point update,chapters/14-Project-Development.qmd,UNLABELED,MATHEMATICS DISGUISED AS CODE,YES,NO,NO,NO,NO,missing language tag,TEXT/FIGURE REVIEW,lines 655-673; execution status requires isolated test
14,Point update,chapters/14-Project-Development.qmd,UNLABELED,UNKNOWN,YES,NO,NO,NO,NO,missing language tag,TEXT/FIGURE REVIEW,lines 675-676; execution status requires isolated test
14,14.4.2 Documentation Best Practices,chapters/14-Project-Development.qmd,python,PYTHON,YES,YES,NO,YES,NO,NONE OBSERVED,PROGRAM CODE,lines 693-704; execution status requires isolated test
14,14.4.2 Documentation Best Practices,chapters/14-Project-Development.qmd,python,PYTHON,YES,YES,NO,YES,NO,NONE OBSERVED,PROGRAM CODE,lines 717-733; execution status requires isolated test
14,14.4.3 README Template,chapters/14-Project-Development.qmd,markdown,CONFIGURATION,YES,YES,NO,NO,NO,NONE OBSERVED,TEXT/FIGURE REVIEW,lines 739-763; execution status requires isolated test
14,Installation command,chapters/14-Project-Development.qmd,UNLABELED,UNKNOWN,YES,NO,NO,NO,NO,missing language tag,TEXT/FIGURE REVIEW,lines 765-769; execution status requires isolated test
14,Minimal working example,chapters/14-Project-Development.qmd,UNLABELED,PSEUDOCODE,YES,NO,NO,NO,NO,missing language tag,ALGORITHM,lines 771-819; execution status requires isolated test
14,Minimal working example,chapters/14-Project-Development.qmd,UNLABELED,UNKNOWN,YES,NO,NO,NO,NO,missing language tag,TEXT/FIGURE REVIEW,lines 826-827; execution status requires isolated test
14,14.5.2 Writing Good Tests,chapters/14-Project-Development.qmd,python,PYTHON,YES,YES,NO,YES,NO,NONE OBSERVED,PROGRAM CODE,lines 853-870; execution status requires isolated test
14,14.5.2 Writing Good Tests,chapters/14-Project-Development.qmd,python,PYTHON,YES,YES,NO,YES,NO,NONE OBSERVED,PROGRAM CODE,lines 873-884; execution status requires isolated test
14,14.5.2 Writing Good Tests,chapters/14-Project-Development.qmd,python,PYTHON,YES,YES,NO,YES,NO,NONE OBSERVED,PROGRAM CODE,lines 887-898; execution status requires isolated test
14,14.5.2 Writing Good Tests,chapters/14-Project-Development.qmd,python,PYTHON,YES,YES,NO,YES,NO,NONE OBSERVED,PROGRAM CODE,lines 901-911; execution status requires isolated test
14,14.5.2 Writing Good Tests,chapters/14-Project-Development.qmd,python,PYTHON,YES,YES,NO,YES,NO,NONE OBSERVED,PROGRAM CODE,lines 914-926; execution status requires isolated test
14,14.5.3 Test-Driven Development (TDD),chapters/14-Project-Development.qmd,python,PYTHON,YES,YES,NO,YES,NO,NONE OBSERVED,PROGRAM CODE,lines 936-953; execution status requires isolated test
14,14.5.4 Code Review Best Practices,chapters/14-Project-Development.qmd,UNLABELED,UNKNOWN,YES,NO,NO,NO,NO,missing language tag,TEXT/FIGURE REVIEW,lines 971-977; execution status requires isolated test
14,14.5.4 Code Review Best Practices,chapters/14-Project-Development.qmd,UNLABELED,MATHEMATICS DISGUISED AS CODE,YES,NO,NO,NO,NO,missing language tag,TEXT/FIGURE REVIEW,lines 992-997; execution status requires isolated test
14,14.5.4 Code Review Best Practices,chapters/14-Project-Development.qmd,UNLABELED,UNKNOWN,YES,NO,NO,NO,NO,missing language tag,TEXT/FIGURE REVIEW,lines 1000-1004; execution status requires isolated test
14,14.5.4 Code Review Best Practices,chapters/14-Project-Development.qmd,UNLABELED,UNKNOWN,YES,NO,NO,NO,NO,missing language tag,TEXT/FIGURE REVIEW,lines 1013-1016; execution status requires isolated test
14,14.6.3 Slide Design Principles,chapters/14-Project-Development.qmd,UNLABELED,UNKNOWN,YES,NO,NO,NO,NO,missing language tag,TEXT/FIGURE REVIEW,lines 1110-1122; execution status requires isolated test
14,14.6.3 Slide Design Principles,chapters/14-Project-Development.qmd,UNLABELED,MATHEMATICS DISGUISED AS CODE,YES,NO,NO,NO,NO,missing language tag,TEXT/FIGURE REVIEW,lines 1125-1135; execution status requires isolated test
14,14.6.4 Presentation Delivery,chapters/14-Project-Development.qmd,UNLABELED,UNKNOWN,YES,NO,NO,NO,NO,missing language tag,TEXT/FIGURE REVIEW,lines 1184-1187; execution status requires isolated test
14,14.6.4 Presentation Delivery,chapters/14-Project-Development.qmd,UNLABELED,UNKNOWN,YES,NO,NO,NO,NO,missing language tag,TEXT/FIGURE REVIEW,lines 1190-1194; execution status requires isolated test
14,14.6.4 Presentation Delivery,chapters/14-Project-Development.qmd,UNLABELED,UNKNOWN,YES,NO,NO,NO,NO,missing language tag,TEXT/FIGURE REVIEW,lines 1197-1200; execution status requires isolated test
14,14.6.4 Presentation Delivery,chapters/14-Project-Development.qmd,UNLABELED,UNKNOWN,YES,NO,NO,NO,NO,missing language tag,TEXT/FIGURE REVIEW,lines 1203-1207; execution status requires isolated test
14,14.6.5 Demo Best Practices,chapters/14-Project-Development.qmd,UNLABELED,UNKNOWN,YES,NO,NO,NO,NO,missing language tag,TEXT/FIGURE REVIEW,lines 1216-1219; execution status requires isolated test
14,14.6.5 Demo Best Practices,chapters/14-Project-Development.qmd,UNLABELED,UNKNOWN,YES,NO,NO,NO,NO,missing language tag,TEXT/FIGURE REVIEW,lines 1222-1228; execution status requires isolated test
14,14.6.5 Demo Best Practices,chapters/14-Project-Development.qmd,UNLABELED,UNKNOWN,YES,NO,NO,NO,NO,missing language tag,TEXT/FIGURE REVIEW,lines 1231-1234; execution status requires isolated test
15,15.2.3 Making Your Demo Bulletproof,chapters/15-Final-Presentations.qmd,UNLABELED,UNKNOWN,YES,NO,NO,NO,NO,missing language tag,TEXT/FIGURE REVIEW,lines 137-140; execution status requires isolated test
15,15.2.3 Making Your Demo Bulletproof,chapters/15-Final-Presentations.qmd,UNLABELED,UNKNOWN,YES,NO,NO,NO,NO,missing language tag,TEXT/FIGURE REVIEW,lines 143-146; execution status requires isolated test
15,15.3.4 Sample Peer Review Form,chapters/15-Final-Presentations.qmd,markdown,CONFIGURATION,YES,YES,NO,NO,NO,NONE OBSERVED,TEXT/FIGURE REVIEW,lines 252-308; execution status requires isolated test
15,15.4.2 Industry-Style Technical Presentation,chapters/15-Final-Presentations.qmd,UNLABELED,UNKNOWN,YES,NO,NO,NO,NO,missing language tag,TEXT/FIGURE REVIEW,lines 331-338; execution status requires isolated test
15,15.4.2 Industry-Style Technical Presentation,chapters/15-Final-Presentations.qmd,UNLABELED,UNKNOWN,YES,NO,NO,NO,NO,missing language tag,TEXT/FIGURE REVIEW,lines 341-347; execution status requires isolated test
15,15.4.2 Industry-Style Technical Presentation,chapters/15-Final-Presentations.qmd,UNLABELED,UNKNOWN,YES,NO,NO,NO,NO,missing language tag,TEXT/FIGURE REVIEW,lines 350-356; execution status requires isolated test
15,15.4.2 Industry-Style Technical Presentation,chapters/15-Final-Presentations.qmd,UNLABELED,UNKNOWN,YES,NO,NO,NO,NO,missing language tag,TEXT/FIGURE REVIEW,lines 359-365; execution status requires isolated test
15,15.4.2 Industry-Style Technical Presentation,chapters/15-Final-Presentations.qmd,UNLABELED,UNKNOWN,YES,NO,NO,NO,NO,missing language tag,TEXT/FIGURE REVIEW,lines 368-374; execution status requires isolated test
15,15.4.2 Industry-Style Technical Presentation,chapters/15-Final-Presentations.qmd,UNLABELED,UNKNOWN,YES,NO,NO,NO,NO,missing language tag,TEXT/FIGURE REVIEW,lines 377-382; execution status requires isolated test
15,15.4.2 Industry-Style Technical Presentation,chapters/15-Final-Presentations.qmd,UNLABELED,UNKNOWN,YES,NO,NO,NO,NO,missing language tag,TEXT/FIGURE REVIEW,lines 385-391; execution status requires isolated test
15,15.4.2 Industry-Style Technical Presentation,chapters/15-Final-Presentations.qmd,UNLABELED,UNKNOWN,YES,NO,NO,NO,NO,missing language tag,TEXT/FIGURE REVIEW,lines 394-400; execution status requires isolated test
15,15.4.4 Common Presentation Mistakes to Avoid,chapters/15-Final-Presentations.qmd,UNLABELED,UNKNOWN,YES,NO,NO,NO,NO,missing language tag,TEXT/FIGURE REVIEW,lines 447-450; execution status requires isolated test
15,15.4.4 Common Presentation Mistakes to Avoid,chapters/15-Final-Presentations.qmd,UNLABELED,UNKNOWN,YES,NO,YES,NO,NO,missing language tag; max line 102 chars,TEXT/FIGURE REVIEW,lines 453-456; execution status requires isolated test
15,15.4.4 Common Presentation Mistakes to Avoid,chapters/15-Final-Presentations.qmd,UNLABELED,UNKNOWN,YES,NO,YES,NO,NO,missing language tag; max line 78 chars,TEXT/FIGURE REVIEW,lines 459-462; execution status requires isolated test
15,15.4.4 Common Presentation Mistakes to Avoid,chapters/15-Final-Presentations.qmd,UNLABELED,UNKNOWN,YES,NO,YES,NO,NO,missing language tag; max line 108 chars,TEXT/FIGURE REVIEW,lines 465-468; execution status requires isolated test
15,15.4.4 Common Presentation Mistakes to Avoid,chapters/15-Final-Presentations.qmd,UNLABELED,UNKNOWN,YES,NO,NO,NO,NO,missing language tag,TEXT/FIGURE REVIEW,lines 473-476; execution status requires isolated test
15,15.4.4 Common Presentation Mistakes to Avoid,chapters/15-Final-Presentations.qmd,UNLABELED,UNKNOWN,YES,NO,NO,NO,NO,missing language tag,TEXT/FIGURE REVIEW,lines 479-482; execution status requires isolated test
15,15.4.4 Common Presentation Mistakes to Avoid,chapters/15-Final-Presentations.qmd,UNLABELED,UNKNOWN,YES,NO,NO,NO,NO,missing language tag,TEXT/FIGURE REVIEW,lines 485-488; execution status requires isolated test
15,15.4.4 Common Presentation Mistakes to Avoid,chapters/15-Final-Presentations.qmd,UNLABELED,UNKNOWN,YES,NO,NO,NO,NO,missing language tag,TEXT/FIGURE REVIEW,lines 491-494; execution status requires isolated test
15,15.4.4 Common Presentation Mistakes to Avoid,chapters/15-Final-Presentations.qmd,UNLABELED,UNKNOWN,YES,NO,NO,NO,NO,missing language tag,TEXT/FIGURE REVIEW,lines 497-500; execution status requires isolated test
15,15.5.3 Lessons Learned Document,chapters/15-Final-Presentations.qmd,markdown,CONFIGURATION,YES,YES,NO,NO,NO,NONE OBSERVED,TEXT/FIGURE REVIEW,lines 591-646; execution status requires isolated test
