equation_id,source,PDF,HTML,EPUB,status,notes
MATH-0001,chapters/01-introduction.qmd:47,PASS,PASS,PASS,PASS,short inline/text notation visually verified
MATH-0002,chapters/01-introduction.qmd:157,PASS,PASS,PASS,PASS,short inline/text notation visually verified
MATH-0003,chapters/01-introduction.qmd:185,PASS,PASS,PASS,PASS,short inline/text notation visually verified
MATH-0004,chapters/01-introduction.qmd:189,PASS,PASS,PASS,PASS,short inline/text notation visually verified
MATH-0005,chapters/01-introduction.qmd:190,PASS,PASS,PASS,PASS,short inline/text notation visually verified
MATH-0006,chapters/01-introduction.qmd:231,PASS,PASS,PASS,PASS,short inline/text notation visually verified
MATH-0007,chapters/01-introduction.qmd:232,PASS,PASS,PASS,PASS,short inline/text notation visually verified
MATH-0008,chapters/01-introduction.qmd:488,PASS,PASS,PASS,PASS,native semantic math
MATH-0009,chapters/01-introduction.qmd:489,PASS,PASS,PASS,PASS,native semantic math
MATH-0010,chapters/01-introduction.qmd:490,PASS,PASS,PASS,PASS,native semantic math
MATH-0011,chapters/01-introduction.qmd:494,PASS,PASS,PASS,PASS,native semantic math
MATH-0012,chapters/01-introduction.qmd:495,PASS,PASS,PASS,PASS,native semantic math
MATH-0013,chapters/01-introduction.qmd:496,PASS,PASS,PASS,PASS,native semantic math
MATH-0014,chapters/01-introduction.qmd:498,PASS,PASS,PASS,PASS,native semantic math
MATH-0015,chapters/01-introduction.qmd:603,PASS,PASS,PASS,PASS,native semantic math
MATH-0016,chapters/01-introduction.qmd:604,PASS,PASS,PASS,PASS,native semantic math
MATH-0017,chapters/01-introduction.qmd:642,PASS,PASS,PASS,PASS,native semantic math
MATH-0018,chapters/01-introduction.qmd:642,PASS,PASS,PASS,PASS,native semantic math
MATH-0019,chapters/01-introduction.qmd:643,PASS,PASS,PASS,PASS,native semantic math
MATH-0020,chapters/01-introduction.qmd:661,PASS,PASS,PASS,PASS,native semantic math
MATH-0021,chapters/01-introduction.qmd:662,PASS,PASS,PASS,PASS,native semantic math
MATH-0022,chapters/01-introduction.qmd:713,PASS,PASS,PASS,PASS,short inline/text notation visually verified
MATH-0023,chapters/01-introduction.qmd:714,PASS,PASS,PASS,PASS,short inline/text notation visually verified
MATH-0024,chapters/01-introduction.qmd:715,PASS,PASS,PASS,PASS,short inline/text notation visually verified
MATH-0025,chapters/01-introduction.qmd:800,PASS,PASS,PASS,PASS,short inline/text notation visually verified
MATH-0026,chapters/01-introduction.qmd:804,PASS,PASS,PASS,PASS,short inline/text notation visually verified
MATH-0027,chapters/01-introduction.qmd:808,PASS,PASS,PASS,PASS,short inline/text notation visually verified
MATH-0028,chapters/01-introduction.qmd:810,PASS,PASS,PASS,PASS,short inline/text notation visually verified
MATH-0029,chapters/01-introduction.qmd:811,PASS,PASS,PASS,PASS,short inline/text notation visually verified
MATH-0030,chapters/01-introduction.qmd:812,PASS,PASS,PASS,PASS,short inline/text notation visually verified
MATH-0031,chapters/01-introduction.qmd:813,PASS,PASS,PASS,PASS,short inline/text notation visually verified
MATH-0032,chapters/01-introduction.qmd:817,PASS,PASS,PASS,PASS,native semantic math
MATH-0033,chapters/01-introduction.qmd:817,PASS,PASS,PASS,PASS,native semantic math
MATH-0034,chapters/01-introduction.qmd:817,PASS,PASS,PASS,PASS,short inline/text notation visually verified
MATH-0035,chapters/01-introduction.qmd:819,PASS,PASS,PASS,PASS,native semantic math
MATH-0036,chapters/01-introduction.qmd:819,PASS,PASS,PASS,PASS,native semantic math
MATH-0037,chapters/01-introduction.qmd:825,PASS,PASS,PASS,PASS,short inline/text notation visually verified
MATH-0038,chapters/01-introduction.qmd:827,PASS,PASS,PASS,PASS,native semantic math
MATH-0039,chapters/01-introduction.qmd:827,PASS,PASS,PASS,PASS,native semantic math
MATH-0040,chapters/01-introduction.qmd:827,PASS,PASS,PASS,PASS,native semantic math
MATH-0041,chapters/01-introduction.qmd:829,PASS,PASS,PASS,PASS,native semantic math
MATH-0042,chapters/01-introduction.qmd:834,PASS,PASS,PASS,PASS,native semantic math
MATH-0043,chapters/01-introduction.qmd:834,PASS,PASS,PASS,PASS,native semantic math
MATH-0044,chapters/01-introduction.qmd:834,PASS,PASS,PASS,PASS,native semantic math
MATH-0045,chapters/01-introduction.qmd:834,PASS,PASS,PASS,PASS,native semantic math
MATH-0046,chapters/01-introduction.qmd:834,PASS,PASS,PASS,PASS,native semantic math
MATH-0047,chapters/01-introduction.qmd:836,PASS,PASS,PASS,PASS,native semantic math
MATH-0048,chapters/01-introduction.qmd:836,PASS,PASS,PASS,PASS,native semantic math
MATH-0049,chapters/01-introduction.qmd:836,PASS,PASS,PASS,PASS,native semantic math
MATH-0050,chapters/01-introduction.qmd:838,PASS,PASS,PASS,PASS,native semantic math
MATH-0051,chapters/01-introduction.qmd:838,PASS,PASS,PASS,PASS,native semantic math
MATH-0052,chapters/01-introduction.qmd:838,PASS,PASS,PASS,PASS,native semantic math
MATH-0053,chapters/01-introduction.qmd:842,PASS,PASS,PASS,PASS,native semantic math
MATH-0054,chapters/01-introduction.qmd:842,PASS,PASS,PASS,PASS,native semantic math
MATH-0055,chapters/01-introduction.qmd:844,PASS,PASS,PASS,PASS,native semantic math
MATH-0056,chapters/01-introduction.qmd:849,PASS,PASS,PASS,PASS,native semantic math
MATH-0057,chapters/01-introduction.qmd:849,PASS,PASS,PASS,PASS,native semantic math
MATH-0058,chapters/01-introduction.qmd:851,PASS,PASS,PASS,PASS,native semantic math
MATH-0059,chapters/01-introduction.qmd:851,PASS,PASS,PASS,PASS,short inline/text notation visually verified
MATH-0060,chapters/01-introduction.qmd:852,PASS,PASS,PASS,PASS,native semantic math
MATH-0061,chapters/01-introduction.qmd:852,PASS,PASS,PASS,PASS,short inline/text notation visually verified
MATH-0062,chapters/01-introduction.qmd:856,PASS,PASS,PASS,PASS,native semantic math
MATH-0063,chapters/01-introduction.qmd:860,PASS,PASS,PASS,PASS,native semantic math
MATH-0064,chapters/01-introduction.qmd:860,PASS,PASS,PASS,PASS,native semantic math
MATH-0065,chapters/01-introduction.qmd:862,PASS,PASS,PASS,PASS,short inline/text notation visually verified
MATH-0066,chapters/01-introduction.qmd:864,PASS,PASS,PASS,PASS,native semantic math
MATH-0067,chapters/01-introduction.qmd:864,PASS,PASS,PASS,PASS,native semantic math
MATH-0068,chapters/01-introduction.qmd:864,PASS,PASS,PASS,PASS,native semantic math
MATH-0069,chapters/01-introduction.qmd:866,PASS,PASS,PASS,PASS,native semantic math
MATH-0070,chapters/01-introduction.qmd:871,PASS,PASS,PASS,PASS,native semantic math
MATH-0071,chapters/01-introduction.qmd:871,PASS,PASS,PASS,PASS,native semantic math
MATH-0072,chapters/01-introduction.qmd:873,PASS,PASS,PASS,PASS,short inline/text notation visually verified
MATH-0073,chapters/01-introduction.qmd:877,PASS,PASS,PASS,PASS,native semantic math
MATH-0074,chapters/01-introduction.qmd:882,PASS,PASS,PASS,PASS,native semantic math
MATH-0075,chapters/01-introduction.qmd:884,PASS,PASS,PASS,PASS,native semantic math
MATH-0076,chapters/01-introduction.qmd:888,PASS,PASS,PASS,PASS,native semantic math
MATH-0077,chapters/01-introduction.qmd:888,PASS,PASS,PASS,PASS,native semantic math
MATH-0078,chapters/01-introduction.qmd:890,PASS,PASS,PASS,PASS,short inline/text notation visually verified
MATH-0079,chapters/01-introduction.qmd:892,PASS,PASS,PASS,PASS,native semantic math
MATH-0080,chapters/01-introduction.qmd:892,PASS,PASS,PASS,PASS,native semantic math
MATH-0081,chapters/01-introduction.qmd:892,PASS,PASS,PASS,PASS,native semantic math
MATH-0082,chapters/01-introduction.qmd:894,PASS,PASS,PASS,PASS,native semantic math
MATH-0083,chapters/01-introduction.qmd:894,PASS,PASS,PASS,PASS,native semantic math
MATH-0084,chapters/01-introduction.qmd:898,PASS,PASS,PASS,PASS,native semantic math
MATH-0085,chapters/01-introduction.qmd:902,PASS,PASS,PASS,PASS,native semantic math
MATH-0086,chapters/01-introduction.qmd:908,PASS,PASS,PASS,PASS,short inline/text notation visually verified
MATH-0087,chapters/01-introduction.qmd:910,PASS,PASS,PASS,PASS,native semantic math
MATH-0088,chapters/01-introduction.qmd:910,PASS,PASS,PASS,PASS,native semantic math
MATH-0089,chapters/01-introduction.qmd:912,PASS,PASS,PASS,PASS,native semantic math
MATH-0090,chapters/01-introduction.qmd:912,PASS,PASS,PASS,PASS,native semantic math
MATH-0091,chapters/01-introduction.qmd:912,PASS,PASS,PASS,PASS,native semantic math
MATH-0092,chapters/01-introduction.qmd:912,PASS,PASS,PASS,PASS,short inline/text notation visually verified
MATH-0093,chapters/01-introduction.qmd:914,PASS,PASS,PASS,PASS,native semantic math
MATH-0094,chapters/01-introduction.qmd:914,PASS,PASS,PASS,PASS,short inline/text notation visually verified
MATH-0095,chapters/01-introduction.qmd:928,PASS,PASS,PASS,PASS,native semantic math
MATH-0096,chapters/01-introduction.qmd:929,PASS,PASS,PASS,PASS,native semantic math
MATH-0097,chapters/01-introduction.qmd:930,PASS,PASS,PASS,PASS,native semantic math
MATH-0098,chapters/01-introduction.qmd:932,PASS,PASS,PASS,PASS,native semantic math
MATH-0099,chapters/01-introduction.qmd:936,PASS,PASS,PASS,PASS,native semantic math
MATH-0100,chapters/01-introduction.qmd:936,PASS,PASS,PASS,PASS,short inline/text notation visually verified
MATH-0101,chapters/01-introduction.qmd:942,PASS,PASS,PASS,PASS,short inline/text notation visually verified
MATH-0102,chapters/01-introduction.qmd:943,PASS,PASS,PASS,PASS,short inline/text notation visually verified
MATH-0103,chapters/01-introduction.qmd:956,PASS,PASS,PASS,PASS,native semantic math
MATH-0104,chapters/01-introduction.qmd:956,PASS,PASS,PASS,PASS,native semantic math
MATH-0105,chapters/01-introduction.qmd:958,PASS,PASS,PASS,PASS,native semantic math
MATH-0106,chapters/01-introduction.qmd:958,PASS,PASS,PASS,PASS,native semantic math
MATH-0107,chapters/01-introduction.qmd:960,PASS,PASS,PASS,PASS,native semantic math
MATH-0108,chapters/01-introduction.qmd:960,PASS,PASS,PASS,PASS,native semantic math
MATH-0109,chapters/01-introduction.qmd:962,PASS,PASS,PASS,PASS,native semantic math
MATH-0110,chapters/01-introduction.qmd:962,PASS,PASS,PASS,PASS,native semantic math
MATH-0111,chapters/01-introduction.qmd:962,PASS,PASS,PASS,PASS,short inline/text notation visually verified
MATH-0112,chapters/01-introduction.qmd:966,PASS,PASS,PASS,PASS,native semantic math
MATH-0113,chapters/01-introduction.qmd:966,PASS,PASS,PASS,PASS,native semantic math
MATH-0114,chapters/01-introduction.qmd:966,PASS,PASS,PASS,PASS,native semantic math
MATH-0115,chapters/01-introduction.qmd:967,PASS,PASS,PASS,PASS,native semantic math
MATH-0116,chapters/01-introduction.qmd:968,PASS,PASS,PASS,PASS,native semantic math
MATH-0117,chapters/01-introduction.qmd:968,PASS,PASS,PASS,PASS,native semantic math
MATH-0118,chapters/01-introduction.qmd:968,PASS,PASS,PASS,PASS,native semantic math
MATH-0119,chapters/01-introduction.qmd:972,PASS,PASS,PASS,PASS,native semantic math
MATH-0120,chapters/01-introduction.qmd:993,PASS,PASS,PASS,PASS,native semantic math
MATH-0121,chapters/01-introduction.qmd:1005,PASS,PASS,PASS,PASS,native semantic math
MATH-0122,chapters/01-introduction.qmd:1015,PASS,PASS,PASS,PASS,native semantic math
MATH-0123,chapters/01-introduction.qmd:1027,PASS,PASS,PASS,PASS,short inline/text notation visually verified
MATH-0124,chapters/01-introduction.qmd:1028,PASS,PASS,PASS,PASS,short inline/text notation visually verified
MATH-0125,chapters/01-introduction.qmd:1029,PASS,PASS,PASS,PASS,short inline/text notation visually verified
MATH-0126,chapters/01-introduction.qmd:1033,PASS,PASS,PASS,PASS,native semantic math
MATH-0127,chapters/01-introduction.qmd:1043,PASS,PASS,PASS,PASS,native semantic math
MATH-0128,chapters/01-introduction.qmd:1055,PASS,PASS,PASS,PASS,native semantic math
MATH-0129,chapters/01-introduction.qmd:1071,PASS,PASS,PASS,PASS,native semantic math
MATH-0130,chapters/01-introduction.qmd:1083,PASS,PASS,PASS,PASS,short inline/text notation visually verified
MATH-0131,chapters/01-introduction.qmd:1084,PASS,PASS,PASS,PASS,short inline/text notation visually verified
MATH-0132,chapters/01-introduction.qmd:1085,PASS,PASS,PASS,PASS,short inline/text notation visually verified
MATH-0133,chapters/01-introduction.qmd:1089,PASS,PASS,PASS,PASS,native semantic math
MATH-0134,chapters/01-introduction.qmd:1103,PASS,PASS,PASS,PASS,short inline/text notation visually verified
MATH-0135,chapters/01-introduction.qmd:1123,PASS,PASS,PASS,PASS,short inline/text notation visually verified
MATH-0136,chapters/01-introduction.qmd:1124,PASS,PASS,PASS,PASS,native semantic math
MATH-0137,chapters/01-introduction.qmd:1143,PASS,PASS,PASS,PASS,short inline/text notation visually verified
MATH-0138,chapters/01-introduction.qmd:1144,PASS,PASS,PASS,PASS,native semantic math
MATH-0139,chapters/01-introduction.qmd:1144,PASS,PASS,PASS,PASS,short inline/text notation visually verified
MATH-0140,chapters/01-introduction.qmd:1167,PASS,PASS,PASS,PASS,short inline/text notation visually verified
MATH-0141,chapters/01-introduction.qmd:1168,PASS,PASS,PASS,PASS,short inline/text notation visually verified
MATH-0142,chapters/01-introduction.qmd:1169,PASS,PASS,PASS,PASS,native semantic math
MATH-0143,chapters/01-introduction.qmd:1204,PASS,PASS,PASS,PASS,native semantic math
MATH-0144,chapters/01-introduction.qmd:1204,PASS,PASS,PASS,PASS,short inline/text notation visually verified
MATH-0145,chapters/01-introduction.qmd:1206,PASS,PASS,PASS,PASS,native semantic math
MATH-0146,chapters/01-introduction.qmd:1206,PASS,PASS,PASS,PASS,short inline/text notation visually verified
MATH-0147,chapters/01-introduction.qmd:1262,PASS,PASS,PASS,PASS,short inline/text notation visually verified
MATH-0148,chapters/01-introduction.qmd:1272,PASS,PASS,PASS,PASS,native semantic math
MATH-0149,chapters/01-introduction.qmd:1273,PASS,PASS,PASS,PASS,native semantic math
MATH-0150,chapters/01-introduction.qmd:1274,PASS,PASS,PASS,PASS,native semantic math
MATH-0151,chapters/01-introduction.qmd:1282,PASS,PASS,PASS,PASS,native semantic math
MATH-0152,chapters/01-introduction.qmd:1283,PASS,PASS,PASS,PASS,native semantic math
MATH-0153,chapters/01-introduction.qmd:1284,PASS,PASS,PASS,PASS,native semantic math
MATH-0154,chapters/01-introduction.qmd:2434,PASS,PASS,PASS,PASS,short inline/text notation visually verified
MATH-0155,chapters/01-introduction.qmd:2455,PASS,PASS,PASS,PASS,short inline/text notation visually verified
MATH-0156,chapters/01-introduction.qmd:2486,PASS,PASS,PASS,PASS,native semantic math
MATH-0157,chapters/01-introduction.qmd:2487,PASS,PASS,PASS,PASS,native semantic math
MATH-0158,chapters/01-introduction.qmd:2494,PASS,PASS,PASS,PASS,native semantic math
MATH-0159,chapters/01-introduction.qmd:2552,PASS,PASS,PASS,PASS,native semantic math
MATH-0160,chapters/01-introduction.qmd:2552,PASS,PASS,PASS,PASS,short inline/text notation visually verified
MATH-0161,chapters/01-introduction.qmd:2554,PASS,PASS,PASS,PASS,short inline/text notation visually verified
MATH-0162,chapters/01-introduction.qmd:2558,PASS,PASS,PASS,PASS,native semantic math
MATH-0163,chapters/01-introduction.qmd:2558,PASS,PASS,PASS,PASS,short inline/text notation visually verified
MATH-0164,chapters/01-introduction.qmd:2560,PASS,PASS,PASS,PASS,short inline/text notation visually verified
MATH-0165,chapters/01-introduction.qmd:2563,PASS,PASS,PASS,PASS,short inline/text notation visually verified
MATH-0166,chapters/01-introduction.qmd:2565,PASS,PASS,PASS,PASS,native semantic math
MATH-0167,chapters/01-introduction.qmd:2565,PASS,PASS,PASS,PASS,short inline/text notation visually verified
MATH-0168,chapters/01-introduction.qmd:2633,PASS,PASS,PASS,PASS,short inline/text notation visually verified
MATH-0169,chapters/01-introduction.qmd:2658,PASS,PASS,PASS,PASS,short inline/text notation visually verified
MATH-0170,chapters/01-introduction.qmd:2659,PASS,PASS,PASS,PASS,short inline/text notation visually verified
MATH-0171,chapters/01-introduction.qmd:2660,PASS,PASS,PASS,PASS,short inline/text notation visually verified
MATH-0172,chapters/01-introduction.qmd:2661,PASS,PASS,PASS,PASS,short inline/text notation visually verified
MATH-0173,chapters/01-introduction.qmd:2662,PASS,PASS,PASS,PASS,short inline/text notation visually verified
MATH-0174,chapters/01-introduction.qmd:2663,PASS,PASS,PASS,PASS,short inline/text notation visually verified
MATH-0175,chapters/01-introduction.qmd:2664,PASS,PASS,PASS,PASS,short inline/text notation visually verified
MATH-0176,chapters/01-introduction.qmd:2665,PASS,PASS,PASS,PASS,short inline/text notation visually verified
MATH-0177,chapters/01-introduction.qmd:2766,PASS,PASS,PASS,PASS,short inline/text notation visually verified
MATH-0178,chapters/01-introduction.qmd:2767,PASS,PASS,PASS,PASS,short inline/text notation visually verified
MATH-0179,chapters/02-Divide-and-Conquer.qmd:14,PASS,PASS,PASS,PASS,native semantic math
MATH-0180,chapters/02-Divide-and-Conquer.qmd:14,PASS,PASS,PASS,PASS,native semantic math
MATH-0181,chapters/02-Divide-and-Conquer.qmd:20,PASS,PASS,PASS,PASS,native semantic math
MATH-0182,chapters/02-Divide-and-Conquer.qmd:20,PASS,PASS,PASS,PASS,native semantic math
MATH-0183,chapters/02-Divide-and-Conquer.qmd:39,PASS,PASS,PASS,PASS,native semantic math
MATH-0184,chapters/02-Divide-and-Conquer.qmd:40,PASS,PASS,PASS,PASS,native semantic math
MATH-0185,chapters/02-Divide-and-Conquer.qmd:90,PASS,PASS,PASS,PASS,native semantic math
MATH-0186,chapters/02-Divide-and-Conquer.qmd:94,PASS,PASS,PASS,PASS,short inline/text notation visually verified
MATH-0187,chapters/02-Divide-and-Conquer.qmd:95,PASS,PASS,PASS,PASS,short inline/text notation visually verified
MATH-0188,chapters/02-Divide-and-Conquer.qmd:96,PASS,PASS,PASS,PASS,short inline/text notation visually verified
MATH-0189,chapters/02-Divide-and-Conquer.qmd:99,PASS,PASS,PASS,PASS,native semantic math
MATH-0190,chapters/02-Divide-and-Conquer.qmd:99,PASS,PASS,PASS,PASS,native semantic math
MATH-0191,chapters/02-Divide-and-Conquer.qmd:155,PASS,PASS,PASS,PASS,native semantic math
MATH-0192,chapters/02-Divide-and-Conquer.qmd:155,PASS,PASS,PASS,PASS,short inline/text notation visually verified
MATH-0193,chapters/02-Divide-and-Conquer.qmd:156,PASS,PASS,PASS,PASS,short inline/text notation visually verified
MATH-0194,chapters/02-Divide-and-Conquer.qmd:157,PASS,PASS,PASS,PASS,native semantic math
MATH-0195,chapters/02-Divide-and-Conquer.qmd:157,PASS,PASS,PASS,PASS,short inline/text notation visually verified
MATH-0196,chapters/02-Divide-and-Conquer.qmd:159,PASS,PASS,PASS,PASS,native semantic math
MATH-0197,chapters/02-Divide-and-Conquer.qmd:159,PASS,PASS,PASS,PASS,native semantic math
MATH-0198,chapters/02-Divide-and-Conquer.qmd:159,PASS,PASS,PASS,PASS,short inline/text notation visually verified
MATH-0199,chapters/02-Divide-and-Conquer.qmd:175,PASS,PASS,PASS,PASS,native semantic math
MATH-0200,chapters/02-Divide-and-Conquer.qmd:179,PASS,PASS,PASS,PASS,native semantic math
MATH-0201,chapters/02-Divide-and-Conquer.qmd:179,PASS,PASS,PASS,PASS,native semantic math
MATH-0202,chapters/02-Divide-and-Conquer.qmd:179,PASS,PASS,PASS,PASS,short inline/text notation visually verified
MATH-0203,chapters/02-Divide-and-Conquer.qmd:180,PASS,PASS,PASS,PASS,native semantic math
MATH-0204,chapters/02-Divide-and-Conquer.qmd:180,PASS,PASS,PASS,PASS,native semantic math
MATH-0205,chapters/02-Divide-and-Conquer.qmd:180,PASS,PASS,PASS,PASS,short inline/text notation visually verified
MATH-0206,chapters/02-Divide-and-Conquer.qmd:181,PASS,PASS,PASS,PASS,native semantic math
MATH-0207,chapters/02-Divide-and-Conquer.qmd:181,PASS,PASS,PASS,PASS,native semantic math
MATH-0208,chapters/02-Divide-and-Conquer.qmd:181,PASS,PASS,PASS,PASS,short inline/text notation visually verified
MATH-0209,chapters/02-Divide-and-Conquer.qmd:182,PASS,PASS,PASS,PASS,native semantic math
MATH-0210,chapters/02-Divide-and-Conquer.qmd:182,PASS,PASS,PASS,PASS,native semantic math
MATH-0211,chapters/02-Divide-and-Conquer.qmd:182,PASS,PASS,PASS,PASS,short inline/text notation visually verified
MATH-0212,chapters/02-Divide-and-Conquer.qmd:198,PASS,PASS,PASS,PASS,short inline/text notation visually verified
MATH-0213,chapters/02-Divide-and-Conquer.qmd:199,PASS,PASS,PASS,PASS,native semantic math
MATH-0214,chapters/02-Divide-and-Conquer.qmd:199,PASS,PASS,PASS,PASS,short inline/text notation visually verified
MATH-0215,chapters/02-Divide-and-Conquer.qmd:200,PASS,PASS,PASS,PASS,native semantic math
MATH-0216,chapters/02-Divide-and-Conquer.qmd:200,PASS,PASS,PASS,PASS,native semantic math
MATH-0217,chapters/02-Divide-and-Conquer.qmd:200,PASS,PASS,PASS,PASS,short inline/text notation visually verified
MATH-0218,chapters/02-Divide-and-Conquer.qmd:209,PASS,PASS,PASS,PASS,native semantic math
MATH-0219,chapters/02-Divide-and-Conquer.qmd:209,PASS,PASS,PASS,PASS,native semantic math
MATH-0220,chapters/02-Divide-and-Conquer.qmd:209,PASS,PASS,PASS,PASS,short inline/text notation visually verified
MATH-0221,chapters/02-Divide-and-Conquer.qmd:239,PASS,PASS,PASS,PASS,native semantic math
MATH-0222,chapters/02-Divide-and-Conquer.qmd:251,PASS,PASS,PASS,PASS,native semantic math
MATH-0223,chapters/02-Divide-and-Conquer.qmd:255,PASS,PASS,PASS,PASS,native semantic math
MATH-0224,chapters/02-Divide-and-Conquer.qmd:257,PASS,PASS,PASS,PASS,native semantic math
MATH-0225,chapters/02-Divide-and-Conquer.qmd:257,PASS,PASS,PASS,PASS,native semantic math
MATH-0226,chapters/02-Divide-and-Conquer.qmd:257,PASS,PASS,PASS,PASS,short inline/text notation visually verified
MATH-0227,chapters/02-Divide-and-Conquer.qmd:261,PASS,PASS,PASS,PASS,native semantic math
MATH-0228,chapters/02-Divide-and-Conquer.qmd:327,PASS,PASS,PASS,PASS,short inline/text notation visually verified
MATH-0229,chapters/02-Divide-and-Conquer.qmd:361,PASS,PASS,PASS,PASS,short inline/text notation visually verified
MATH-0230,chapters/02-Divide-and-Conquer.qmd:362,PASS,PASS,PASS,PASS,native semantic math
MATH-0231,chapters/02-Divide-and-Conquer.qmd:363,PASS,PASS,PASS,PASS,native semantic math
MATH-0232,chapters/02-Divide-and-Conquer.qmd:431,PASS,PASS,PASS,PASS,short inline/text notation visually verified
MATH-0233,chapters/02-Divide-and-Conquer.qmd:463,PASS,PASS,PASS,PASS,short inline/text notation visually verified
MATH-0234,chapters/02-Divide-and-Conquer.qmd:476,PASS,PASS,PASS,PASS,short inline/text notation visually verified
MATH-0235,chapters/02-Divide-and-Conquer.qmd:497,PASS,PASS,PASS,PASS,native semantic math
MATH-0236,chapters/02-Divide-and-Conquer.qmd:501,PASS,PASS,PASS,PASS,native semantic math
MATH-0237,chapters/02-Divide-and-Conquer.qmd:505,PASS,PASS,PASS,PASS,native semantic math
MATH-0238,chapters/02-Divide-and-Conquer.qmd:512,PASS,PASS,PASS,PASS,short inline/text notation visually verified
MATH-0239,chapters/02-Divide-and-Conquer.qmd:525,PASS,PASS,PASS,PASS,native semantic math
MATH-0240,chapters/02-Divide-and-Conquer.qmd:525,PASS,PASS,PASS,PASS,native semantic math
MATH-0241,chapters/02-Divide-and-Conquer.qmd:529,PASS,PASS,PASS,PASS,short inline/text notation visually verified
MATH-0242,chapters/02-Divide-and-Conquer.qmd:531,PASS,PASS,PASS,PASS,short inline/text notation visually verified
MATH-0243,chapters/02-Divide-and-Conquer.qmd:533,PASS,PASS,PASS,PASS,short inline/text notation visually verified
MATH-0244,chapters/02-Divide-and-Conquer.qmd:547,PASS,PASS,PASS,PASS,native semantic math
MATH-0245,chapters/02-Divide-and-Conquer.qmd:547,PASS,PASS,PASS,PASS,short inline/text notation visually verified
MATH-0246,chapters/02-Divide-and-Conquer.qmd:549,PASS,PASS,PASS,PASS,native semantic math
MATH-0247,chapters/02-Divide-and-Conquer.qmd:549,PASS,PASS,PASS,PASS,native semantic math
MATH-0248,chapters/02-Divide-and-Conquer.qmd:551,PASS,PASS,PASS,PASS,native semantic math
MATH-0249,chapters/02-Divide-and-Conquer.qmd:551,PASS,PASS,PASS,PASS,native semantic math
MATH-0250,chapters/02-Divide-and-Conquer.qmd:563,PASS,PASS,PASS,PASS,native semantic math
MATH-0251,chapters/02-Divide-and-Conquer.qmd:575,PASS,PASS,PASS,PASS,native semantic math
MATH-0252,chapters/02-Divide-and-Conquer.qmd:584,PASS,PASS,PASS,PASS,native semantic math
MATH-0253,chapters/02-Divide-and-Conquer.qmd:584,PASS,PASS,PASS,PASS,native semantic math
MATH-0254,chapters/02-Divide-and-Conquer.qmd:594,PASS,PASS,PASS,PASS,native semantic math
MATH-0255,chapters/02-Divide-and-Conquer.qmd:603,PASS,PASS,PASS,PASS,native semantic math
MATH-0256,chapters/02-Divide-and-Conquer.qmd:634,PASS,PASS,PASS,PASS,native semantic math
MATH-0257,chapters/02-Divide-and-Conquer.qmd:634,PASS,PASS,PASS,PASS,native semantic math
MATH-0258,chapters/02-Divide-and-Conquer.qmd:634,PASS,PASS,PASS,PASS,short inline/text notation visually verified
MATH-0259,chapters/02-Divide-and-Conquer.qmd:687,PASS,PASS,PASS,PASS,native semantic math
MATH-0260,chapters/02-Divide-and-Conquer.qmd:691,PASS,PASS,PASS,PASS,native semantic math
MATH-0261,chapters/02-Divide-and-Conquer.qmd:691,PASS,PASS,PASS,PASS,native semantic math
MATH-0262,chapters/02-Divide-and-Conquer.qmd:696,PASS,PASS,PASS,PASS,native semantic math
MATH-0263,chapters/02-Divide-and-Conquer.qmd:715,PASS,PASS,PASS,PASS,short inline/text notation visually verified
MATH-0264,chapters/02-Divide-and-Conquer.qmd:726,PASS,PASS,PASS,PASS,short inline/text notation visually verified
MATH-0265,chapters/02-Divide-and-Conquer.qmd:759,PASS,PASS,PASS,PASS,short inline/text notation visually verified
MATH-0266,chapters/02-Divide-and-Conquer.qmd:810,PASS,PASS,PASS,PASS,short inline/text notation visually verified
MATH-0267,chapters/02-Divide-and-Conquer.qmd:852,PASS,PASS,PASS,PASS,short inline/text notation visually verified
MATH-0268,chapters/02-Divide-and-Conquer.qmd:921,PASS,PASS,PASS,PASS,short inline/text notation visually verified
MATH-0269,chapters/02-Divide-and-Conquer.qmd:960,PASS,PASS,PASS,PASS,native semantic math
MATH-0270,chapters/02-Divide-and-Conquer.qmd:964,PASS,PASS,PASS,PASS,native semantic math
MATH-0271,chapters/02-Divide-and-Conquer.qmd:972,PASS,PASS,PASS,PASS,native semantic math
MATH-0272,chapters/02-Divide-and-Conquer.qmd:972,PASS,PASS,PASS,PASS,native semantic math
MATH-0273,chapters/02-Divide-and-Conquer.qmd:974,PASS,PASS,PASS,PASS,native semantic math
MATH-0274,chapters/02-Divide-and-Conquer.qmd:980,PASS,PASS,PASS,PASS,short inline/text notation visually verified
MATH-0275,chapters/02-Divide-and-Conquer.qmd:990,PASS,PASS,PASS,PASS,native semantic math
MATH-0276,chapters/02-Divide-and-Conquer.qmd:1003,PASS,PASS,PASS,PASS,native semantic math
MATH-0277,chapters/02-Divide-and-Conquer.qmd:1007,PASS,PASS,PASS,PASS,native semantic math
MATH-0278,chapters/02-Divide-and-Conquer.qmd:1009,PASS,PASS,PASS,PASS,native semantic math
MATH-0279,chapters/02-Divide-and-Conquer.qmd:1016,PASS,PASS,PASS,PASS,native semantic math
MATH-0280,chapters/02-Divide-and-Conquer.qmd:1017,PASS,PASS,PASS,PASS,native semantic math
MATH-0281,chapters/02-Divide-and-Conquer.qmd:1018,PASS,PASS,PASS,PASS,native semantic math
MATH-0282,chapters/02-Divide-and-Conquer.qmd:1020,PASS,PASS,PASS,PASS,native semantic math
MATH-0283,chapters/02-Divide-and-Conquer.qmd:1024,PASS,PASS,PASS,PASS,native semantic math
MATH-0284,chapters/02-Divide-and-Conquer.qmd:1071,PASS,PASS,PASS,PASS,short inline/text notation visually verified
MATH-0285,chapters/02-Divide-and-Conquer.qmd:1072,PASS,PASS,PASS,PASS,native semantic math
MATH-0286,chapters/02-Divide-and-Conquer.qmd:1077,PASS,PASS,PASS,PASS,native semantic math
MATH-0287,chapters/02-Divide-and-Conquer.qmd:1077,PASS,PASS,PASS,PASS,native semantic math
MATH-0288,chapters/02-Divide-and-Conquer.qmd:1077,PASS,PASS,PASS,PASS,short inline/text notation visually verified
MATH-0289,chapters/02-Divide-and-Conquer.qmd:1078,PASS,PASS,PASS,PASS,native semantic math
MATH-0290,chapters/02-Divide-and-Conquer.qmd:1078,PASS,PASS,PASS,PASS,native semantic math
MATH-0291,chapters/02-Divide-and-Conquer.qmd:1078,PASS,PASS,PASS,PASS,short inline/text notation visually verified
MATH-0292,chapters/02-Divide-and-Conquer.qmd:1079,PASS,PASS,PASS,PASS,native semantic math
MATH-0293,chapters/02-Divide-and-Conquer.qmd:1079,PASS,PASS,PASS,PASS,native semantic math
MATH-0294,chapters/02-Divide-and-Conquer.qmd:1079,PASS,PASS,PASS,PASS,short inline/text notation visually verified
MATH-0295,chapters/02-Divide-and-Conquer.qmd:1160,PASS,PASS,PASS,PASS,native semantic math
MATH-0296,chapters/02-Divide-and-Conquer.qmd:1164,PASS,PASS,PASS,PASS,native semantic math
MATH-0297,chapters/02-Divide-and-Conquer.qmd:1164,PASS,PASS,PASS,PASS,native semantic math
MATH-0298,chapters/02-Divide-and-Conquer.qmd:1165,PASS,PASS,PASS,PASS,native semantic math
MATH-0299,chapters/02-Divide-and-Conquer.qmd:1166,PASS,PASS,PASS,PASS,native semantic math
MATH-0300,chapters/02-Divide-and-Conquer.qmd:1167,PASS,PASS,PASS,PASS,native semantic math
MATH-0301,chapters/02-Divide-and-Conquer.qmd:1167,PASS,PASS,PASS,PASS,native semantic math
MATH-0302,chapters/02-Divide-and-Conquer.qmd:1177,PASS,PASS,PASS,PASS,native semantic math
MATH-0303,chapters/02-Divide-and-Conquer.qmd:1180,PASS,PASS,PASS,PASS,native semantic math
MATH-0304,chapters/02-Divide-and-Conquer.qmd:1242,PASS,PASS,PASS,PASS,short inline/text notation visually verified
MATH-0305,chapters/02-Divide-and-Conquer.qmd:1289,PASS,PASS,PASS,PASS,native semantic math
MATH-0306,chapters/02-Divide-and-Conquer.qmd:1289,PASS,PASS,PASS,PASS,short inline/text notation visually verified
MATH-0307,chapters/02-Divide-and-Conquer.qmd:1340,PASS,PASS,PASS,PASS,native semantic math
MATH-0308,chapters/02-Divide-and-Conquer.qmd:1344,PASS,PASS,PASS,PASS,native semantic math
MATH-0309,chapters/02-Divide-and-Conquer.qmd:1344,PASS,PASS,PASS,PASS,native semantic math
MATH-0310,chapters/02-Divide-and-Conquer.qmd:1344,PASS,PASS,PASS,PASS,native semantic math
MATH-0311,chapters/02-Divide-and-Conquer.qmd:1350,PASS,PASS,PASS,PASS,native semantic math
MATH-0312,chapters/02-Divide-and-Conquer.qmd:1354,PASS,PASS,PASS,PASS,native semantic math
MATH-0313,chapters/02-Divide-and-Conquer.qmd:1358,PASS,PASS,PASS,PASS,native semantic math
MATH-0314,chapters/02-Divide-and-Conquer.qmd:1366,PASS,PASS,PASS,PASS,native semantic math
MATH-0315,chapters/02-Divide-and-Conquer.qmd:1374,PASS,PASS,PASS,PASS,native semantic math
MATH-0316,chapters/02-Divide-and-Conquer.qmd:1388,PASS,PASS,PASS,PASS,short inline/text notation visually verified
MATH-0317,chapters/02-Divide-and-Conquer.qmd:1390,PASS,PASS,PASS,PASS,short inline/text notation visually verified
MATH-0318,chapters/02-Divide-and-Conquer.qmd:1418,PASS,PASS,PASS,PASS,short inline/text notation visually verified
MATH-0319,chapters/02-Divide-and-Conquer.qmd:1420,PASS,PASS,PASS,PASS,native semantic math
MATH-0320,chapters/02-Divide-and-Conquer.qmd:1420,PASS,PASS,PASS,PASS,short inline/text notation visually verified
MATH-0321,chapters/02-Divide-and-Conquer.qmd:1424,PASS,PASS,PASS,PASS,short inline/text notation visually verified
MATH-0322,chapters/02-Divide-and-Conquer.qmd:1426,PASS,PASS,PASS,PASS,short inline/text notation visually verified
MATH-0323,chapters/02-Divide-and-Conquer.qmd:1446,PASS,PASS,PASS,PASS,native semantic math
MATH-0324,chapters/02-Divide-and-Conquer.qmd:1446,PASS,PASS,PASS,PASS,short inline/text notation visually verified
MATH-0325,chapters/02-Divide-and-Conquer.qmd:1456,PASS,PASS,PASS,PASS,native semantic math
MATH-0326,chapters/02-Divide-and-Conquer.qmd:1456,PASS,PASS,PASS,PASS,native semantic math
MATH-0327,chapters/02-Divide-and-Conquer.qmd:1456,PASS,PASS,PASS,PASS,native semantic math
MATH-0328,chapters/02-Divide-and-Conquer.qmd:1456,PASS,PASS,PASS,PASS,native semantic math
MATH-0329,chapters/02-Divide-and-Conquer.qmd:1458,PASS,PASS,PASS,PASS,native semantic math
MATH-0330,chapters/02-Divide-and-Conquer.qmd:1464,PASS,PASS,PASS,PASS,native semantic math
MATH-0331,chapters/02-Divide-and-Conquer.qmd:1464,PASS,PASS,PASS,PASS,native semantic math
MATH-0332,chapters/02-Divide-and-Conquer.qmd:1466,PASS,PASS,PASS,PASS,native semantic math
MATH-0333,chapters/02-Divide-and-Conquer.qmd:1470,PASS,PASS,PASS,PASS,native semantic math
MATH-0334,chapters/02-Divide-and-Conquer.qmd:1472,PASS,PASS,PASS,PASS,native semantic math
MATH-0335,chapters/02-Divide-and-Conquer.qmd:1476,PASS,PASS,PASS,PASS,native semantic math
MATH-0336,chapters/02-Divide-and-Conquer.qmd:1476,PASS,PASS,PASS,PASS,native semantic math
MATH-0337,chapters/02-Divide-and-Conquer.qmd:1478,PASS,PASS,PASS,PASS,native semantic math
MATH-0338,chapters/02-Divide-and-Conquer.qmd:1482,PASS,PASS,PASS,PASS,native semantic math
MATH-0339,chapters/02-Divide-and-Conquer.qmd:1482,PASS,PASS,PASS,PASS,native semantic math
MATH-0340,chapters/02-Divide-and-Conquer.qmd:1484,PASS,PASS,PASS,PASS,native semantic math
MATH-0341,chapters/02-Divide-and-Conquer.qmd:1488,PASS,PASS,PASS,PASS,native semantic math
MATH-0342,chapters/02-Divide-and-Conquer.qmd:1488,PASS,PASS,PASS,PASS,native semantic math
MATH-0343,chapters/02-Divide-and-Conquer.qmd:1505,PASS,PASS,PASS,PASS,native semantic math
MATH-0344,chapters/02-Divide-and-Conquer.qmd:1505,PASS,PASS,PASS,PASS,short inline/text notation visually verified
MATH-0345,chapters/02-Divide-and-Conquer.qmd:1506,PASS,PASS,PASS,PASS,native semantic math
MATH-0346,chapters/02-Divide-and-Conquer.qmd:1506,PASS,PASS,PASS,PASS,short inline/text notation visually verified
MATH-0347,chapters/02-Divide-and-Conquer.qmd:1507,PASS,PASS,PASS,PASS,native semantic math
MATH-0348,chapters/02-Divide-and-Conquer.qmd:1507,PASS,PASS,PASS,PASS,short inline/text notation visually verified
MATH-0349,chapters/02-Divide-and-Conquer.qmd:1521,PASS,PASS,PASS,PASS,short inline/text notation visually verified
MATH-0350,chapters/02-Divide-and-Conquer.qmd:1527,PASS,PASS,PASS,PASS,short inline/text notation visually verified
MATH-0351,chapters/02-Divide-and-Conquer.qmd:1531,PASS,PASS,PASS,PASS,native semantic math
MATH-0352,chapters/02-Divide-and-Conquer.qmd:1537,PASS,PASS,PASS,PASS,native semantic math
MATH-0353,chapters/02-Divide-and-Conquer.qmd:1546,PASS,PASS,PASS,PASS,native semantic math
MATH-0354,chapters/02-Divide-and-Conquer.qmd:1555,PASS,PASS,PASS,PASS,native semantic math
MATH-0355,chapters/02-Divide-and-Conquer.qmd:1555,PASS,PASS,PASS,PASS,short inline/text notation visually verified
MATH-0356,chapters/02-Divide-and-Conquer.qmd:1561,PASS,PASS,PASS,PASS,short inline/text notation visually verified
MATH-0357,chapters/02-Divide-and-Conquer.qmd:1565,PASS,PASS,PASS,PASS,native semantic math
MATH-0358,chapters/02-Divide-and-Conquer.qmd:1571,PASS,PASS,PASS,PASS,native semantic math
MATH-0359,chapters/02-Divide-and-Conquer.qmd:1580,PASS,PASS,PASS,PASS,native semantic math
MATH-0360,chapters/02-Divide-and-Conquer.qmd:1584,PASS,PASS,PASS,PASS,native semantic math
MATH-0361,chapters/02-Divide-and-Conquer.qmd:1588,PASS,PASS,PASS,PASS,native semantic math
MATH-0362,chapters/02-Divide-and-Conquer.qmd:1588,PASS,PASS,PASS,PASS,short inline/text notation visually verified
MATH-0363,chapters/02-Divide-and-Conquer.qmd:1594,PASS,PASS,PASS,PASS,short inline/text notation visually verified
MATH-0364,chapters/02-Divide-and-Conquer.qmd:1598,PASS,PASS,PASS,PASS,native semantic math
MATH-0365,chapters/02-Divide-and-Conquer.qmd:1615,PASS,PASS,PASS,PASS,native semantic math
MATH-0366,chapters/02-Divide-and-Conquer.qmd:1623,PASS,PASS,PASS,PASS,native semantic math
MATH-0367,chapters/02-Divide-and-Conquer.qmd:1623,PASS,PASS,PASS,PASS,short inline/text notation visually verified
MATH-0368,chapters/02-Divide-and-Conquer.qmd:1629,PASS,PASS,PASS,PASS,short inline/text notation visually verified
MATH-0369,chapters/02-Divide-and-Conquer.qmd:1633,PASS,PASS,PASS,PASS,native semantic math
MATH-0370,chapters/02-Divide-and-Conquer.qmd:1650,PASS,PASS,PASS,PASS,native semantic math
MATH-0371,chapters/02-Divide-and-Conquer.qmd:1654,PASS,PASS,PASS,PASS,native semantic math
MATH-0372,chapters/02-Divide-and-Conquer.qmd:1658,PASS,PASS,PASS,PASS,short inline/text notation visually verified
MATH-0373,chapters/02-Divide-and-Conquer.qmd:1664,PASS,PASS,PASS,PASS,short inline/text notation visually verified
MATH-0374,chapters/02-Divide-and-Conquer.qmd:1668,PASS,PASS,PASS,PASS,native semantic math
MATH-0375,chapters/02-Divide-and-Conquer.qmd:1681,PASS,PASS,PASS,PASS,short inline/text notation visually verified
MATH-0376,chapters/02-Divide-and-Conquer.qmd:1683,PASS,PASS,PASS,PASS,native semantic math
MATH-0377,chapters/02-Divide-and-Conquer.qmd:1689,PASS,PASS,PASS,PASS,native semantic math
MATH-0378,chapters/02-Divide-and-Conquer.qmd:1695,PASS,PASS,PASS,PASS,native semantic math
MATH-0379,chapters/02-Divide-and-Conquer.qmd:1707,PASS,PASS,PASS,PASS,short inline/text notation visually verified
MATH-0380,chapters/02-Divide-and-Conquer.qmd:1724,PASS,PASS,PASS,PASS,short inline/text notation visually verified
MATH-0381,chapters/02-Divide-and-Conquer.qmd:1733,PASS,PASS,PASS,PASS,short inline/text notation visually verified
MATH-0382,chapters/02-Divide-and-Conquer.qmd:1743,PASS,PASS,PASS,PASS,short inline/text notation visually verified
MATH-0383,chapters/02-Divide-and-Conquer.qmd:1760,PASS,PASS,PASS,PASS,native semantic math
MATH-0384,chapters/02-Divide-and-Conquer.qmd:1764,PASS,PASS,PASS,PASS,native semantic math
MATH-0385,chapters/02-Divide-and-Conquer.qmd:1768,PASS,PASS,PASS,PASS,native semantic math
MATH-0386,chapters/02-Divide-and-Conquer.qmd:1768,PASS,PASS,PASS,PASS,native semantic math
MATH-0387,chapters/02-Divide-and-Conquer.qmd:1772,PASS,PASS,PASS,PASS,native semantic math
MATH-0388,chapters/02-Divide-and-Conquer.qmd:1772,PASS,PASS,PASS,PASS,native semantic math
MATH-0389,chapters/02-Divide-and-Conquer.qmd:1772,PASS,PASS,PASS,PASS,short inline/text notation visually verified
MATH-0390,chapters/02-Divide-and-Conquer.qmd:1773,PASS,PASS,PASS,PASS,native semantic math
MATH-0391,chapters/02-Divide-and-Conquer.qmd:1773,PASS,PASS,PASS,PASS,native semantic math
MATH-0392,chapters/02-Divide-and-Conquer.qmd:1773,PASS,PASS,PASS,PASS,short inline/text notation visually verified
MATH-0393,chapters/02-Divide-and-Conquer.qmd:1774,PASS,PASS,PASS,PASS,native semantic math
MATH-0394,chapters/02-Divide-and-Conquer.qmd:1774,PASS,PASS,PASS,PASS,native semantic math
MATH-0395,chapters/02-Divide-and-Conquer.qmd:1774,PASS,PASS,PASS,PASS,short inline/text notation visually verified
MATH-0396,chapters/02-Divide-and-Conquer.qmd:1782,PASS,PASS,PASS,PASS,short inline/text notation visually verified
MATH-0397,chapters/02-Divide-and-Conquer.qmd:1795,PASS,PASS,PASS,PASS,short inline/text notation visually verified
MATH-0398,chapters/02-Divide-and-Conquer.qmd:1801,PASS,PASS,PASS,PASS,short inline/text notation visually verified
MATH-0399,chapters/02-Divide-and-Conquer.qmd:1802,PASS,PASS,PASS,PASS,short inline/text notation visually verified
MATH-0400,chapters/02-Divide-and-Conquer.qmd:1803,PASS,PASS,PASS,PASS,short inline/text notation visually verified
MATH-0401,chapters/02-Divide-and-Conquer.qmd:1804,PASS,PASS,PASS,PASS,short inline/text notation visually verified
MATH-0402,chapters/02-Divide-and-Conquer.qmd:1805,PASS,PASS,PASS,PASS,short inline/text notation visually verified
MATH-0403,chapters/02-Divide-and-Conquer.qmd:1806,PASS,PASS,PASS,PASS,short inline/text notation visually verified
MATH-0404,chapters/02-Divide-and-Conquer.qmd:1810,PASS,PASS,PASS,PASS,short inline/text notation visually verified
MATH-0405,chapters/02-Divide-and-Conquer.qmd:1812,PASS,PASS,PASS,PASS,short inline/text notation visually verified
MATH-0406,chapters/02-Divide-and-Conquer.qmd:1813,PASS,PASS,PASS,PASS,native semantic math
MATH-0407,chapters/02-Divide-and-Conquer.qmd:1813,PASS,PASS,PASS,PASS,short inline/text notation visually verified
MATH-0408,chapters/02-Divide-and-Conquer.qmd:1814,PASS,PASS,PASS,PASS,native semantic math
MATH-0409,chapters/02-Divide-and-Conquer.qmd:1815,PASS,PASS,PASS,PASS,short inline/text notation visually verified
MATH-0410,chapters/02-Divide-and-Conquer.qmd:1817,PASS,PASS,PASS,PASS,short inline/text notation visually verified
MATH-0411,chapters/02-Divide-and-Conquer.qmd:1818,PASS,PASS,PASS,PASS,native semantic math
MATH-0412,chapters/02-Divide-and-Conquer.qmd:1818,PASS,PASS,PASS,PASS,short inline/text notation visually verified
MATH-0413,chapters/02-Divide-and-Conquer.qmd:1819,PASS,PASS,PASS,PASS,native semantic math
MATH-0414,chapters/02-Divide-and-Conquer.qmd:1820,PASS,PASS,PASS,PASS,short inline/text notation visually verified
MATH-0415,chapters/02-Divide-and-Conquer.qmd:1822,PASS,PASS,PASS,PASS,short inline/text notation visually verified
MATH-0416,chapters/02-Divide-and-Conquer.qmd:1823,PASS,PASS,PASS,PASS,native semantic math
MATH-0417,chapters/02-Divide-and-Conquer.qmd:1823,PASS,PASS,PASS,PASS,short inline/text notation visually verified
MATH-0418,chapters/02-Divide-and-Conquer.qmd:1824,PASS,PASS,PASS,PASS,short inline/text notation visually verified
MATH-0419,chapters/02-Divide-and-Conquer.qmd:1825,PASS,PASS,PASS,PASS,native semantic math
MATH-0420,chapters/02-Divide-and-Conquer.qmd:1826,PASS,PASS,PASS,PASS,short inline/text notation visually verified
MATH-0421,chapters/02-Divide-and-Conquer.qmd:1828,PASS,PASS,PASS,PASS,short inline/text notation visually verified
MATH-0422,chapters/02-Divide-and-Conquer.qmd:1829,PASS,PASS,PASS,PASS,native semantic math
MATH-0423,chapters/02-Divide-and-Conquer.qmd:1829,PASS,PASS,PASS,PASS,short inline/text notation visually verified
MATH-0424,chapters/02-Divide-and-Conquer.qmd:1830,PASS,PASS,PASS,PASS,short inline/text notation visually verified
MATH-0425,chapters/02-Divide-and-Conquer.qmd:1831,PASS,PASS,PASS,PASS,native semantic math
MATH-0426,chapters/02-Divide-and-Conquer.qmd:1832,PASS,PASS,PASS,PASS,short inline/text notation visually verified
MATH-0427,chapters/02-Divide-and-Conquer.qmd:1834,PASS,PASS,PASS,PASS,short inline/text notation visually verified
MATH-0428,chapters/02-Divide-and-Conquer.qmd:1835,PASS,PASS,PASS,PASS,native semantic math
MATH-0429,chapters/02-Divide-and-Conquer.qmd:1835,PASS,PASS,PASS,PASS,short inline/text notation visually verified
MATH-0430,chapters/02-Divide-and-Conquer.qmd:1836,PASS,PASS,PASS,PASS,native semantic math
MATH-0431,chapters/02-Divide-and-Conquer.qmd:1837,PASS,PASS,PASS,PASS,short inline/text notation visually verified
MATH-0432,chapters/02-Divide-and-Conquer.qmd:1839,PASS,PASS,PASS,PASS,short inline/text notation visually verified
MATH-0433,chapters/02-Divide-and-Conquer.qmd:1840,PASS,PASS,PASS,PASS,native semantic math
MATH-0434,chapters/02-Divide-and-Conquer.qmd:1840,PASS,PASS,PASS,PASS,short inline/text notation visually verified
MATH-0435,chapters/02-Divide-and-Conquer.qmd:1841,PASS,PASS,PASS,PASS,native semantic math
MATH-0436,chapters/02-Divide-and-Conquer.qmd:1853,PASS,PASS,PASS,PASS,native semantic math
MATH-0437,chapters/02-Divide-and-Conquer.qmd:1864,PASS,PASS,PASS,PASS,native semantic math
MATH-0438,chapters/02-Divide-and-Conquer.qmd:1888,PASS,PASS,PASS,PASS,short inline/text notation visually verified
MATH-0439,chapters/02-Divide-and-Conquer.qmd:1897,PASS,PASS,PASS,PASS,native semantic math
MATH-0440,chapters/02-Divide-and-Conquer.qmd:1899,PASS,PASS,PASS,PASS,native semantic math
MATH-0441,chapters/02-Divide-and-Conquer.qmd:1909,PASS,PASS,PASS,PASS,native semantic math
MATH-0442,chapters/02-Divide-and-Conquer.qmd:1913,PASS,PASS,PASS,PASS,native semantic math
MATH-0443,chapters/02-Divide-and-Conquer.qmd:1913,PASS,PASS,PASS,PASS,native semantic math
MATH-0444,chapters/02-Divide-and-Conquer.qmd:1913,PASS,PASS,PASS,PASS,native semantic math
MATH-0445,chapters/02-Divide-and-Conquer.qmd:1913,PASS,PASS,PASS,PASS,native semantic math
MATH-0446,chapters/02-Divide-and-Conquer.qmd:1913,PASS,PASS,PASS,PASS,native semantic math
MATH-0447,chapters/02-Divide-and-Conquer.qmd:1917,PASS,PASS,PASS,PASS,native semantic math
MATH-0448,chapters/02-Divide-and-Conquer.qmd:1926,PASS,PASS,PASS,PASS,native semantic math
MATH-0449,chapters/02-Divide-and-Conquer.qmd:1970,PASS,PASS,PASS,PASS,native semantic math
MATH-0450,chapters/02-Divide-and-Conquer.qmd:2004,PASS,PASS,PASS,PASS,native semantic math
MATH-0451,chapters/02-Divide-and-Conquer.qmd:2113,PASS,PASS,PASS,PASS,native semantic math
MATH-0452,chapters/02-Divide-and-Conquer.qmd:2115,PASS,PASS,PASS,PASS,native semantic math
MATH-0453,chapters/02-Divide-and-Conquer.qmd:2145,PASS,PASS,PASS,PASS,native semantic math
MATH-0454,chapters/02-Divide-and-Conquer.qmd:2152,PASS,PASS,PASS,PASS,native semantic math
MATH-0455,chapters/02-Divide-and-Conquer.qmd:2156,PASS,PASS,PASS,PASS,native semantic math
MATH-0456,chapters/02-Divide-and-Conquer.qmd:2167,PASS,PASS,PASS,PASS,native semantic math
MATH-0457,chapters/02-Divide-and-Conquer.qmd:2174,PASS,PASS,PASS,PASS,native semantic math
MATH-0458,chapters/02-Divide-and-Conquer.qmd:2176,PASS,PASS,PASS,PASS,native semantic math
MATH-0459,chapters/02-Divide-and-Conquer.qmd:2180,PASS,PASS,PASS,PASS,native semantic math
MATH-0460,chapters/02-Divide-and-Conquer.qmd:2181,PASS,PASS,PASS,PASS,native semantic math
MATH-0461,chapters/02-Divide-and-Conquer.qmd:2182,PASS,PASS,PASS,PASS,native semantic math
MATH-0462,chapters/02-Divide-and-Conquer.qmd:2183,PASS,PASS,PASS,PASS,native semantic math
MATH-0463,chapters/02-Divide-and-Conquer.qmd:2197,PASS,PASS,PASS,PASS,native semantic math
MATH-0464,chapters/02-Divide-and-Conquer.qmd:2197,PASS,PASS,PASS,PASS,native semantic math
MATH-0465,chapters/02-Divide-and-Conquer.qmd:2243,PASS,PASS,PASS,PASS,native semantic math
MATH-0466,chapters/02-Divide-and-Conquer.qmd:2630,PASS,PASS,PASS,PASS,native semantic math
MATH-0467,chapters/02-Divide-and-Conquer.qmd:2817,PASS,PASS,PASS,PASS,native semantic math
MATH-0468,chapters/02-Divide-and-Conquer.qmd:2845,PASS,PASS,PASS,PASS,native semantic math
MATH-0469,chapters/02-Divide-and-Conquer.qmd:2847,PASS,PASS,PASS,PASS,native semantic math
MATH-0470,chapters/02-Divide-and-Conquer.qmd:2853,PASS,PASS,PASS,PASS,native semantic math
MATH-0471,chapters/02-Divide-and-Conquer.qmd:2854,PASS,PASS,PASS,PASS,native semantic math
MATH-0472,chapters/02-Divide-and-Conquer.qmd:2861,PASS,PASS,PASS,PASS,short inline/text notation visually verified
MATH-0473,chapters/02-Divide-and-Conquer.qmd:2867,PASS,PASS,PASS,PASS,native semantic math
MATH-0474,chapters/02-Divide-and-Conquer.qmd:2868,PASS,PASS,PASS,PASS,native semantic math
MATH-0475,chapters/02-Divide-and-Conquer.qmd:2869,PASS,PASS,PASS,PASS,native semantic math
MATH-0476,chapters/02-Divide-and-Conquer.qmd:2870,PASS,PASS,PASS,PASS,native semantic math
MATH-0477,chapters/02-Divide-and-Conquer.qmd:2876,PASS,PASS,PASS,PASS,native semantic math
MATH-0478,chapters/02-Divide-and-Conquer.qmd:2876,PASS,PASS,PASS,PASS,native semantic math
MATH-0479,chapters/02-Divide-and-Conquer.qmd:2876,PASS,PASS,PASS,PASS,native semantic math
MATH-0480,chapters/02-Divide-and-Conquer.qmd:2877,PASS,PASS,PASS,PASS,native semantic math
MATH-0481,chapters/02-Divide-and-Conquer.qmd:2877,PASS,PASS,PASS,PASS,native semantic math
MATH-0482,chapters/02-Divide-and-Conquer.qmd:2878,PASS,PASS,PASS,PASS,native semantic math
MATH-0483,chapters/02-Divide-and-Conquer.qmd:2878,PASS,PASS,PASS,PASS,native semantic math
MATH-0484,chapters/02-Divide-and-Conquer.qmd:2878,PASS,PASS,PASS,PASS,native semantic math
MATH-0485,chapters/02-Divide-and-Conquer.qmd:2879,PASS,PASS,PASS,PASS,native semantic math
MATH-0486,chapters/02-Divide-and-Conquer.qmd:2879,PASS,PASS,PASS,PASS,native semantic math
MATH-0487,chapters/02-Divide-and-Conquer.qmd:2880,PASS,PASS,PASS,PASS,native semantic math
MATH-0488,chapters/02-Divide-and-Conquer.qmd:2880,PASS,PASS,PASS,PASS,native semantic math
MATH-0489,chapters/02-Divide-and-Conquer.qmd:2880,PASS,PASS,PASS,PASS,native semantic math
MATH-0490,chapters/02-Divide-and-Conquer.qmd:2881,PASS,PASS,PASS,PASS,native semantic math
MATH-0491,chapters/02-Divide-and-Conquer.qmd:2881,PASS,PASS,PASS,PASS,native semantic math
MATH-0492,chapters/02-Divide-and-Conquer.qmd:2881,PASS,PASS,PASS,PASS,native semantic math
MATH-0493,chapters/02-Divide-and-Conquer.qmd:2881,PASS,PASS,PASS,PASS,native semantic math
MATH-0494,chapters/02-Divide-and-Conquer.qmd:2928,PASS,PASS,PASS,PASS,native semantic math
MATH-0495,chapters/02-Divide-and-Conquer.qmd:2928,PASS,PASS,PASS,PASS,native semantic math
MATH-0496,chapters/02-Divide-and-Conquer.qmd:2928,PASS,PASS,PASS,PASS,short inline/text notation visually verified
MATH-0497,chapters/02-Divide-and-Conquer.qmd:2968,PASS,PASS,PASS,PASS,short inline/text notation visually verified
MATH-0498,chapters/02-Divide-and-Conquer.qmd:2969,PASS,PASS,PASS,PASS,short inline/text notation visually verified
MATH-0499,chapters/02-Divide-and-Conquer.qmd:3001,PASS,PASS,PASS,PASS,native semantic math
MATH-0500,chapters/02-Divide-and-Conquer.qmd:3003,PASS,PASS,PASS,PASS,native semantic math
MATH-0501,chapters/02-Divide-and-Conquer.qmd:3067,PASS,PASS,PASS,PASS,native semantic math
MATH-0502,chapters/02-Divide-and-Conquer.qmd:3086,PASS,PASS,PASS,PASS,native semantic math
MATH-0503,chapters/02-Divide-and-Conquer.qmd:3086,PASS,PASS,PASS,PASS,short inline/text notation visually verified
MATH-0504,chapters/02-Divide-and-Conquer.qmd:3120,PASS,PASS,PASS,PASS,native semantic math
MATH-0505,chapters/03-Data-Structures-for-Efficiency.qmd:21,PASS,PASS,PASS,PASS,native semantic math
MATH-0506,chapters/03-Data-Structures-for-Efficiency.qmd:26,PASS,PASS,PASS,PASS,native semantic math
MATH-0507,chapters/03-Data-Structures-for-Efficiency.qmd:31,PASS,PASS,PASS,PASS,native semantic math
MATH-0508,chapters/03-Data-Structures-for-Efficiency.qmd:109,PASS,PASS,PASS,PASS,short inline/text notation visually verified
MATH-0509,chapters/03-Data-Structures-for-Efficiency.qmd:110,PASS,PASS,PASS,PASS,short inline/text notation visually verified
MATH-0510,chapters/03-Data-Structures-for-Efficiency.qmd:116,PASS,PASS,PASS,PASS,native semantic math
MATH-0511,chapters/03-Data-Structures-for-Efficiency.qmd:116,PASS,PASS,PASS,PASS,native semantic math
MATH-0512,chapters/03-Data-Structures-for-Efficiency.qmd:116,PASS,PASS,PASS,PASS,native semantic math
MATH-0513,chapters/03-Data-Structures-for-Efficiency.qmd:233,PASS,PASS,PASS,PASS,native semantic math
MATH-0514,chapters/03-Data-Structures-for-Efficiency.qmd:235,PASS,PASS,PASS,PASS,native semantic math
MATH-0515,chapters/03-Data-Structures-for-Efficiency.qmd:235,PASS,PASS,PASS,PASS,native semantic math
MATH-0516,chapters/03-Data-Structures-for-Efficiency.qmd:248,PASS,PASS,PASS,PASS,native semantic math
MATH-0517,chapters/03-Data-Structures-for-Efficiency.qmd:260,PASS,PASS,PASS,PASS,native semantic math
MATH-0518,chapters/03-Data-Structures-for-Efficiency.qmd:260,PASS,PASS,PASS,PASS,native semantic math
MATH-0519,chapters/03-Data-Structures-for-Efficiency.qmd:260,PASS,PASS,PASS,PASS,native semantic math
MATH-0520,chapters/03-Data-Structures-for-Efficiency.qmd:260,PASS,PASS,PASS,PASS,native semantic math
MATH-0521,chapters/03-Data-Structures-for-Efficiency.qmd:260,PASS,PASS,PASS,PASS,short inline/text notation visually verified
MATH-0522,chapters/03-Data-Structures-for-Efficiency.qmd:427,PASS,PASS,PASS,PASS,native semantic math
MATH-0523,chapters/03-Data-Structures-for-Efficiency.qmd:467,PASS,PASS,PASS,PASS,short inline/text notation visually verified
MATH-0524,chapters/03-Data-Structures-for-Efficiency.qmd:680,PASS,PASS,PASS,PASS,short inline/text notation visually verified
MATH-0525,chapters/03-Data-Structures-for-Efficiency.qmd:684,PASS,PASS,PASS,PASS,short inline/text notation visually verified
MATH-0526,chapters/03-Data-Structures-for-Efficiency.qmd:685,PASS,PASS,PASS,PASS,short inline/text notation visually verified
MATH-0527,chapters/03-Data-Structures-for-Efficiency.qmd:836,PASS,PASS,PASS,PASS,native semantic math
MATH-0528,chapters/03-Data-Structures-for-Efficiency.qmd:840,PASS,PASS,PASS,PASS,native semantic math
MATH-0529,chapters/03-Data-Structures-for-Efficiency.qmd:844,PASS,PASS,PASS,PASS,native semantic math
MATH-0530,chapters/03-Data-Structures-for-Efficiency.qmd:848,PASS,PASS,PASS,PASS,native semantic math
MATH-0531,chapters/03-Data-Structures-for-Efficiency.qmd:848,PASS,PASS,PASS,PASS,native semantic math
MATH-0532,chapters/03-Data-Structures-for-Efficiency.qmd:854,PASS,PASS,PASS,PASS,short inline/text notation visually verified
MATH-0533,chapters/03-Data-Structures-for-Efficiency.qmd:856,PASS,PASS,PASS,PASS,native semantic math
MATH-0534,chapters/03-Data-Structures-for-Efficiency.qmd:1094,PASS,PASS,PASS,PASS,native semantic math
MATH-0535,chapters/03-Data-Structures-for-Efficiency.qmd:1249,PASS,PASS,PASS,PASS,native semantic math
MATH-0536,chapters/03-Data-Structures-for-Efficiency.qmd:1250,PASS,PASS,PASS,PASS,native semantic math
MATH-0537,chapters/03-Data-Structures-for-Efficiency.qmd:1251,PASS,PASS,PASS,PASS,native semantic math
MATH-0538,chapters/03-Data-Structures-for-Efficiency.qmd:2057,PASS,PASS,PASS,PASS,native semantic math
MATH-0539,chapters/03-Data-Structures-for-Efficiency.qmd:2057,PASS,PASS,PASS,PASS,native semantic math
MATH-0540,chapters/03-Data-Structures-for-Efficiency.qmd:2057,PASS,PASS,PASS,PASS,native semantic math
MATH-0541,chapters/03-Data-Structures-for-Efficiency.qmd:2057,PASS,PASS,PASS,PASS,short inline/text notation visually verified
MATH-0542,chapters/03-Data-Structures-for-Efficiency.qmd:2121,PASS,PASS,PASS,PASS,native semantic math
MATH-0543,chapters/03-Data-Structures-for-Efficiency.qmd:2121,PASS,PASS,PASS,PASS,native semantic math
MATH-0544,chapters/03-Data-Structures-for-Efficiency.qmd:2121,PASS,PASS,PASS,PASS,native semantic math
MATH-0545,chapters/03-Data-Structures-for-Efficiency.qmd:2135,PASS,PASS,PASS,PASS,short inline/text notation visually verified
MATH-0546,chapters/03-Data-Structures-for-Efficiency.qmd:2136,PASS,PASS,PASS,PASS,short inline/text notation visually verified
MATH-0547,chapters/03-Data-Structures-for-Efficiency.qmd:2137,PASS,PASS,PASS,PASS,short inline/text notation visually verified
MATH-0548,chapters/04-Greedy-Algorithms.qmd:15,PASS,PASS,PASS,PASS,short inline/text notation visually verified
MATH-0549,chapters/04-Greedy-Algorithms.qmd:16,PASS,PASS,PASS,PASS,short inline/text notation visually verified
MATH-0550,chapters/04-Greedy-Algorithms.qmd:17,PASS,PASS,PASS,PASS,short inline/text notation visually verified
MATH-0551,chapters/04-Greedy-Algorithms.qmd:18,PASS,PASS,PASS,PASS,short inline/text notation visually verified
MATH-0552,chapters/04-Greedy-Algorithms.qmd:19,PASS,PASS,PASS,PASS,short inline/text notation visually verified
MATH-0553,chapters/04-Greedy-Algorithms.qmd:20,PASS,PASS,PASS,PASS,short inline/text notation visually verified
MATH-0554,chapters/04-Greedy-Algorithms.qmd:54,PASS,PASS,PASS,PASS,native semantic math
MATH-0555,chapters/04-Greedy-Algorithms.qmd:56,PASS,PASS,PASS,PASS,native semantic math
MATH-0556,chapters/05-Dynamic-Programming.qmd:153,PASS,PASS,PASS,PASS,native semantic math
MATH-0557,chapters/05-Dynamic-Programming.qmd:153,PASS,PASS,PASS,PASS,short inline/text notation visually verified
MATH-0558,chapters/05-Dynamic-Programming.qmd:155,PASS,PASS,PASS,PASS,native semantic math
MATH-0559,chapters/05-Dynamic-Programming.qmd:166,PASS,PASS,PASS,PASS,short inline/text notation visually verified
MATH-0560,chapters/05-Dynamic-Programming.qmd:230,PASS,PASS,PASS,PASS,native semantic math
MATH-0561,chapters/05-Dynamic-Programming.qmd:230,PASS,PASS,PASS,PASS,native semantic math
MATH-0562,chapters/05-Dynamic-Programming.qmd:361,PASS,PASS,PASS,PASS,native semantic math
MATH-0563,chapters/05-Dynamic-Programming.qmd:361,PASS,PASS,PASS,PASS,native semantic math
MATH-0564,chapters/05-Dynamic-Programming.qmd:371,PASS,PASS,PASS,PASS,native semantic math
MATH-0565,chapters/05-Dynamic-Programming.qmd:371,PASS,PASS,PASS,PASS,native semantic math
MATH-0566,chapters/05-Dynamic-Programming.qmd:372,PASS,PASS,PASS,PASS,native semantic math
MATH-0567,chapters/05-Dynamic-Programming.qmd:373,PASS,PASS,PASS,PASS,native semantic math
MATH-0568,chapters/05-Dynamic-Programming.qmd:374,PASS,PASS,PASS,PASS,native semantic math
MATH-0569,chapters/05-Dynamic-Programming.qmd:374,PASS,PASS,PASS,PASS,native semantic math
MATH-0570,chapters/05-Dynamic-Programming.qmd:653,PASS,PASS,PASS,PASS,short inline/text notation visually verified
MATH-0571,chapters/05-Dynamic-Programming.qmd:738,PASS,PASS,PASS,PASS,native semantic math
MATH-0572,chapters/05-Dynamic-Programming.qmd:742,PASS,PASS,PASS,PASS,native semantic math
MATH-0573,chapters/05-Dynamic-Programming.qmd:746,PASS,PASS,PASS,PASS,native semantic math
MATH-0574,chapters/05-Dynamic-Programming.qmd:747,PASS,PASS,PASS,PASS,native semantic math
MATH-0575,chapters/05-Dynamic-Programming.qmd:748,PASS,PASS,PASS,PASS,native semantic math
MATH-0576,chapters/05-Dynamic-Programming.qmd:823,PASS,PASS,PASS,PASS,short inline/text notation visually verified
MATH-0577,chapters/05-Dynamic-Programming.qmd:825,PASS,PASS,PASS,PASS,short inline/text notation visually verified
MATH-0578,chapters/05-Dynamic-Programming.qmd:826,PASS,PASS,PASS,PASS,short inline/text notation visually verified
MATH-0579,chapters/05-Dynamic-Programming.qmd:828,PASS,PASS,PASS,PASS,short inline/text notation visually verified
MATH-0580,chapters/05-Dynamic-Programming.qmd:836,PASS,PASS,PASS,PASS,native semantic math
MATH-0581,chapters/05-Dynamic-Programming.qmd:844,PASS,PASS,PASS,PASS,short inline/text notation visually verified
MATH-0582,chapters/05-Dynamic-Programming.qmd:952,PASS,PASS,PASS,PASS,native semantic math
MATH-0583,chapters/05-Dynamic-Programming.qmd:954,PASS,PASS,PASS,PASS,native semantic math
MATH-0584,chapters/05-Dynamic-Programming.qmd:955,PASS,PASS,PASS,PASS,native semantic math
MATH-0585,chapters/05-Dynamic-Programming.qmd:957,PASS,PASS,PASS,PASS,native semantic math
MATH-0586,chapters/05-Dynamic-Programming.qmd:963,PASS,PASS,PASS,PASS,short inline/text notation visually verified
MATH-0587,chapters/05-Dynamic-Programming.qmd:1862,PASS,PASS,PASS,PASS,native semantic math
MATH-0588,chapters/05-Dynamic-Programming.qmd:1862,PASS,PASS,PASS,PASS,native semantic math
MATH-0589,chapters/06-Randomized-Algorithms.qmd:169,PASS,PASS,PASS,PASS,short inline/text notation visually verified
MATH-0590,chapters/06-Randomized-Algorithms.qmd:170,PASS,PASS,PASS,PASS,short inline/text notation visually verified
MATH-0591,chapters/06-Randomized-Algorithms.qmd:175,PASS,PASS,PASS,PASS,native semantic math
MATH-0592,chapters/06-Randomized-Algorithms.qmd:199,PASS,PASS,PASS,PASS,native semantic math
MATH-0593,chapters/06-Randomized-Algorithms.qmd:200,PASS,PASS,PASS,PASS,native semantic math
MATH-0594,chapters/06-Randomized-Algorithms.qmd:207,PASS,PASS,PASS,PASS,short inline/text notation visually verified
MATH-0595,chapters/06-Randomized-Algorithms.qmd:212,PASS,PASS,PASS,PASS,short inline/text notation visually verified
MATH-0596,chapters/06-Randomized-Algorithms.qmd:216,PASS,PASS,PASS,PASS,short inline/text notation visually verified
MATH-0597,chapters/06-Randomized-Algorithms.qmd:261,PASS,PASS,PASS,PASS,short inline/text notation visually verified
MATH-0598,chapters/06-Randomized-Algorithms.qmd:262,PASS,PASS,PASS,PASS,short inline/text notation visually verified
MATH-0599,chapters/06-Randomized-Algorithms.qmd:278,PASS,PASS,PASS,PASS,short inline/text notation visually verified
MATH-0600,chapters/06-Randomized-Algorithms.qmd:302,PASS,PASS,PASS,PASS,short inline/text notation visually verified
MATH-0601,chapters/06-Randomized-Algorithms.qmd:399,PASS,PASS,PASS,PASS,short inline/text notation visually verified
MATH-0602,chapters/06-Randomized-Algorithms.qmd:467,PASS,PASS,PASS,PASS,short inline/text notation visually verified
MATH-0603,chapters/06-Randomized-Algorithms.qmd:517,PASS,PASS,PASS,PASS,native semantic math
MATH-0604,chapters/06-Randomized-Algorithms.qmd:518,PASS,PASS,PASS,PASS,native semantic math
MATH-0605,chapters/06-Randomized-Algorithms.qmd:519,PASS,PASS,PASS,PASS,native semantic math
MATH-0606,chapters/06-Randomized-Algorithms.qmd:554,PASS,PASS,PASS,PASS,native semantic math
MATH-0607,chapters/06-Randomized-Algorithms.qmd:556,PASS,PASS,PASS,PASS,native semantic math
MATH-0608,chapters/06-Randomized-Algorithms.qmd:604,PASS,PASS,PASS,PASS,native semantic math
MATH-0609,chapters/06-Randomized-Algorithms.qmd:604,PASS,PASS,PASS,PASS,native semantic math
MATH-0610,chapters/06-Randomized-Algorithms.qmd:639,PASS,PASS,PASS,PASS,native semantic math
MATH-0611,chapters/06-Randomized-Algorithms.qmd:639,PASS,PASS,PASS,PASS,native semantic math
MATH-0612,chapters/06-Randomized-Algorithms.qmd:653,PASS,PASS,PASS,PASS,native semantic math
MATH-0613,chapters/06-Randomized-Algorithms.qmd:653,PASS,PASS,PASS,PASS,native semantic math
MATH-0614,chapters/06-Randomized-Algorithms.qmd:655,PASS,PASS,PASS,PASS,native semantic math
MATH-0615,chapters/06-Randomized-Algorithms.qmd:659,PASS,PASS,PASS,PASS,native semantic math
MATH-0616,chapters/06-Randomized-Algorithms.qmd:659,PASS,PASS,PASS,PASS,native semantic math
MATH-0617,chapters/06-Randomized-Algorithms.qmd:667,PASS,PASS,PASS,PASS,native semantic math
MATH-0618,chapters/06-Randomized-Algorithms.qmd:671,PASS,PASS,PASS,PASS,native semantic math
MATH-0619,chapters/06-Randomized-Algorithms.qmd:671,PASS,PASS,PASS,PASS,native semantic math
MATH-0620,chapters/06-Randomized-Algorithms.qmd:671,PASS,PASS,PASS,PASS,native semantic math
MATH-0621,chapters/06-Randomized-Algorithms.qmd:671,PASS,PASS,PASS,PASS,native semantic math
MATH-0622,chapters/06-Randomized-Algorithms.qmd:671,PASS,PASS,PASS,PASS,native semantic math
MATH-0623,chapters/06-Randomized-Algorithms.qmd:817,PASS,PASS,PASS,PASS,short inline/text notation visually verified
MATH-0624,chapters/06-Randomized-Algorithms.qmd:1274,PASS,PASS,PASS,PASS,native semantic math
MATH-0625,chapters/06-Randomized-Algorithms.qmd:1274,PASS,PASS,PASS,PASS,short inline/text notation visually verified
MATH-0626,chapters/06-Randomized-Algorithms.qmd:1288,PASS,PASS,PASS,PASS,short inline/text notation visually verified
MATH-0627,chapters/06-Randomized-Algorithms.qmd:1295,PASS,PASS,PASS,PASS,short inline/text notation visually verified
MATH-0628,chapters/06-Randomized-Algorithms.qmd:1296,PASS,PASS,PASS,PASS,short inline/text notation visually verified
MATH-0629,chapters/06-Randomized-Algorithms.qmd:1304,PASS,PASS,PASS,PASS,short inline/text notation visually verified
MATH-0630,chapters/06-Randomized-Algorithms.qmd:1305,PASS,PASS,PASS,PASS,short inline/text notation visually verified
MATH-0631,chapters/06-Randomized-Algorithms.qmd:1458,PASS,PASS,PASS,PASS,short inline/text notation visually verified
MATH-0632,chapters/06-Randomized-Algorithms.qmd:1459,PASS,PASS,PASS,PASS,short inline/text notation visually verified
MATH-0633,chapters/06-Randomized-Algorithms.qmd:1601,PASS,PASS,PASS,PASS,short inline/text notation visually verified
MATH-0634,chapters/06-Randomized-Algorithms.qmd:1607,PASS,PASS,PASS,PASS,short inline/text notation visually verified
MATH-0635,chapters/06-Randomized-Algorithms.qmd:1611,PASS,PASS,PASS,PASS,short inline/text notation visually verified
MATH-0636,chapters/06-Randomized-Algorithms.qmd:1612,PASS,PASS,PASS,PASS,short inline/text notation visually verified
MATH-0637,chapters/06-Randomized-Algorithms.qmd:1617,PASS,PASS,PASS,PASS,short inline/text notation visually verified
MATH-0638,chapters/06-Randomized-Algorithms.qmd:1697,PASS,PASS,PASS,PASS,short inline/text notation visually verified
MATH-0639,chapters/06-Randomized-Algorithms.qmd:1698,PASS,PASS,PASS,PASS,short inline/text notation visually verified
MATH-0640,chapters/07-Computational-Complexity.qmd:80,PASS,PASS,PASS,PASS,native semantic math
MATH-0641,chapters/07-Computational-Complexity.qmd:86,PASS,PASS,PASS,PASS,native semantic math
MATH-0642,chapters/07-Computational-Complexity.qmd:92,PASS,PASS,PASS,PASS,native semantic math
MATH-0643,chapters/07-Computational-Complexity.qmd:96,PASS,PASS,PASS,PASS,native semantic math
MATH-0644,chapters/07-Computational-Complexity.qmd:96,PASS,PASS,PASS,PASS,native semantic math
MATH-0645,chapters/07-Computational-Complexity.qmd:96,PASS,PASS,PASS,PASS,native semantic math
MATH-0646,chapters/07-Computational-Complexity.qmd:100,PASS,PASS,PASS,PASS,short inline/text notation visually verified
MATH-0647,chapters/07-Computational-Complexity.qmd:112,PASS,PASS,PASS,PASS,native semantic math
MATH-0648,chapters/07-Computational-Complexity.qmd:112,PASS,PASS,PASS,PASS,native semantic math
MATH-0649,chapters/07-Computational-Complexity.qmd:112,PASS,PASS,PASS,PASS,native semantic math
MATH-0650,chapters/07-Computational-Complexity.qmd:112,PASS,PASS,PASS,PASS,native semantic math
MATH-0651,chapters/07-Computational-Complexity.qmd:113,PASS,PASS,PASS,PASS,short inline/text notation visually verified
MATH-0652,chapters/07-Computational-Complexity.qmd:117,PASS,PASS,PASS,PASS,native semantic math
MATH-0653,chapters/07-Computational-Complexity.qmd:117,PASS,PASS,PASS,PASS,native semantic math
MATH-0654,chapters/07-Computational-Complexity.qmd:117,PASS,PASS,PASS,PASS,native semantic math
MATH-0655,chapters/07-Computational-Complexity.qmd:151,PASS,PASS,PASS,PASS,native semantic math
MATH-0656,chapters/07-Computational-Complexity.qmd:156,PASS,PASS,PASS,PASS,native semantic math
MATH-0657,chapters/07-Computational-Complexity.qmd:161,PASS,PASS,PASS,PASS,native semantic math
MATH-0658,chapters/07-Computational-Complexity.qmd:166,PASS,PASS,PASS,PASS,native semantic math
MATH-0659,chapters/07-Computational-Complexity.qmd:210,PASS,PASS,PASS,PASS,short inline/text notation visually verified
MATH-0660,chapters/07-Computational-Complexity.qmd:212,PASS,PASS,PASS,PASS,short inline/text notation visually verified
MATH-0661,chapters/07-Computational-Complexity.qmd:249,PASS,PASS,PASS,PASS,short inline/text notation visually verified
MATH-0662,chapters/07-Computational-Complexity.qmd:270,PASS,PASS,PASS,PASS,short inline/text notation visually verified
MATH-0663,chapters/07-Computational-Complexity.qmd:306,PASS,PASS,PASS,PASS,short inline/text notation visually verified
MATH-0664,chapters/07-Computational-Complexity.qmd:377,PASS,PASS,PASS,PASS,native semantic math
MATH-0665,chapters/07-Computational-Complexity.qmd:478,PASS,PASS,PASS,PASS,native semantic math
MATH-0666,chapters/07-Computational-Complexity.qmd:479,PASS,PASS,PASS,PASS,native semantic math
MATH-0667,chapters/07-Computational-Complexity.qmd:529,PASS,PASS,PASS,PASS,short inline/text notation visually verified
MATH-0668,chapters/07-Computational-Complexity.qmd:650,PASS,PASS,PASS,PASS,short inline/text notation visually verified
MATH-0669,chapters/07-Computational-Complexity.qmd:651,PASS,PASS,PASS,PASS,short inline/text notation visually verified
MATH-0670,chapters/07-Computational-Complexity.qmd:652,PASS,PASS,PASS,PASS,short inline/text notation visually verified
MATH-0671,chapters/07-Computational-Complexity.qmd:671,PASS,PASS,PASS,PASS,short inline/text notation visually verified
MATH-0672,chapters/07-Computational-Complexity.qmd:699,PASS,PASS,PASS,PASS,short inline/text notation visually verified
MATH-0673,chapters/07-Computational-Complexity.qmd:728,PASS,PASS,PASS,PASS,short inline/text notation visually verified
MATH-0674,chapters/07-Computational-Complexity.qmd:746,PASS,PASS,PASS,PASS,short inline/text notation visually verified
MATH-0675,chapters/07-Computational-Complexity.qmd:911,PASS,PASS,PASS,PASS,native semantic math
MATH-0676,chapters/07-Computational-Complexity.qmd:912,PASS,PASS,PASS,PASS,native semantic math
MATH-0677,chapters/07-Computational-Complexity.qmd:913,PASS,PASS,PASS,PASS,native semantic math
MATH-0678,chapters/07-Computational-Complexity.qmd:961,PASS,PASS,PASS,PASS,short inline/text notation visually verified
MATH-0679,chapters/08-Approximation-Algorithms.qmd:38,PASS,PASS,PASS,PASS,short inline/text notation visually verified
MATH-0680,chapters/08-Approximation-Algorithms.qmd:41,PASS,PASS,PASS,PASS,short inline/text notation visually verified
MATH-0681,chapters/08-Approximation-Algorithms.qmd:43,PASS,PASS,PASS,PASS,short inline/text notation visually verified
MATH-0682,chapters/08-Approximation-Algorithms.qmd:46,PASS,PASS,PASS,PASS,short inline/text notation visually verified
MATH-0683,chapters/08-Approximation-Algorithms.qmd:47,PASS,PASS,PASS,PASS,short inline/text notation visually verified
MATH-0684,chapters/08-Approximation-Algorithms.qmd:119,PASS,PASS,PASS,PASS,short inline/text notation visually verified
MATH-0685,chapters/08-Approximation-Algorithms.qmd:128,PASS,PASS,PASS,PASS,short inline/text notation visually verified
MATH-0686,chapters/08-Approximation-Algorithms.qmd:136,PASS,PASS,PASS,PASS,native semantic math
MATH-0687,chapters/08-Approximation-Algorithms.qmd:137,PASS,PASS,PASS,PASS,short inline/text notation visually verified
MATH-0688,chapters/08-Approximation-Algorithms.qmd:145,PASS,PASS,PASS,PASS,short inline/text notation visually verified
MATH-0689,chapters/08-Approximation-Algorithms.qmd:146,PASS,PASS,PASS,PASS,short inline/text notation visually verified
MATH-0690,chapters/08-Approximation-Algorithms.qmd:147,PASS,PASS,PASS,PASS,short inline/text notation visually verified
MATH-0691,chapters/08-Approximation-Algorithms.qmd:148,PASS,PASS,PASS,PASS,native semantic math
MATH-0692,chapters/08-Approximation-Algorithms.qmd:148,PASS,PASS,PASS,PASS,short inline/text notation visually verified
MATH-0693,chapters/08-Approximation-Algorithms.qmd:164,PASS,PASS,PASS,PASS,short inline/text notation visually verified
MATH-0694,chapters/08-Approximation-Algorithms.qmd:223,PASS,PASS,PASS,PASS,native semantic math
MATH-0695,chapters/08-Approximation-Algorithms.qmd:283,PASS,PASS,PASS,PASS,short inline/text notation visually verified
MATH-0696,chapters/08-Approximation-Algorithms.qmd:286,PASS,PASS,PASS,PASS,short inline/text notation visually verified
MATH-0697,chapters/08-Approximation-Algorithms.qmd:288,PASS,PASS,PASS,PASS,native semantic math
MATH-0698,chapters/08-Approximation-Algorithms.qmd:290,PASS,PASS,PASS,PASS,native semantic math
MATH-0699,chapters/08-Approximation-Algorithms.qmd:319,PASS,PASS,PASS,PASS,short inline/text notation visually verified
MATH-0700,chapters/08-Approximation-Algorithms.qmd:365,PASS,PASS,PASS,PASS,short inline/text notation visually verified
MATH-0701,chapters/08-Approximation-Algorithms.qmd:465,PASS,PASS,PASS,PASS,short inline/text notation visually verified
MATH-0702,chapters/08-Approximation-Algorithms.qmd:468,PASS,PASS,PASS,PASS,short inline/text notation visually verified
MATH-0703,chapters/08-Approximation-Algorithms.qmd:476,PASS,PASS,PASS,PASS,short inline/text notation visually verified
MATH-0704,chapters/08-Approximation-Algorithms.qmd:479,PASS,PASS,PASS,PASS,short inline/text notation visually verified
MATH-0705,chapters/08-Approximation-Algorithms.qmd:594,PASS,PASS,PASS,PASS,short inline/text notation visually verified
MATH-0706,chapters/08-Approximation-Algorithms.qmd:595,PASS,PASS,PASS,PASS,short inline/text notation visually verified
MATH-0707,chapters/08-Approximation-Algorithms.qmd:596,PASS,PASS,PASS,PASS,short inline/text notation visually verified
MATH-0708,chapters/08-Approximation-Algorithms.qmd:597,PASS,PASS,PASS,PASS,short inline/text notation visually verified
MATH-0709,chapters/08-Approximation-Algorithms.qmd:669,PASS,PASS,PASS,PASS,short inline/text notation visually verified
MATH-0710,chapters/08-Approximation-Algorithms.qmd:673,PASS,PASS,PASS,PASS,short inline/text notation visually verified
MATH-0711,chapters/08-Approximation-Algorithms.qmd:679,PASS,PASS,PASS,PASS,native semantic math
MATH-0712,chapters/08-Approximation-Algorithms.qmd:826,PASS,PASS,PASS,PASS,short inline/text notation visually verified
MATH-0713,chapters/08-Approximation-Algorithms.qmd:827,PASS,PASS,PASS,PASS,short inline/text notation visually verified
MATH-0714,chapters/08-Approximation-Algorithms.qmd:1065,PASS,PASS,PASS,PASS,native semantic math
MATH-0715,chapters/08-Approximation-Algorithms.qmd:1160,PASS,PASS,PASS,PASS,short inline/text notation visually verified
MATH-0716,chapters/08-Approximation-Algorithms.qmd:1161,PASS,PASS,PASS,PASS,short inline/text notation visually verified
MATH-0717,chapters/08-Approximation-Algorithms.qmd:1162,PASS,PASS,PASS,PASS,short inline/text notation visually verified
MATH-0718,chapters/08-Approximation-Algorithms.qmd:1471,PASS,PASS,PASS,PASS,short inline/text notation visually verified
MATH-0719,chapters/08-Approximation-Algorithms.qmd:1472,PASS,PASS,PASS,PASS,short inline/text notation visually verified
MATH-0720,chapters/08-Approximation-Algorithms.qmd:1593,PASS,PASS,PASS,PASS,short inline/text notation visually verified
MATH-0721,chapters/08-Approximation-Algorithms.qmd:1594,PASS,PASS,PASS,PASS,short inline/text notation visually verified
MATH-0722,chapters/08-Approximation-Algorithms.qmd:1595,PASS,PASS,PASS,PASS,short inline/text notation visually verified
MATH-0723,chapters/08-Approximation-Algorithms.qmd:1596,PASS,PASS,PASS,PASS,short inline/text notation visually verified
MATH-0724,chapters/09-Advanced-Graph-Algorithms.qmd:57,PASS,PASS,PASS,PASS,short inline/text notation visually verified
MATH-0725,chapters/09-Advanced-Graph-Algorithms.qmd:65,PASS,PASS,PASS,PASS,short inline/text notation visually verified
MATH-0726,chapters/09-Advanced-Graph-Algorithms.qmd:77,PASS,PASS,PASS,PASS,short inline/text notation visually verified
MATH-0727,chapters/09-Advanced-Graph-Algorithms.qmd:82,PASS,PASS,PASS,PASS,short inline/text notation visually verified
MATH-0728,chapters/09-Advanced-Graph-Algorithms.qmd:83,PASS,PASS,PASS,PASS,short inline/text notation visually verified
MATH-0729,chapters/09-Advanced-Graph-Algorithms.qmd:121,PASS,PASS,PASS,PASS,short inline/text notation visually verified
MATH-0730,chapters/09-Advanced-Graph-Algorithms.qmd:183,PASS,PASS,PASS,PASS,short inline/text notation visually verified
MATH-0731,chapters/09-Advanced-Graph-Algorithms.qmd:187,PASS,PASS,PASS,PASS,short inline/text notation visually verified
MATH-0732,chapters/09-Advanced-Graph-Algorithms.qmd:190,PASS,PASS,PASS,PASS,short inline/text notation visually verified
MATH-0733,chapters/09-Advanced-Graph-Algorithms.qmd:192,PASS,PASS,PASS,PASS,short inline/text notation visually verified
MATH-0734,chapters/09-Advanced-Graph-Algorithms.qmd:197,PASS,PASS,PASS,PASS,short inline/text notation visually verified
MATH-0735,chapters/09-Advanced-Graph-Algorithms.qmd:200,PASS,PASS,PASS,PASS,short inline/text notation visually verified
MATH-0736,chapters/09-Advanced-Graph-Algorithms.qmd:204,PASS,PASS,PASS,PASS,short inline/text notation visually verified
MATH-0737,chapters/09-Advanced-Graph-Algorithms.qmd:229,PASS,PASS,PASS,PASS,native semantic math
MATH-0738,chapters/09-Advanced-Graph-Algorithms.qmd:232,PASS,PASS,PASS,PASS,native semantic math
MATH-0739,chapters/09-Advanced-Graph-Algorithms.qmd:431,PASS,PASS,PASS,PASS,native semantic math
MATH-0740,chapters/09-Advanced-Graph-Algorithms.qmd:447,PASS,PASS,PASS,PASS,native semantic math
MATH-0741,chapters/09-Advanced-Graph-Algorithms.qmd:447,PASS,PASS,PASS,PASS,native semantic math
MATH-0742,chapters/09-Advanced-Graph-Algorithms.qmd:455,PASS,PASS,PASS,PASS,short inline/text notation visually verified
MATH-0743,chapters/09-Advanced-Graph-Algorithms.qmd:489,PASS,PASS,PASS,PASS,short inline/text notation visually verified
MATH-0744,chapters/09-Advanced-Graph-Algorithms.qmd:661,PASS,PASS,PASS,PASS,native semantic math
MATH-0745,chapters/09-Advanced-Graph-Algorithms.qmd:664,PASS,PASS,PASS,PASS,native semantic math
MATH-0746,chapters/09-Advanced-Graph-Algorithms.qmd:683,PASS,PASS,PASS,PASS,short inline/text notation visually verified
MATH-0747,chapters/09-Advanced-Graph-Algorithms.qmd:684,PASS,PASS,PASS,PASS,short inline/text notation visually verified
MATH-0748,chapters/09-Advanced-Graph-Algorithms.qmd:685,PASS,PASS,PASS,PASS,short inline/text notation visually verified
MATH-0749,chapters/09-Advanced-Graph-Algorithms.qmd:686,PASS,PASS,PASS,PASS,short inline/text notation visually verified
MATH-0750,chapters/09-Advanced-Graph-Algorithms.qmd:825,PASS,PASS,PASS,PASS,short inline/text notation visually verified
MATH-0751,chapters/09-Advanced-Graph-Algorithms.qmd:832,PASS,PASS,PASS,PASS,short inline/text notation visually verified
MATH-0752,chapters/09-Advanced-Graph-Algorithms.qmd:866,PASS,PASS,PASS,PASS,native semantic math
MATH-0753,chapters/09-Advanced-Graph-Algorithms.qmd:870,PASS,PASS,PASS,PASS,native semantic math
MATH-0754,chapters/09-Advanced-Graph-Algorithms.qmd:870,PASS,PASS,PASS,PASS,native semantic math
MATH-0755,chapters/09-Advanced-Graph-Algorithms.qmd:870,PASS,PASS,PASS,PASS,native semantic math
MATH-0756,chapters/09-Advanced-Graph-Algorithms.qmd:1754,PASS,PASS,PASS,PASS,native semantic math
MATH-0757,chapters/09-Advanced-Graph-Algorithms.qmd:1754,PASS,PASS,PASS,PASS,short inline/text notation visually verified
MATH-0758,chapters/09-Advanced-Graph-Algorithms.qmd:1755,PASS,PASS,PASS,PASS,native semantic math
MATH-0759,chapters/09-Advanced-Graph-Algorithms.qmd:1755,PASS,PASS,PASS,PASS,short inline/text notation visually verified
MATH-0760,chapters/09-Advanced-Graph-Algorithms.qmd:1795,PASS,PASS,PASS,PASS,short inline/text notation visually verified
MATH-0761,chapters/09-Advanced-Graph-Algorithms.qmd:1801,PASS,PASS,PASS,PASS,short inline/text notation visually verified
MATH-0762,chapters/09-Advanced-Graph-Algorithms.qmd:1824,PASS,PASS,PASS,PASS,native semantic math
MATH-0763,chapters/10-String-Processing-Algorithms.qmd:27,PASS,PASS,PASS,PASS,native semantic math
MATH-0764,chapters/10-String-Processing-Algorithms.qmd:27,PASS,PASS,PASS,PASS,native semantic math
MATH-0765,chapters/10-String-Processing-Algorithms.qmd:82,PASS,PASS,PASS,PASS,native semantic math
MATH-0766,chapters/10-String-Processing-Algorithms.qmd:84,PASS,PASS,PASS,PASS,native semantic math
MATH-0767,chapters/10-String-Processing-Algorithms.qmd:214,PASS,PASS,PASS,PASS,short inline/text notation visually verified
MATH-0768,chapters/10-String-Processing-Algorithms.qmd:239,PASS,PASS,PASS,PASS,native semantic math
MATH-0769,chapters/10-String-Processing-Algorithms.qmd:341,PASS,PASS,PASS,PASS,native semantic math
MATH-0770,chapters/10-String-Processing-Algorithms.qmd:536,PASS,PASS,PASS,PASS,short inline/text notation visually verified
MATH-0771,chapters/10-String-Processing-Algorithms.qmd:541,PASS,PASS,PASS,PASS,native semantic math
MATH-0772,chapters/10-String-Processing-Algorithms.qmd:545,PASS,PASS,PASS,PASS,native semantic math
MATH-0773,chapters/10-String-Processing-Algorithms.qmd:549,PASS,PASS,PASS,PASS,short inline/text notation visually verified
MATH-0774,chapters/10-String-Processing-Algorithms.qmd:558,PASS,PASS,PASS,PASS,short inline/text notation visually verified
MATH-0775,chapters/10-String-Processing-Algorithms.qmd:568,PASS,PASS,PASS,PASS,native semantic math
MATH-0776,chapters/10-String-Processing-Algorithms.qmd:576,PASS,PASS,PASS,PASS,native semantic math
MATH-0777,chapters/10-String-Processing-Algorithms.qmd:580,PASS,PASS,PASS,PASS,native semantic math
MATH-0778,chapters/10-String-Processing-Algorithms.qmd:580,PASS,PASS,PASS,PASS,native semantic math
MATH-0779,chapters/10-String-Processing-Algorithms.qmd:580,PASS,PASS,PASS,PASS,native semantic math
MATH-0780,chapters/10-String-Processing-Algorithms.qmd:830,PASS,PASS,PASS,PASS,native semantic math
MATH-0781,chapters/10-String-Processing-Algorithms.qmd:867,PASS,PASS,PASS,PASS,native semantic math
MATH-0782,chapters/10-String-Processing-Algorithms.qmd:896,PASS,PASS,PASS,PASS,native semantic math
MATH-0783,chapters/10-String-Processing-Algorithms.qmd:896,PASS,PASS,PASS,PASS,native semantic math
MATH-0784,chapters/10-String-Processing-Algorithms.qmd:900,PASS,PASS,PASS,PASS,native semantic math
MATH-0785,chapters/10-String-Processing-Algorithms.qmd:900,PASS,PASS,PASS,PASS,native semantic math
MATH-0786,chapters/10-String-Processing-Algorithms.qmd:1192,PASS,PASS,PASS,PASS,native semantic math
MATH-0787,chapters/10-String-Processing-Algorithms.qmd:1193,PASS,PASS,PASS,PASS,native semantic math
MATH-0788,chapters/10-String-Processing-Algorithms.qmd:1212,PASS,PASS,PASS,PASS,native semantic math
MATH-0789,chapters/10-String-Processing-Algorithms.qmd:1214,PASS,PASS,PASS,PASS,native semantic math
MATH-0790,chapters/10-String-Processing-Algorithms.qmd:1221,PASS,PASS,PASS,PASS,native semantic math
MATH-0791,chapters/10-String-Processing-Algorithms.qmd:2003,PASS,PASS,PASS,PASS,native semantic math
MATH-0792,chapters/10-String-Processing-Algorithms.qmd:2004,PASS,PASS,PASS,PASS,native semantic math
MATH-0793,chapters/10-String-Processing-Algorithms.qmd:2005,PASS,PASS,PASS,PASS,native semantic math
MATH-0794,chapters/10-String-Processing-Algorithms.qmd:2006,PASS,PASS,PASS,PASS,native semantic math
MATH-0795,chapters/10-String-Processing-Algorithms.qmd:2006,PASS,PASS,PASS,PASS,native semantic math
MATH-0796,chapters/10-String-Processing-Algorithms.qmd:2045,PASS,PASS,PASS,PASS,native semantic math
MATH-0797,chapters/10-String-Processing-Algorithms.qmd:2064,PASS,PASS,PASS,PASS,native semantic math
MATH-0798,chapters/10-String-Processing-Algorithms.qmd:2070,PASS,PASS,PASS,PASS,short inline/text notation visually verified
MATH-0799,chapters/11-Numerical-Algorithms.qmd:22,PASS,PASS,PASS,PASS,native semantic math
MATH-0800,chapters/11-Numerical-Algorithms.qmd:22,PASS,PASS,PASS,PASS,native semantic math
MATH-0801,chapters/11-Numerical-Algorithms.qmd:62,PASS,PASS,PASS,PASS,native semantic math
MATH-0802,chapters/11-Numerical-Algorithms.qmd:62,PASS,PASS,PASS,PASS,native semantic math
MATH-0803,chapters/11-Numerical-Algorithms.qmd:64,PASS,PASS,PASS,PASS,native semantic math
MATH-0804,chapters/11-Numerical-Algorithms.qmd:69,PASS,PASS,PASS,PASS,native semantic math
MATH-0805,chapters/11-Numerical-Algorithms.qmd:69,PASS,PASS,PASS,PASS,native semantic math
MATH-0806,chapters/11-Numerical-Algorithms.qmd:69,PASS,PASS,PASS,PASS,native semantic math
MATH-0807,chapters/11-Numerical-Algorithms.qmd:69,PASS,PASS,PASS,PASS,native semantic math
MATH-0808,chapters/11-Numerical-Algorithms.qmd:69,PASS,PASS,PASS,PASS,native semantic math
MATH-0809,chapters/11-Numerical-Algorithms.qmd:73,PASS,PASS,PASS,PASS,native semantic math
MATH-0810,chapters/11-Numerical-Algorithms.qmd:73,PASS,PASS,PASS,PASS,native semantic math
MATH-0811,chapters/11-Numerical-Algorithms.qmd:75,PASS,PASS,PASS,PASS,native semantic math
MATH-0812,chapters/11-Numerical-Algorithms.qmd:136,PASS,PASS,PASS,PASS,native semantic math
MATH-0813,chapters/11-Numerical-Algorithms.qmd:143,PASS,PASS,PASS,PASS,short inline/text notation visually verified
MATH-0814,chapters/11-Numerical-Algorithms.qmd:144,PASS,PASS,PASS,PASS,short inline/text notation visually verified
MATH-0815,chapters/11-Numerical-Algorithms.qmd:231,PASS,PASS,PASS,PASS,native semantic math
MATH-0816,chapters/11-Numerical-Algorithms.qmd:231,PASS,PASS,PASS,PASS,native semantic math
MATH-0817,chapters/11-Numerical-Algorithms.qmd:550,PASS,PASS,PASS,PASS,native semantic math
MATH-0818,chapters/11-Numerical-Algorithms.qmd:577,PASS,PASS,PASS,PASS,native semantic math
MATH-0819,chapters/11-Numerical-Algorithms.qmd:577,PASS,PASS,PASS,PASS,native semantic math
MATH-0820,chapters/11-Numerical-Algorithms.qmd:579,PASS,PASS,PASS,PASS,native semantic math
MATH-0821,chapters/11-Numerical-Algorithms.qmd:583,PASS,PASS,PASS,PASS,native semantic math
MATH-0822,chapters/11-Numerical-Algorithms.qmd:595,PASS,PASS,PASS,PASS,native semantic math
MATH-0823,chapters/11-Numerical-Algorithms.qmd:600,PASS,PASS,PASS,PASS,native semantic math
MATH-0824,chapters/11-Numerical-Algorithms.qmd:600,PASS,PASS,PASS,PASS,native semantic math
MATH-0825,chapters/11-Numerical-Algorithms.qmd:603,PASS,PASS,PASS,PASS,native semantic math
MATH-0826,chapters/11-Numerical-Algorithms.qmd:604,PASS,PASS,PASS,PASS,native semantic math
MATH-0827,chapters/11-Numerical-Algorithms.qmd:709,PASS,PASS,PASS,PASS,native semantic math
MATH-0828,chapters/11-Numerical-Algorithms.qmd:809,PASS,PASS,PASS,PASS,native semantic math
MATH-0829,chapters/11-Numerical-Algorithms.qmd:815,PASS,PASS,PASS,PASS,native semantic math
MATH-0830,chapters/11-Numerical-Algorithms.qmd:821,PASS,PASS,PASS,PASS,native semantic math
MATH-0831,chapters/11-Numerical-Algorithms.qmd:830,PASS,PASS,PASS,PASS,native semantic math
MATH-0832,chapters/11-Numerical-Algorithms.qmd:841,PASS,PASS,PASS,PASS,native semantic math
MATH-0833,chapters/11-Numerical-Algorithms.qmd:848,PASS,PASS,PASS,PASS,native semantic math
MATH-0834,chapters/11-Numerical-Algorithms.qmd:2430,PASS,PASS,PASS,PASS,native semantic math
MATH-0835,chapters/11-Numerical-Algorithms.qmd:2431,PASS,PASS,PASS,PASS,native semantic math
MATH-0836,chapters/11-Numerical-Algorithms.qmd:2457,PASS,PASS,PASS,PASS,native semantic math
MATH-0837,chapters/11-Numerical-Algorithms.qmd:2509,PASS,PASS,PASS,PASS,native semantic math
MATH-0838,chapters/12-Advanced-Data-Structures.qmd:13,PASS,PASS,PASS,PASS,native semantic math
MATH-0839,chapters/12-Advanced-Data-Structures.qmd:47,PASS,PASS,PASS,PASS,native semantic math
MATH-0840,chapters/12-Advanced-Data-Structures.qmd:48,PASS,PASS,PASS,PASS,native semantic math
MATH-0841,chapters/12-Advanced-Data-Structures.qmd:52,PASS,PASS,PASS,PASS,native semantic math
MATH-0842,chapters/12-Advanced-Data-Structures.qmd:52,PASS,PASS,PASS,PASS,native semantic math
MATH-0843,chapters/12-Advanced-Data-Structures.qmd:54,PASS,PASS,PASS,PASS,native semantic math
MATH-0844,chapters/12-Advanced-Data-Structures.qmd:65,PASS,PASS,PASS,PASS,native semantic math
MATH-0845,chapters/12-Advanced-Data-Structures.qmd:65,PASS,PASS,PASS,PASS,native semantic math
MATH-0846,chapters/12-Advanced-Data-Structures.qmd:65,PASS,PASS,PASS,PASS,native semantic math
MATH-0847,chapters/12-Advanced-Data-Structures.qmd:67,PASS,PASS,PASS,PASS,native semantic math
MATH-0848,chapters/12-Advanced-Data-Structures.qmd:271,PASS,PASS,PASS,PASS,native semantic math
MATH-0849,chapters/12-Advanced-Data-Structures.qmd:271,PASS,PASS,PASS,PASS,short inline/text notation visually verified
MATH-0850,chapters/12-Advanced-Data-Structures.qmd:273,PASS,PASS,PASS,PASS,native semantic math
MATH-0851,chapters/12-Advanced-Data-Structures.qmd:273,PASS,PASS,PASS,PASS,short inline/text notation visually verified
MATH-0852,chapters/12-Advanced-Data-Structures.qmd:516,PASS,PASS,PASS,PASS,native semantic math
MATH-0853,chapters/12-Advanced-Data-Structures.qmd:537,PASS,PASS,PASS,PASS,native semantic math
MATH-0854,chapters/12-Advanced-Data-Structures.qmd:539,PASS,PASS,PASS,PASS,native semantic math
MATH-0855,chapters/12-Advanced-Data-Structures.qmd:544,PASS,PASS,PASS,PASS,native semantic math
MATH-0856,chapters/12-Advanced-Data-Structures.qmd:544,PASS,PASS,PASS,PASS,native semantic math
MATH-0857,chapters/12-Advanced-Data-Structures.qmd:544,PASS,PASS,PASS,PASS,native semantic math
MATH-0858,chapters/12-Advanced-Data-Structures.qmd:991,PASS,PASS,PASS,PASS,native semantic math
MATH-0859,chapters/12-Advanced-Data-Structures.qmd:991,PASS,PASS,PASS,PASS,short inline/text notation visually verified
MATH-0860,chapters/12-Advanced-Data-Structures.qmd:993,PASS,PASS,PASS,PASS,native semantic math
MATH-0861,chapters/12-Advanced-Data-Structures.qmd:993,PASS,PASS,PASS,PASS,native semantic math
MATH-0862,chapters/12-Advanced-Data-Structures.qmd:993,PASS,PASS,PASS,PASS,short inline/text notation visually verified
MATH-0863,chapters/12-Advanced-Data-Structures.qmd:1426,PASS,PASS,PASS,PASS,native semantic math
MATH-0864,chapters/12-Advanced-Data-Structures.qmd:1426,PASS,PASS,PASS,PASS,short inline/text notation visually verified
MATH-0865,chapters/12-Advanced-Data-Structures.qmd:1428,PASS,PASS,PASS,PASS,native semantic math
MATH-0866,chapters/12-Advanced-Data-Structures.qmd:1608,PASS,PASS,PASS,PASS,native semantic math
MATH-0867,chapters/12-Advanced-Data-Structures.qmd:1861,PASS,PASS,PASS,PASS,short inline/text notation visually verified
MATH-0868,chapters/12-Advanced-Data-Structures.qmd:2458,PASS,PASS,PASS,PASS,native semantic math
MATH-0869,chapters/12-Advanced-Data-Structures.qmd:2460,PASS,PASS,PASS,PASS,native semantic math
MATH-0870,chapters/12-Advanced-Data-Structures.qmd:2461,PASS,PASS,PASS,PASS,native semantic math
MATH-0871,chapters/12-Advanced-Data-Structures.qmd:2461,PASS,PASS,PASS,PASS,native semantic math
MATH-0872,chapters/12-Advanced-Data-Structures.qmd:2462,PASS,PASS,PASS,PASS,short inline/text notation visually verified
MATH-0873,chapters/12-Advanced-Data-Structures.qmd:2488,PASS,PASS,PASS,PASS,native semantic math
MATH-0874,chapters/12-Advanced-Data-Structures.qmd:2488,PASS,PASS,PASS,PASS,native semantic math
MATH-0875,chapters/12-Advanced-Data-Structures.qmd:2498,PASS,PASS,PASS,PASS,native semantic math
MATH-0876,chapters/12-Advanced-Data-Structures.qmd:2504,PASS,PASS,PASS,PASS,native semantic math
MATH-0877,chapters/12-Advanced-Data-Structures.qmd:2514,PASS,PASS,PASS,PASS,native semantic math
MATH-0878,chapters/13-Research-Industry-Applications.qmd:23,PASS,PASS,PASS,PASS,native semantic math
MATH-0879,chapters/13-Research-Industry-Applications.qmd:116,PASS,PASS,PASS,PASS,native semantic math
MATH-0880,chapters/13-Research-Industry-Applications.qmd:121,PASS,PASS,PASS,PASS,native semantic math
MATH-0881,chapters/13-Research-Industry-Applications.qmd:122,PASS,PASS,PASS,PASS,native semantic math
MATH-0882,chapters/13-Research-Industry-Applications.qmd:142,PASS,PASS,PASS,PASS,short inline/text notation visually verified
MATH-0883,chapters/13-Research-Industry-Applications.qmd:150,PASS,PASS,PASS,PASS,native semantic math
MATH-0884,chapters/13-Research-Industry-Applications.qmd:156,PASS,PASS,PASS,PASS,short inline/text notation visually verified
MATH-0885,chapters/13-Research-Industry-Applications.qmd:157,PASS,PASS,PASS,PASS,short inline/text notation visually verified
MATH-0886,chapters/13-Research-Industry-Applications.qmd:176,PASS,PASS,PASS,PASS,native semantic math
MATH-0887,chapters/13-Research-Industry-Applications.qmd:176,PASS,PASS,PASS,PASS,short inline/text notation visually verified
MATH-0888,chapters/13-Research-Industry-Applications.qmd:191,PASS,PASS,PASS,PASS,short inline/text notation visually verified
MATH-0889,chapters/13-Research-Industry-Applications.qmd:201,PASS,PASS,PASS,PASS,native semantic math
MATH-0890,chapters/13-Research-Industry-Applications.qmd:207,PASS,PASS,PASS,PASS,native semantic math
MATH-0891,chapters/13-Research-Industry-Applications.qmd:209,PASS,PASS,PASS,PASS,native semantic math
MATH-0892,chapters/13-Research-Industry-Applications.qmd:212,PASS,PASS,PASS,PASS,short inline/text notation visually verified
MATH-0893,chapters/13-Research-Industry-Applications.qmd:277,PASS,PASS,PASS,PASS,short inline/text notation visually verified
MATH-0894,chapters/13-Research-Industry-Applications.qmd:299,PASS,PASS,PASS,PASS,native semantic math
MATH-0895,chapters/13-Research-Industry-Applications.qmd:301,PASS,PASS,PASS,PASS,native semantic math
MATH-0896,chapters/13-Research-Industry-Applications.qmd:306,PASS,PASS,PASS,PASS,native semantic math
MATH-0897,chapters/13-Research-Industry-Applications.qmd:306,PASS,PASS,PASS,PASS,native semantic math
MATH-0898,chapters/13-Research-Industry-Applications.qmd:309,PASS,PASS,PASS,PASS,native semantic math
MATH-0899,chapters/13-Research-Industry-Applications.qmd:314,PASS,PASS,PASS,PASS,native semantic math
MATH-0900,chapters/13-Research-Industry-Applications.qmd:314,PASS,PASS,PASS,PASS,native semantic math
MATH-0901,chapters/13-Research-Industry-Applications.qmd:320,PASS,PASS,PASS,PASS,short inline/text notation visually verified
MATH-0902,chapters/13-Research-Industry-Applications.qmd:322,PASS,PASS,PASS,PASS,short inline/text notation visually verified
MATH-0903,chapters/13-Research-Industry-Applications.qmd:324,PASS,PASS,PASS,PASS,short inline/text notation visually verified
MATH-0904,chapters/13-Research-Industry-Applications.qmd:352,PASS,PASS,PASS,PASS,short inline/text notation visually verified
MATH-0905,chapters/13-Research-Industry-Applications.qmd:356,PASS,PASS,PASS,PASS,short inline/text notation visually verified
MATH-0906,chapters/13-Research-Industry-Applications.qmd:357,PASS,PASS,PASS,PASS,short inline/text notation visually verified
MATH-0907,chapters/13-Research-Industry-Applications.qmd:361,PASS,PASS,PASS,PASS,short inline/text notation visually verified
MATH-0908,chapters/13-Research-Industry-Applications.qmd:362,PASS,PASS,PASS,PASS,short inline/text notation visually verified
MATH-0909,chapters/13-Research-Industry-Applications.qmd:366,PASS,PASS,PASS,PASS,short inline/text notation visually verified
MATH-0910,chapters/13-Research-Industry-Applications.qmd:367,PASS,PASS,PASS,PASS,short inline/text notation visually verified
MATH-0911,chapters/13-Research-Industry-Applications.qmd:397,PASS,PASS,PASS,PASS,short inline/text notation visually verified
MATH-0912,chapters/13-Research-Industry-Applications.qmd:417,PASS,PASS,PASS,PASS,native semantic math
MATH-0913,chapters/13-Research-Industry-Applications.qmd:417,PASS,PASS,PASS,PASS,native semantic math
MATH-0914,chapters/13-Research-Industry-Applications.qmd:417,PASS,PASS,PASS,PASS,native semantic math
MATH-0915,chapters/13-Research-Industry-Applications.qmd:419,PASS,PASS,PASS,PASS,native semantic math
MATH-0916,chapters/13-Research-Industry-Applications.qmd:422,PASS,PASS,PASS,PASS,native semantic math
MATH-0917,chapters/13-Research-Industry-Applications.qmd:434,PASS,PASS,PASS,PASS,native semantic math
MATH-0918,chapters/13-Research-Industry-Applications.qmd:445,PASS,PASS,PASS,PASS,native semantic math
MATH-0919,chapters/13-Research-Industry-Applications.qmd:459,PASS,PASS,PASS,PASS,native semantic math
MATH-0920,chapters/13-Research-Industry-Applications.qmd:459,PASS,PASS,PASS,PASS,short inline/text notation visually verified
MATH-0921,chapters/13-Research-Industry-Applications.qmd:467,PASS,PASS,PASS,PASS,native semantic math
MATH-0922,chapters/13-Research-Industry-Applications.qmd:467,PASS,PASS,PASS,PASS,native semantic math
MATH-0923,chapters/13-Research-Industry-Applications.qmd:472,PASS,PASS,PASS,PASS,native semantic math
MATH-0924,chapters/13-Research-Industry-Applications.qmd:472,PASS,PASS,PASS,PASS,native semantic math
MATH-0925,chapters/13-Research-Industry-Applications.qmd:474,PASS,PASS,PASS,PASS,native semantic math
MATH-0926,chapters/13-Research-Industry-Applications.qmd:488,PASS,PASS,PASS,PASS,native semantic math
MATH-0927,chapters/13-Research-Industry-Applications.qmd:496,PASS,PASS,PASS,PASS,native semantic math
MATH-0928,chapters/13-Research-Industry-Applications.qmd:507,PASS,PASS,PASS,PASS,native semantic math
MATH-0929,chapters/13-Research-Industry-Applications.qmd:531,PASS,PASS,PASS,PASS,native semantic math
MATH-0930,chapters/13-Research-Industry-Applications.qmd:535,PASS,PASS,PASS,PASS,native semantic math
MATH-0931,chapters/13-Research-Industry-Applications.qmd:535,PASS,PASS,PASS,PASS,native semantic math
MATH-0932,chapters/13-Research-Industry-Applications.qmd:535,PASS,PASS,PASS,PASS,native semantic math
MATH-0933,chapters/13-Research-Industry-Applications.qmd:535,PASS,PASS,PASS,PASS,native semantic math
MATH-0934,chapters/13-Research-Industry-Applications.qmd:538,PASS,PASS,PASS,PASS,native semantic math
MATH-0935,chapters/13-Research-Industry-Applications.qmd:543,PASS,PASS,PASS,PASS,native semantic math
MATH-0936,chapters/13-Research-Industry-Applications.qmd:548,PASS,PASS,PASS,PASS,native semantic math
MATH-0937,chapters/13-Research-Industry-Applications.qmd:552,PASS,PASS,PASS,PASS,native semantic math
MATH-0938,chapters/13-Research-Industry-Applications.qmd:552,PASS,PASS,PASS,PASS,native semantic math
MATH-0939,chapters/13-Research-Industry-Applications.qmd:552,PASS,PASS,PASS,PASS,short inline/text notation visually verified
MATH-0940,chapters/13-Research-Industry-Applications.qmd:556,PASS,PASS,PASS,PASS,native semantic math
MATH-0941,chapters/13-Research-Industry-Applications.qmd:564,PASS,PASS,PASS,PASS,native semantic math
MATH-0942,chapters/13-Research-Industry-Applications.qmd:615,PASS,PASS,PASS,PASS,short inline/text notation visually verified
MATH-0943,chapters/13-Research-Industry-Applications.qmd:621,PASS,PASS,PASS,PASS,short inline/text notation visually verified
MATH-0944,chapters/13-Research-Industry-Applications.qmd:628,PASS,PASS,PASS,PASS,native semantic math
MATH-0945,chapters/13-Research-Industry-Applications.qmd:628,PASS,PASS,PASS,PASS,native semantic math
MATH-0946,chapters/13-Research-Industry-Applications.qmd:631,PASS,PASS,PASS,PASS,native semantic math
MATH-0947,chapters/13-Research-Industry-Applications.qmd:654,PASS,PASS,PASS,PASS,native semantic math
MATH-0948,chapters/13-Research-Industry-Applications.qmd:654,PASS,PASS,PASS,PASS,native semantic math
MATH-0949,chapters/13-Research-Industry-Applications.qmd:656,PASS,PASS,PASS,PASS,native semantic math
MATH-0950,chapters/13-Research-Industry-Applications.qmd:656,PASS,PASS,PASS,PASS,native semantic math
MATH-0951,chapters/13-Research-Industry-Applications.qmd:656,PASS,PASS,PASS,PASS,native semantic math
MATH-0952,chapters/13-Research-Industry-Applications.qmd:659,PASS,PASS,PASS,PASS,native semantic math
MATH-0953,chapters/13-Research-Industry-Applications.qmd:663,PASS,PASS,PASS,PASS,native semantic math
MATH-0954,chapters/13-Research-Industry-Applications.qmd:663,PASS,PASS,PASS,PASS,short inline/text notation visually verified
MATH-0955,chapters/13-Research-Industry-Applications.qmd:672,PASS,PASS,PASS,PASS,short inline/text notation visually verified
MATH-0956,chapters/13-Research-Industry-Applications.qmd:683,PASS,PASS,PASS,PASS,short inline/text notation visually verified
MATH-0957,chapters/13-Research-Industry-Applications.qmd:689,PASS,PASS,PASS,PASS,short inline/text notation visually verified
MATH-0958,chapters/13-Research-Industry-Applications.qmd:692,PASS,PASS,PASS,PASS,native semantic math
MATH-0959,chapters/13-Research-Industry-Applications.qmd:697,PASS,PASS,PASS,PASS,native semantic math
MATH-0960,chapters/13-Research-Industry-Applications.qmd:701,PASS,PASS,PASS,PASS,native semantic math
MATH-0961,chapters/13-Research-Industry-Applications.qmd:717,PASS,PASS,PASS,PASS,short inline/text notation visually verified
MATH-0962,chapters/13-Research-Industry-Applications.qmd:720,PASS,PASS,PASS,PASS,native semantic math
MATH-0963,chapters/13-Research-Industry-Applications.qmd:725,PASS,PASS,PASS,PASS,native semantic math
MATH-0964,chapters/13-Research-Industry-Applications.qmd:730,PASS,PASS,PASS,PASS,native semantic math
MATH-0965,chapters/13-Research-Industry-Applications.qmd:730,PASS,PASS,PASS,PASS,native semantic math
MATH-0966,chapters/13-Research-Industry-Applications.qmd:741,PASS,PASS,PASS,PASS,native semantic math
MATH-0967,chapters/13-Research-Industry-Applications.qmd:748,PASS,PASS,PASS,PASS,native semantic math
MATH-0968,chapters/13-Research-Industry-Applications.qmd:748,PASS,PASS,PASS,PASS,native semantic math
MATH-0969,chapters/13-Research-Industry-Applications.qmd:748,PASS,PASS,PASS,PASS,native semantic math
MATH-0970,chapters/13-Research-Industry-Applications.qmd:815,PASS,PASS,PASS,PASS,short inline/text notation visually verified
MATH-0971,chapters/13-Research-Industry-Applications.qmd:914,PASS,PASS,PASS,PASS,native semantic math
MATH-0972,chapters/13-Research-Industry-Applications.qmd:914,PASS,PASS,PASS,PASS,short inline/text notation visually verified
MATH-0973,chapters/13-Research-Industry-Applications.qmd:930,PASS,PASS,PASS,PASS,short inline/text notation visually verified
MATH-0974,chapters/13-Research-Industry-Applications.qmd:931,PASS,PASS,PASS,PASS,short inline/text notation visually verified
MATH-0975,chapters/13-Research-Industry-Applications.qmd:932,PASS,PASS,PASS,PASS,native semantic math
MATH-0976,chapters/13-Research-Industry-Applications.qmd:932,PASS,PASS,PASS,PASS,short inline/text notation visually verified
MATH-0977,chapters/13-Research-Industry-Applications.qmd:945,PASS,PASS,PASS,PASS,native semantic math
MATH-0978,chapters/13-Research-Industry-Applications.qmd:945,PASS,PASS,PASS,PASS,short inline/text notation visually verified
MATH-0979,chapters/13-Research-Industry-Applications.qmd:961,PASS,PASS,PASS,PASS,short inline/text notation visually verified
MATH-0980,chapters/13-Research-Industry-Applications.qmd:963,PASS,PASS,PASS,PASS,short inline/text notation visually verified
MATH-0981,chapters/13-Research-Industry-Applications.qmd:992,PASS,PASS,PASS,PASS,short inline/text notation visually verified
MATH-0982,chapters/13-Research-Industry-Applications.qmd:1088,PASS,PASS,PASS,PASS,native semantic math
MATH-0983,chapters/13-Research-Industry-Applications.qmd:1088,PASS,PASS,PASS,PASS,native semantic math
MATH-0984,chapters/13-Research-Industry-Applications.qmd:1088,PASS,PASS,PASS,PASS,native semantic math
MATH-0985,chapters/13-Research-Industry-Applications.qmd:1088,PASS,PASS,PASS,PASS,native semantic math
MATH-0986,chapters/13-Research-Industry-Applications.qmd:1088,PASS,PASS,PASS,PASS,native semantic math
MATH-0987,chapters/13-Research-Industry-Applications.qmd:1088,PASS,PASS,PASS,PASS,native semantic math
MATH-0988,chapters/13-Research-Industry-Applications.qmd:1090,PASS,PASS,PASS,PASS,native semantic math
MATH-0989,chapters/13-Research-Industry-Applications.qmd:1094,PASS,PASS,PASS,PASS,native semantic math
MATH-0990,chapters/13-Research-Industry-Applications.qmd:1094,PASS,PASS,PASS,PASS,native semantic math
MATH-0991,chapters/13-Research-Industry-Applications.qmd:1096,PASS,PASS,PASS,PASS,native semantic math
MATH-0992,chapters/13-Research-Industry-Applications.qmd:1098,PASS,PASS,PASS,PASS,native semantic math
MATH-0993,chapters/13-Research-Industry-Applications.qmd:1101,PASS,PASS,PASS,PASS,native semantic math
MATH-0994,chapters/13-Research-Industry-Applications.qmd:1105,PASS,PASS,PASS,PASS,native semantic math
MATH-0995,chapters/13-Research-Industry-Applications.qmd:1105,PASS,PASS,PASS,PASS,native semantic math
MATH-0996,chapters/13-Research-Industry-Applications.qmd:1136,PASS,PASS,PASS,PASS,short inline/text notation visually verified
MATH-0997,chapters/13-Research-Industry-Applications.qmd:1213,PASS,PASS,PASS,PASS,short inline/text notation visually verified
MATH-0998,chapters/13-Research-Industry-Applications.qmd:1244,PASS,PASS,PASS,PASS,short inline/text notation visually verified
MATH-0999,chapters/13-Research-Industry-Applications.qmd:1302,PASS,PASS,PASS,PASS,short inline/text notation visually verified
MATH-1000,chapters/13-Research-Industry-Applications.qmd:1349,PASS,PASS,PASS,PASS,short inline/text notation visually verified
MATH-1001,chapters/13-Research-Industry-Applications.qmd:1422,PASS,PASS,PASS,PASS,short inline/text notation visually verified
MATH-1002,chapters/13-Research-Industry-Applications.qmd:1765,PASS,PASS,PASS,PASS,short inline/text notation visually verified
MATH-1003,chapters/14-Project-Development.qmd:512,PASS,PASS,PASS,PASS,native semantic math
MATH-1004,chapters/14-Project-Development.qmd:512,PASS,PASS,PASS,PASS,native semantic math
MATH-1005,chapters/14-Project-Development.qmd:512,PASS,PASS,PASS,PASS,short inline/text notation visually verified
MATH-1006,chapters/14-Project-Development.qmd:518,PASS,PASS,PASS,PASS,native semantic math
MATH-1007,chapters/14-Project-Development.qmd:518,PASS,PASS,PASS,PASS,native semantic math
MATH-1008,chapters/14-Project-Development.qmd:518,PASS,PASS,PASS,PASS,short inline/text notation visually verified
MATH-1009,chapters/14-Project-Development.qmd:706,PASS,PASS,PASS,PASS,native semantic math
MATH-1010,chapters/14-Project-Development.qmd:706,PASS,PASS,PASS,PASS,native semantic math
MATH-1011,chapters/14-Project-Development.qmd:888,PASS,PASS,PASS,PASS,short inline/text notation visually verified
MATH-1012,chapters/14-Project-Development.qmd:1140,PASS,PASS,PASS,PASS,short inline/text notation visually verified
MATH-1013,chapters/15-Final-Presentations.qmd:84,PASS,PASS,PASS,PASS,native semantic math
MATH-1014,chapters/15-Final-Presentations.qmd:740,PASS,PASS,PASS,PASS,short inline/text notation visually verified
MATH-1015,chapters/15-Final-Presentations.qmd:746,PASS,PASS,PASS,PASS,short inline/text notation visually verified
MATH-1016,chapters/15-Final-Presentations.qmd:752,PASS,PASS,PASS,PASS,short inline/text notation visually verified
MATH-1017,chapters/15-Final-Presentations.qmd:758,PASS,PASS,PASS,PASS,short inline/text notation visually verified
MATH-1018,chapters/15-Final-Presentations.qmd:764,PASS,PASS,PASS,PASS,short inline/text notation visually verified
