equation_id,chapter,section,source_file,source_line_or_anchor,content_type,current_representation,recommended_representation,inline_or_display,numbered,cross_referenced,variables_defined,assumptions_defined,render_pdf,render_html,render_epub,visual_status,notes
MATH-0001,1,Beyond the Textbook Definition,chapters/01-introduction.qmd,47,INEQUALITY,technical_block,native_math,display,NO,UNKNOWN,PASS,PASS,PASS,PASS,PASS,PASS,"Algorithm: FindMaximumScore Input: A list of scores S = [s₁, s₂, ..., sₙ] Output: The maximum score in the list 1. Set max_score = S[1] (start with the first score) 2. For each remaining score s in S: 3. If s > max_score: 4. Set max_score = s 4. Return max_score"
MATH-0002,1,Criterion 1: Correctness—Getting the Right Answer,chapters/01-introduction.qmd,157,ALGORITHM_FORMULA,text_or_ascii,native_math,inline,NO,UNKNOWN,REVIEW,REVIEW,PASS,PASS,PASS,PASS,"The most fundamental requirement for any algorithm is **correctness**—it must produce the right output for all valid inputs. This might seem obvious, but it's actually quite challenging to achieve."
MATH-0003,1,Criterion 1: Correctness—Getting the Right Answer,chapters/01-introduction.qmd,185,ALGORITHM_FORMULA,text_or_ascii,native_math,inline,NO,UNKNOWN,REVIEW,REVIEW,PASS,PASS,PASS,PASS,"_Base case:_ After processing 1 element (k=1), max_score = s₁, which is trivially the maximum of {s₁}."
MATH-0004,1,Criterion 1: Correctness—Getting the Right Answer,chapters/01-introduction.qmd,189,INEQUALITY,text_or_ascii,native_math,inline,NO,UNKNOWN,REVIEW,REVIEW,PASS,PASS,PASS,PASS,"- If s_{k+1} > max_score, we update max_score = s_{k+1}, so max_score is now the maximum of {s₁, s₂, ..., s_{k+1}}"
MATH-0005,1,Criterion 1: Correctness—Getting the Right Answer,chapters/01-introduction.qmd,190,INEQUALITY,text_or_ascii,native_math,inline,NO,UNKNOWN,REVIEW,REVIEW,PASS,PASS,PASS,PASS,"- If s_{k+1} ≤ max_score, we keep the current max_score, which is still the maximum of {s₁, s₂, ..., s_{k+1}}"
MATH-0006,1,Criterion 2: Efficiency—Getting There Fast,chapters/01-introduction.qmd,231,APPROXIMATION_RATIO,text_or_ascii,native_math,inline,NO,UNKNOWN,REVIEW,REVIEW,PASS,PASS,PASS,PASS,"- Algorithm 1: Checks up to 999,999 numbers ≈ 1 million operations"
MATH-0007,1,Criterion 2: Efficiency—Getting There Fast,chapters/01-introduction.qmd,232,OTHER,text_or_ascii,native_math,inline,NO,UNKNOWN,REVIEW,REVIEW,PASS,PASS,PASS,PASS,"- Algorithm 2: Checks up to √1,000,000 ≈ 1,000 numbers, and only certain candidates"
MATH-0008,1,Step 6: Analyze Complexity,chapters/01-introduction.qmd,488,ASYMPTOTIC_BOUND,native_math,native_math,inline,NO,UNKNOWN,REVIEW,REVIEW,PASS,PASS,PASS,PASS,O(n)
MATH-0009,1,Step 6: Analyze Complexity,chapters/01-introduction.qmd,489,ASYMPTOTIC_BOUND,native_math,native_math,inline,NO,UNKNOWN,REVIEW,REVIEW,PASS,PASS,PASS,PASS,O(1)
MATH-0010,1,Step 6: Analyze Complexity,chapters/01-introduction.qmd,490,ASYMPTOTIC_BOUND,native_math,native_math,inline,NO,UNKNOWN,REVIEW,REVIEW,PASS,PASS,PASS,PASS,O(n)
MATH-0011,1,Step 6: Analyze Complexity,chapters/01-introduction.qmd,494,ASYMPTOTIC_BOUND,native_math,native_math,inline,NO,UNKNOWN,REVIEW,REVIEW,PASS,PASS,PASS,PASS,O(n)
MATH-0012,1,Step 6: Analyze Complexity,chapters/01-introduction.qmd,495,ASYMPTOTIC_BOUND,native_math,native_math,inline,NO,UNKNOWN,REVIEW,REVIEW,PASS,PASS,PASS,PASS,O(n)
MATH-0013,1,Step 6: Analyze Complexity,chapters/01-introduction.qmd,496,ASYMPTOTIC_BOUND,native_math,native_math,inline,NO,UNKNOWN,REVIEW,REVIEW,PASS,PASS,PASS,PASS,O(n)
MATH-0014,1,Step 6: Analyze Complexity,chapters/01-introduction.qmd,498,ASYMPTOTIC_BOUND,native_math,native_math,inline,NO,UNKNOWN,REVIEW,REVIEW,PASS,PASS,PASS,PASS,O(n)
MATH-0015,1,"Approach 1: The ""Correct"" Way",chapters/01-introduction.qmd,603,ASYMPTOTIC_BOUND,native_math,native_math,inline,NO,UNKNOWN,REVIEW,REVIEW,PASS,PASS,PASS,PASS,O(n log n)
MATH-0016,1,"Approach 1: The ""Correct"" Way",chapters/01-introduction.qmd,604,ASYMPTOTIC_BOUND,native_math,native_math,inline,NO,UNKNOWN,REVIEW,REVIEW,PASS,PASS,PASS,PASS,O(n)
MATH-0017,1,"Approach 2: The ""Fast"" Way (QuickSelect)",chapters/01-introduction.qmd,642,ASYMPTOTIC_BOUND,native_math,native_math,inline,NO,UNKNOWN,REVIEW,REVIEW,PASS,PASS,PASS,PASS,O(n)
MATH-0018,1,"Approach 2: The ""Fast"" Way (QuickSelect)",chapters/01-introduction.qmd,642,ASYMPTOTIC_BOUND,native_math,native_math,inline,NO,UNKNOWN,REVIEW,REVIEW,PASS,PASS,PASS,PASS,O(n^2)
MATH-0019,1,"Approach 2: The ""Fast"" Way (QuickSelect)",chapters/01-introduction.qmd,643,ASYMPTOTIC_BOUND,native_math,native_math,inline,NO,UNKNOWN,REVIEW,REVIEW,PASS,PASS,PASS,PASS,O(1)
MATH-0020,1,"Approach 3: The ""Approximate"" Way",chapters/01-introduction.qmd,661,ASYMPTOTIC_BOUND,native_math,native_math,inline,NO,UNKNOWN,REVIEW,REVIEW,PASS,PASS,PASS,PASS,O(s log s)
MATH-0021,1,"Approach 3: The ""Approximate"" Way",chapters/01-introduction.qmd,662,ASYMPTOTIC_BOUND,native_math,native_math,inline,NO,UNKNOWN,REVIEW,REVIEW,PASS,PASS,PASS,PASS,O(s)
MATH-0022,1,A Framework for Making Trade-offs,chapters/01-introduction.qmd,713,OTHER,text_or_ascii,native_math,inline,NO,UNKNOWN,REVIEW,REVIEW,PASS,PASS,PASS,PASS,- Medical diagnosis: Very high → Choose correctness
MATH-0023,1,A Framework for Making Trade-offs,chapters/01-introduction.qmd,714,OTHER,text_or_ascii,native_math,inline,NO,UNKNOWN,REVIEW,REVIEW,PASS,PASS,PASS,PASS,- Weather app: Medium → Balance depends on context
MATH-0024,1,A Framework for Making Trade-offs,chapters/01-introduction.qmd,715,OTHER,text_or_ascii,native_math,inline,NO,UNKNOWN,REVIEW,REVIEW,PASS,PASS,PASS,PASS,- Game recommendation: Low → Speed often wins
MATH-0025,1,The Intuition Behind Big-O,chapters/01-introduction.qmd,800,OTHER,text_or_ascii,native_math,inline,NO,UNKNOWN,REVIEW,REVIEW,PASS,PASS,PASS,PASS,### The Intuition Behind Big-O
MATH-0026,1,The Intuition Behind Big-O,chapters/01-introduction.qmd,804,ALGORITHM_FORMULA,text_or_ascii,native_math,inline,NO,UNKNOWN,REVIEW,REVIEW,PASS,PASS,PASS,PASS,**Algorithm A:** Takes 100n microseconds (where n is the input size) **Algorithm B:** Takes n² microseconds
MATH-0027,1,The Intuition Behind Big-O,chapters/01-introduction.qmd,808,OTHER,text_or_ascii,native_math,inline,NO,UNKNOWN,REVIEW,REVIEW,PASS,PASS,PASS,PASS,|Input Size (n)|Algorithm A (100n μs)|Algorithm B (n² μs)|Which is Faster?|
MATH-0028,1,The Intuition Behind Big-O,chapters/01-introduction.qmd,810,OTHER,text_or_ascii,native_math,inline,NO,UNKNOWN,REVIEW,REVIEW,PASS,PASS,PASS,PASS,"|10|1,000 μs|100 μs|B is 10x faster|"
MATH-0029,1,The Intuition Behind Big-O,chapters/01-introduction.qmd,811,OTHER,text_or_ascii,native_math,inline,NO,UNKNOWN,REVIEW,REVIEW,PASS,PASS,PASS,PASS,"|100|10,000 μs|10,000 μs|Tie!|"
MATH-0030,1,The Intuition Behind Big-O,chapters/01-introduction.qmd,812,OTHER,text_or_ascii,native_math,inline,NO,UNKNOWN,REVIEW,REVIEW,PASS,PASS,PASS,PASS,"|1,000|100,000 μs|1,000,000 μs|A is 10x faster|"
MATH-0031,1,The Intuition Behind Big-O,chapters/01-introduction.qmd,813,OTHER,text_or_ascii,native_math,inline,NO,UNKNOWN,REVIEW,REVIEW,PASS,PASS,PASS,PASS,"|10,000|1,000,000 μs|100,000,000 μs|A is 100x faster|"
MATH-0032,1,The Intuition Behind Big-O,chapters/01-introduction.qmd,817,ASYMPTOTIC_BOUND,native_math,native_math,inline,NO,UNKNOWN,REVIEW,REVIEW,PASS,PASS,PASS,PASS,O(n)
MATH-0033,1,The Intuition Behind Big-O,chapters/01-introduction.qmd,817,ASYMPTOTIC_BOUND,native_math,native_math,inline,NO,UNKNOWN,REVIEW,REVIEW,PASS,PASS,PASS,PASS,O(n^2)
MATH-0034,1,The Intuition Behind Big-O,chapters/01-introduction.qmd,817,ALGORITHM_FORMULA,text_or_ascii,native_math,inline,NO,UNKNOWN,REVIEW,REVIEW,PASS,PASS,PASS,PASS,"**The Big-O Insight:** For sufficiently large inputs, Algorithm A (which is ) will always be faster than Algorithm B (which is ), regardless of the constant factors."
MATH-0035,1,The Intuition Behind Big-O,chapters/01-introduction.qmd,819,ASYMPTOTIC_BOUND,native_math,native_math,inline,NO,UNKNOWN,REVIEW,REVIEW,PASS,PASS,PASS,PASS,O(n)
MATH-0036,1,The Intuition Behind Big-O,chapters/01-introduction.qmd,819,ASYMPTOTIC_BOUND,native_math,native_math,inline,NO,UNKNOWN,REVIEW,REVIEW,PASS,PASS,PASS,PASS,O(n^2)
MATH-0037,1,Big-O Notation (Upper Bound),chapters/01-introduction.qmd,825,OTHER,text_or_ascii,native_math,inline,NO,UNKNOWN,REVIEW,REVIEW,PASS,PASS,PASS,PASS,#### Big-O Notation (Upper Bound)
MATH-0038,1,Big-O Notation (Upper Bound),chapters/01-introduction.qmd,827,ASYMPTOTIC_BOUND,native_math,native_math,inline,NO,UNKNOWN,REVIEW,REVIEW,PASS,PASS,PASS,PASS,f(n)=O(g(n))
MATH-0039,1,Big-O Notation (Upper Bound),chapters/01-introduction.qmd,827,OTHER,native_math,native_math,inline,NO,UNKNOWN,REVIEW,REVIEW,PASS,PASS,PASS,PASS,c
MATH-0040,1,Big-O Notation (Upper Bound),chapters/01-introduction.qmd,827,OTHER,native_math,native_math,inline,NO,UNKNOWN,REVIEW,REVIEW,PASS,PASS,PASS,PASS,n_0
MATH-0041,1,Big-O Notation (Upper Bound),chapters/01-introduction.qmd,829,INEQUALITY,native_math,native_math,display,YES,UNKNOWN,PASS,PASS,PASS,PASS,PASS,PASS,"0 \le f(n) \le c\,g(n) \qquad \text{for all } n \ge n_0. $$ {#eq-bigo-definition}"
MATH-0042,1,Big-O Notation (Upper Bound),chapters/01-introduction.qmd,834,OTHER,native_math,native_math,inline,NO,UNKNOWN,REVIEW,REVIEW,PASS,PASS,PASS,PASS,f(n)
MATH-0043,1,Big-O Notation (Upper Bound),chapters/01-introduction.qmd,834,OTHER,native_math,native_math,inline,NO,UNKNOWN,REVIEW,REVIEW,PASS,PASS,PASS,PASS,g(n)
MATH-0044,1,Big-O Notation (Upper Bound),chapters/01-introduction.qmd,834,OTHER,native_math,native_math,inline,NO,UNKNOWN,REVIEW,REVIEW,PASS,PASS,PASS,PASS,c
MATH-0045,1,Big-O Notation (Upper Bound),chapters/01-introduction.qmd,834,OTHER,native_math,native_math,inline,NO,UNKNOWN,REVIEW,REVIEW,PASS,PASS,PASS,PASS,n_0
MATH-0046,1,Big-O Notation (Upper Bound),chapters/01-introduction.qmd,834,OTHER,native_math,native_math,inline,NO,UNKNOWN,REVIEW,REVIEW,PASS,PASS,PASS,PASS,n
MATH-0047,1,Big-O Notation (Upper Bound),chapters/01-introduction.qmd,836,OTHER,native_math,native_math,inline,NO,UNKNOWN,REVIEW,REVIEW,PASS,PASS,PASS,PASS,f(n)
MATH-0048,1,Big-O Notation (Upper Bound),chapters/01-introduction.qmd,836,OTHER,native_math,native_math,inline,NO,UNKNOWN,REVIEW,REVIEW,PASS,PASS,PASS,PASS,g(n)
MATH-0049,1,Big-O Notation (Upper Bound),chapters/01-introduction.qmd,836,OTHER,native_math,native_math,inline,NO,UNKNOWN,REVIEW,REVIEW,PASS,PASS,PASS,PASS,n
MATH-0050,1,Big-O Notation (Upper Bound),chapters/01-introduction.qmd,838,OTHER,native_math,native_math,inline,NO,UNKNOWN,REVIEW,REVIEW,PASS,PASS,PASS,PASS,f(n)
MATH-0051,1,Big-O Notation (Upper Bound),chapters/01-introduction.qmd,838,OTHER,native_math,native_math,inline,NO,UNKNOWN,REVIEW,REVIEW,PASS,PASS,PASS,PASS,"c\,g(n)"
MATH-0052,1,Big-O Notation (Upper Bound),chapters/01-introduction.qmd,838,OTHER,native_math,native_math,inline,NO,UNKNOWN,REVIEW,REVIEW,PASS,PASS,PASS,PASS,n_0
MATH-0053,1,Big-O Notation (Upper Bound),chapters/01-introduction.qmd,842,OTHER,native_math,native_math,inline,NO,UNKNOWN,REVIEW,REVIEW,PASS,PASS,PASS,PASS,c
MATH-0054,1,Big-O Notation (Upper Bound),chapters/01-introduction.qmd,842,OTHER,native_math,native_math,inline,NO,UNKNOWN,REVIEW,REVIEW,PASS,PASS,PASS,PASS,n_0
MATH-0055,1,Big-O Notation (Upper Bound),chapters/01-introduction.qmd,844,INEQUALITY,native_math,native_math,display,NO,UNKNOWN,PASS,PASS,PASS,PASS,PASS,PASS,"3n^2+5n+2 \le c\,n^2 \qquad \text{for all } n \ge n_0."
MATH-0056,1,Big-O Notation (Upper Bound),chapters/01-introduction.qmd,849,OTHER,native_math,native_math,inline,NO,UNKNOWN,REVIEW,REVIEW,PASS,PASS,PASS,PASS,n
MATH-0057,1,Big-O Notation (Upper Bound),chapters/01-introduction.qmd,849,OTHER,native_math,native_math,inline,NO,UNKNOWN,REVIEW,REVIEW,PASS,PASS,PASS,PASS,". More precisely, for "
MATH-0058,1,Big-O Notation (Upper Bound),chapters/01-introduction.qmd,851,OTHER,native_math,native_math,inline,NO,UNKNOWN,REVIEW,REVIEW,PASS,PASS,PASS,PASS,", since "
MATH-0059,1,Big-O Notation (Upper Bound),chapters/01-introduction.qmd,851,INEQUALITY,text_or_ascii,native_math,inline,NO,UNKNOWN,REVIEW,REVIEW,PASS,PASS,PASS,PASS,- $5n\le5n^2n\le n^2$.
MATH-0060,1,Big-O Notation (Upper Bound),chapters/01-introduction.qmd,852,OTHER,native_math,native_math,inline,NO,UNKNOWN,REVIEW,REVIEW,PASS,PASS,PASS,PASS,", since "
MATH-0061,1,Big-O Notation (Upper Bound),chapters/01-introduction.qmd,852,INEQUALITY,text_or_ascii,native_math,inline,NO,UNKNOWN,REVIEW,REVIEW,PASS,PASS,PASS,PASS,- $2\le2n^21\le n^2$.
MATH-0062,1,Big-O Notation (Upper Bound),chapters/01-introduction.qmd,856,INEQUALITY,native_math,native_math,display,NO,UNKNOWN,PASS,PASS,PASS,PASS,PASS,PASS,3n^2+5n+2 \le 3n^2+5n^2+2n^2=10n^2.
MATH-0063,1,Big-O Notation (Upper Bound),chapters/01-introduction.qmd,860,ALGORITHM_FORMULA,native_math,native_math,inline,NO,UNKNOWN,REVIEW,REVIEW,PASS,PASS,PASS,PASS,c=10
MATH-0064,1,Big-O Notation (Upper Bound),chapters/01-introduction.qmd,860,ALGORITHM_FORMULA,native_math,native_math,inline,NO,UNKNOWN,REVIEW,REVIEW,PASS,PASS,PASS,PASS,n_0=1
MATH-0065,1,Big-Ω Notation (Lower Bound),chapters/01-introduction.qmd,862,ASYMPTOTIC_BOUND,text_or_ascii,native_math,inline,NO,UNKNOWN,REVIEW,REVIEW,PASS,PASS,PASS,PASS,#### Big-Ω Notation (Lower Bound)
MATH-0066,1,Big-Ω Notation (Lower Bound),chapters/01-introduction.qmd,864,ASYMPTOTIC_BOUND,native_math,native_math,inline,NO,UNKNOWN,REVIEW,REVIEW,PASS,PASS,PASS,PASS,f(n)=\Omega(g(n))
MATH-0067,1,Big-Ω Notation (Lower Bound),chapters/01-introduction.qmd,864,OTHER,native_math,native_math,inline,NO,UNKNOWN,REVIEW,REVIEW,PASS,PASS,PASS,PASS,c
MATH-0068,1,Big-Ω Notation (Lower Bound),chapters/01-introduction.qmd,864,OTHER,native_math,native_math,inline,NO,UNKNOWN,REVIEW,REVIEW,PASS,PASS,PASS,PASS,n_0
MATH-0069,1,Big-Ω Notation (Lower Bound),chapters/01-introduction.qmd,866,INEQUALITY,native_math,native_math,display,YES,UNKNOWN,PASS,PASS,PASS,PASS,PASS,PASS,"0 \le c\,g(n) \le f(n) \qquad \text{for all } n \ge n_0. $$ {#eq-bigomega-definition}"
MATH-0070,1,Big-Ω Notation (Lower Bound),chapters/01-introduction.qmd,871,OTHER,native_math,native_math,inline,NO,UNKNOWN,REVIEW,REVIEW,PASS,PASS,PASS,PASS,f(n)
MATH-0071,1,Big-Ω Notation (Lower Bound),chapters/01-introduction.qmd,871,OTHER,native_math,native_math,inline,NO,UNKNOWN,REVIEW,REVIEW,PASS,PASS,PASS,PASS,g(n)
MATH-0072,1,Big-Ω Notation (Lower Bound),chapters/01-introduction.qmd,873,ASYMPTOTIC_BOUND,text_or_ascii,native_math,inline,NO,UNKNOWN,REVIEW,REVIEW,PASS,PASS,PASS,PASS,**Example:** Let's prove that $3n^2+5n+2=\Omega(n^2)$.
MATH-0073,1,Big-Ω Notation (Lower Bound),chapters/01-introduction.qmd,877,INEQUALITY,native_math,native_math,display,NO,UNKNOWN,PASS,PASS,PASS,PASS,PASS,PASS,"c\,n^2 \le 3n^2+5n+2 \qquad \text{for all } n \ge n_0."
MATH-0074,1,Big-Ω Notation (Lower Bound),chapters/01-introduction.qmd,882,OTHER,native_math,native_math,inline,NO,UNKNOWN,REVIEW,REVIEW,PASS,PASS,PASS,PASS,n\ge1
MATH-0075,1,Big-Ω Notation (Lower Bound),chapters/01-introduction.qmd,884,INEQUALITY,native_math,native_math,display,NO,UNKNOWN,PASS,PASS,PASS,PASS,PASS,PASS,3n^2 \le 3n^2+5n+2.
MATH-0076,1,Big-Ω Notation (Lower Bound),chapters/01-introduction.qmd,888,ALGORITHM_FORMULA,native_math,native_math,inline,NO,UNKNOWN,REVIEW,REVIEW,PASS,PASS,PASS,PASS,c=3
MATH-0077,1,Big-Ω Notation (Lower Bound),chapters/01-introduction.qmd,888,ALGORITHM_FORMULA,native_math,native_math,inline,NO,UNKNOWN,REVIEW,REVIEW,PASS,PASS,PASS,PASS,n_0=1
MATH-0078,1,Big-Θ Notation (Tight Bound),chapters/01-introduction.qmd,890,ASYMPTOTIC_BOUND,text_or_ascii,native_math,inline,NO,UNKNOWN,REVIEW,REVIEW,PASS,PASS,PASS,PASS,#### Big-Θ Notation (Tight Bound)
MATH-0079,1,Big-Θ Notation (Tight Bound),chapters/01-introduction.qmd,892,ASYMPTOTIC_BOUND,native_math,native_math,inline,NO,UNKNOWN,REVIEW,REVIEW,PASS,PASS,PASS,PASS,f(n)=\Theta(g(n))
MATH-0080,1,Big-Θ Notation (Tight Bound),chapters/01-introduction.qmd,892,ASYMPTOTIC_BOUND,native_math,native_math,inline,NO,UNKNOWN,REVIEW,REVIEW,PASS,PASS,PASS,PASS,f(n)=O(g(n))
MATH-0081,1,Big-Θ Notation (Tight Bound),chapters/01-introduction.qmd,892,ASYMPTOTIC_BOUND,native_math,native_math,inline,NO,UNKNOWN,REVIEW,REVIEW,PASS,PASS,PASS,PASS,f(n)=\Omega(g(n))
MATH-0082,1,Big-Θ Notation (Tight Bound),chapters/01-introduction.qmd,894,OTHER,native_math,native_math,inline,NO,UNKNOWN,REVIEW,REVIEW,PASS,PASS,PASS,PASS,f(n)
MATH-0083,1,Big-Θ Notation (Tight Bound),chapters/01-introduction.qmd,894,OTHER,native_math,native_math,inline,NO,UNKNOWN,REVIEW,REVIEW,PASS,PASS,PASS,PASS,g(n)
MATH-0084,1,Big-Θ Notation (Tight Bound),chapters/01-introduction.qmd,898,ASYMPTOTIC_BOUND,native_math,native_math,display,NO,UNKNOWN,PASS,PASS,PASS,PASS,PASS,PASS,3n^2+5n+2=\Theta(n^2).
MATH-0085,1,Big-Θ Notation (Tight Bound),chapters/01-introduction.qmd,902,OTHER,native_math,native_math,inline,NO,UNKNOWN,REVIEW,REVIEW,PASS,PASS,PASS,PASS,n
MATH-0086,1,"Misconception 1: ""Big-O means exact growth rate""",chapters/01-introduction.qmd,908,OTHER,text_or_ascii,native_math,inline,NO,UNKNOWN,REVIEW,REVIEW,PASS,PASS,PASS,PASS,"#### Misconception 1: ""Big-O means exact growth rate"""
MATH-0087,1,"Misconception 1: ""Big-O means exact growth rate""",chapters/01-introduction.qmd,910,ASYMPTOTIC_BOUND,native_math,native_math,inline,NO,UNKNOWN,REVIEW,REVIEW,PASS,PASS,PASS,PASS,O(n^2)
MATH-0088,1,"Misconception 1: ""Big-O means exact growth rate""",chapters/01-introduction.qmd,910,ASYMPTOTIC_BOUND,native_math,native_math,inline,NO,UNKNOWN,REVIEW,REVIEW,PASS,PASS,PASS,PASS,O(n^3)
MATH-0089,1,"Misconception 1: ""Big-O means exact growth rate""",chapters/01-introduction.qmd,912,ASYMPTOTIC_BOUND,native_math,native_math,inline,NO,UNKNOWN,REVIEW,REVIEW,PASS,PASS,PASS,PASS,O(n^2)
MATH-0090,1,"Misconception 1: ""Big-O means exact growth rate""",chapters/01-introduction.qmd,912,ASYMPTOTIC_BOUND,native_math,native_math,inline,NO,UNKNOWN,REVIEW,REVIEW,PASS,PASS,PASS,PASS,O(n^3)
MATH-0091,1,"Misconception 1: ""Big-O means exact growth rate""",chapters/01-introduction.qmd,912,ASYMPTOTIC_BOUND,native_math,native_math,inline,NO,UNKNOWN,REVIEW,REVIEW,PASS,PASS,PASS,PASS,O(n⁴)
MATH-0092,1,"Misconception 1: ""Big-O means exact growth rate""",chapters/01-introduction.qmd,912,ALGORITHM_FORMULA,text_or_ascii,native_math,inline,NO,UNKNOWN,REVIEW,REVIEW,PASS,PASS,PASS,PASS,"✅ **Correct thinking:** ""Big-O gives an upper bound. If an algorithm is , it's also , , etc."""
MATH-0093,1,"Misconception 1: ""Big-O means exact growth rate""",chapters/01-introduction.qmd,914,ASYMPTOTIC_BOUND,native_math,native_math,inline,NO,UNKNOWN,REVIEW,REVIEW,PASS,PASS,PASS,PASS,O(n^2)
MATH-0094,1,"Misconception 1: ""Big-O means exact growth rate""",chapters/01-introduction.qmd,914,ALGORITHM_FORMULA,text_or_ascii,native_math,inline,NO,UNKNOWN,REVIEW,REVIEW,PASS,PASS,PASS,PASS,"**Why this matters:** Big-O tells us the worst an algorithm can be, not exactly how it behaves. Saying ""this algorithm is "" means ""it won't be worse than quadratic,"" not ""it's exactly quadratic."""
MATH-0095,1,"Misconception 1: ""Big-O means exact growth rate""",chapters/01-introduction.qmd,928,ASYMPTOTIC_BOUND,native_math,native_math,inline,NO,UNKNOWN,REVIEW,REVIEW,PASS,PASS,PASS,PASS,O(n)
MATH-0096,1,"Misconception 1: ""Big-O means exact growth rate""",chapters/01-introduction.qmd,929,ASYMPTOTIC_BOUND,native_math,native_math,inline,NO,UNKNOWN,REVIEW,REVIEW,PASS,PASS,PASS,PASS,O(n^2)
MATH-0097,1,"Misconception 1: ""Big-O means exact growth rate""",chapters/01-introduction.qmd,930,ASYMPTOTIC_BOUND,native_math,native_math,inline,NO,UNKNOWN,REVIEW,REVIEW,PASS,PASS,PASS,PASS,O(n^3)
MATH-0098,1,"Misconception 1: ""Big-O means exact growth rate""",chapters/01-introduction.qmd,932,ASYMPTOTIC_BOUND,native_math,native_math,inline,NO,UNKNOWN,REVIEW,REVIEW,PASS,PASS,PASS,PASS,O(n)
MATH-0099,1,"Misconception 2: ""Constants and lower-order terms never matter""",chapters/01-introduction.qmd,936,ASYMPTOTIC_BOUND,native_math,native_math,inline,NO,UNKNOWN,REVIEW,REVIEW,PASS,PASS,PASS,PASS,O(n^2)
MATH-0100,1,"Misconception 2: ""Constants and lower-order terms never matter""",chapters/01-introduction.qmd,936,ALGORITHM_FORMULA,text_or_ascii,native_math,inline,NO,UNKNOWN,REVIEW,REVIEW,PASS,PASS,PASS,PASS,"❌ **Wrong thinking:** ""Algorithm A takes 1000n² time, Algorithm B takes n² time. Since both are , they're equally good."""
MATH-0101,1,"Misconception 2: ""Constants and lower-order terms never matter""",chapters/01-introduction.qmd,942,OTHER,text_or_ascii,native_math,inline,NO,UNKNOWN,REVIEW,REVIEW,PASS,PASS,PASS,PASS,- Algorithm A: 1000n² microseconds
MATH-0102,1,"Misconception 2: ""Constants and lower-order terms never matter""",chapters/01-introduction.qmd,943,OTHER,text_or_ascii,native_math,inline,NO,UNKNOWN,REVIEW,REVIEW,PASS,PASS,PASS,PASS,- Algorithm B: n² microseconds
MATH-0103,1,"Misconception 2: ""Constants and lower-order terms never matter""",chapters/01-introduction.qmd,956,ASYMPTOTIC_BOUND,native_math,native_math,inline,NO,UNKNOWN,REVIEW,REVIEW,PASS,PASS,PASS,PASS,O(n)
MATH-0104,1,"Misconception 2: ""Constants and lower-order terms never matter""",chapters/01-introduction.qmd,956,ASYMPTOTIC_BOUND,native_math,native_math,inline,NO,UNKNOWN,REVIEW,REVIEW,PASS,PASS,PASS,PASS,O(n^2)
MATH-0105,1,"Misconception 3: ""Best case = $O()$, Worst case = $\Omega()$""",chapters/01-introduction.qmd,958,ASYMPTOTIC_BOUND,native_math,native_math,inline,NO,UNKNOWN,REVIEW,REVIEW,PASS,PASS,PASS,PASS,O()
MATH-0106,1,"Misconception 3: ""Best case = $O()$, Worst case = $\Omega()$""",chapters/01-introduction.qmd,958,ASYMPTOTIC_BOUND,native_math,native_math,inline,NO,UNKNOWN,REVIEW,REVIEW,PASS,PASS,PASS,PASS,\Omega()
MATH-0107,1,"Misconception 3: ""Best case = $O()$, Worst case = $\Omega()$""",chapters/01-introduction.qmd,960,ASYMPTOTIC_BOUND,native_math,native_math,inline,NO,UNKNOWN,REVIEW,REVIEW,PASS,PASS,PASS,PASS,O(n log n)
MATH-0108,1,"Misconception 3: ""Best case = $O()$, Worst case = $\Omega()$""",chapters/01-introduction.qmd,960,ASYMPTOTIC_BOUND,native_math,native_math,inline,NO,UNKNOWN,REVIEW,REVIEW,PASS,PASS,PASS,PASS,\Omega(n^2)
MATH-0109,1,"Misconception 3: ""Best case = $O()$, Worst case = $\Omega()$""",chapters/01-introduction.qmd,962,ASYMPTOTIC_BOUND,native_math,native_math,inline,NO,UNKNOWN,REVIEW,REVIEW,PASS,PASS,PASS,PASS,\Theta(n log n)
MATH-0110,1,"Misconception 3: ""Best case = $O()$, Worst case = $\Omega()$""",chapters/01-introduction.qmd,962,ASYMPTOTIC_BOUND,native_math,native_math,inline,NO,UNKNOWN,REVIEW,REVIEW,PASS,PASS,PASS,PASS,\Theta(n^2)
MATH-0111,1,"Misconception 3: ""Best case = $O()$, Worst case = $\Omega()$""",chapters/01-introduction.qmd,962,ASYMPTOTIC_BOUND,text_or_ascii,native_math,inline,NO,UNKNOWN,REVIEW,REVIEW,PASS,PASS,PASS,PASS,"✅ **Correct thinking:** ""QuickSort's best case is and worst case is . Each case has its own Big-O, Big-Ω, and Big-Θ."""
MATH-0112,1,"Misconception 3: ""Best case = $O()$, Worst case = $\Omega()$""",chapters/01-introduction.qmd,966,ASYMPTOTIC_BOUND,native_math,native_math,inline,NO,UNKNOWN,REVIEW,REVIEW,PASS,PASS,PASS,PASS,\Theta(n log n)
MATH-0113,1,"Misconception 3: ""Best case = $O()$, Worst case = $\Omega()$""",chapters/01-introduction.qmd,966,ASYMPTOTIC_BOUND,native_math,native_math,inline,NO,UNKNOWN,REVIEW,REVIEW,PASS,PASS,PASS,PASS,O(n log n)
MATH-0114,1,"Misconception 3: ""Best case = $O()$, Worst case = $\Omega()$""",chapters/01-introduction.qmd,966,ASYMPTOTIC_BOUND,native_math,native_math,inline,NO,UNKNOWN,REVIEW,REVIEW,PASS,PASS,PASS,PASS,\Omega(n log n)
MATH-0115,1,"Misconception 3: ""Best case = $O()$, Worst case = $\Omega()$""",chapters/01-introduction.qmd,967,ASYMPTOTIC_BOUND,native_math,native_math,inline,NO,UNKNOWN,REVIEW,REVIEW,PASS,PASS,PASS,PASS,\Theta(n log n)
MATH-0116,1,"Misconception 3: ""Best case = $O()$, Worst case = $\Omega()$""",chapters/01-introduction.qmd,968,ASYMPTOTIC_BOUND,native_math,native_math,inline,NO,UNKNOWN,REVIEW,REVIEW,PASS,PASS,PASS,PASS,\Theta(n^2)
MATH-0117,1,"Misconception 3: ""Best case = $O()$, Worst case = $\Omega()$""",chapters/01-introduction.qmd,968,ASYMPTOTIC_BOUND,native_math,native_math,inline,NO,UNKNOWN,REVIEW,REVIEW,PASS,PASS,PASS,PASS,O(n^2)
MATH-0118,1,"Misconception 3: ""Best case = $O()$, Worst case = $\Omega()$""",chapters/01-introduction.qmd,968,ASYMPTOTIC_BOUND,native_math,native_math,inline,NO,UNKNOWN,REVIEW,REVIEW,PASS,PASS,PASS,PASS,\Omega(n^2)
MATH-0119,1,"Misconception 4: ""Asymptotic analysis applies to small inputs""",chapters/01-introduction.qmd,972,ASYMPTOTIC_BOUND,native_math,native_math,inline,NO,UNKNOWN,REVIEW,REVIEW,PASS,PASS,PASS,PASS,O(n^2)
MATH-0120,1,Growth Rate Hierarchy: A Roadmap,chapters/01-introduction.qmd,993,SET_NOTATION,native_math,native_math,display,NO,UNKNOWN,PASS,PASS,PASS,PASS,PASS,PASS,"\begin{aligned} O(1)&\subset O(\log\log n)\subset O(\log n)\subset O(n^{1/3})\subset O(\sqrt n),\\ &\subset O(n)\subset O(n\log n)\subset O(n^2)\subset O(n^3),\\ &\subset O(2^n)\subset O(n!)\subset O(n^n). \end{aligned}"
MATH-0121,1,$O(1)$ - Constant Time,chapters/01-introduction.qmd,1005,ASYMPTOTIC_BOUND,native_math,native_math,inline,NO,UNKNOWN,REVIEW,REVIEW,PASS,PASS,PASS,PASS,O(1)
MATH-0122,1,$O(log n)$ - Logarithmic Time,chapters/01-introduction.qmd,1015,ASYMPTOTIC_BOUND,native_math,native_math,inline,NO,UNKNOWN,REVIEW,REVIEW,PASS,PASS,PASS,PASS,O(log n)
MATH-0123,1,$O(log n)$ - Logarithmic Time,chapters/01-introduction.qmd,1027,OTHER,text_or_ascii,native_math,inline,NO,UNKNOWN,REVIEW,REVIEW,PASS,PASS,PASS,PASS,"- log₂(1,000) ≈ 10"
MATH-0124,1,$O(log n)$ - Logarithmic Time,chapters/01-introduction.qmd,1028,OTHER,text_or_ascii,native_math,inline,NO,UNKNOWN,REVIEW,REVIEW,PASS,PASS,PASS,PASS,"- log₂(1,000,000) ≈ 20"
MATH-0125,1,$O(log n)$ - Logarithmic Time,chapters/01-introduction.qmd,1029,OTHER,text_or_ascii,native_math,inline,NO,UNKNOWN,REVIEW,REVIEW,PASS,PASS,PASS,PASS,"- log₂(1,000,000,000) ≈ 30"
MATH-0126,1,$O(n)$ - Linear Time,chapters/01-introduction.qmd,1033,ASYMPTOTIC_BOUND,native_math,native_math,inline,NO,UNKNOWN,REVIEW,REVIEW,PASS,PASS,PASS,PASS,O(n)
MATH-0127,1,$O(n log n)$ - Linearithmic Time,chapters/01-introduction.qmd,1043,ASYMPTOTIC_BOUND,native_math,native_math,inline,NO,UNKNOWN,REVIEW,REVIEW,PASS,PASS,PASS,PASS,O(n log n)
MATH-0128,1,$O(n^2)$ - Quadratic Time,chapters/01-introduction.qmd,1055,ASYMPTOTIC_BOUND,native_math,native_math,inline,NO,UNKNOWN,REVIEW,REVIEW,PASS,PASS,PASS,PASS,O(n^2)
MATH-0129,1,$O(2^n)$ - Exponential Time,chapters/01-introduction.qmd,1071,ASYMPTOTIC_BOUND,native_math,native_math,inline,NO,UNKNOWN,REVIEW,REVIEW,PASS,PASS,PASS,PASS,O(2^n)
MATH-0130,1,$O(2^n)$ - Exponential Time,chapters/01-introduction.qmd,1083,OTHER,text_or_ascii,native_math,inline,NO,UNKNOWN,REVIEW,REVIEW,PASS,PASS,PASS,PASS,- 2²⁰ ≈ 1 million
MATH-0131,1,$O(2^n)$ - Exponential Time,chapters/01-introduction.qmd,1084,OTHER,text_or_ascii,native_math,inline,NO,UNKNOWN,REVIEW,REVIEW,PASS,PASS,PASS,PASS,- 2³⁰ ≈ 1 billion
MATH-0132,1,$O(2^n)$ - Exponential Time,chapters/01-introduction.qmd,1085,OTHER,text_or_ascii,native_math,inline,NO,UNKNOWN,REVIEW,REVIEW,PASS,PASS,PASS,PASS,- 2⁴⁰ ≈ 1 trillion
MATH-0133,1,$O(n!)$ - Factorial Time,chapters/01-introduction.qmd,1089,ASYMPTOTIC_BOUND,native_math,native_math,inline,NO,UNKNOWN,REVIEW,REVIEW,PASS,PASS,PASS,PASS,O(n!)
MATH-0134,1,$O(n!)$ - Factorial Time,chapters/01-introduction.qmd,1103,ALGORITHM_FORMULA,text_or_ascii,native_math,inline,NO,UNKNOWN,REVIEW,REVIEW,PASS,PASS,PASS,PASS,- 25! = 1.5 × 10²⁵ (more than the number of atoms in the observable universe!)
MATH-0135,1,Example 1: Nested Loops,chapters/01-introduction.qmd,1123,APPROXIMATION_RATIO,text_or_ascii,native_math,inline,NO,UNKNOWN,REVIEW,REVIEW,PASS,PASS,PASS,PASS,- Total: n × n = n² iterations
MATH-0136,1,Example 1: Nested Loops,chapters/01-introduction.qmd,1124,ASYMPTOTIC_BOUND,native_math,native_math,inline,NO,UNKNOWN,REVIEW,REVIEW,PASS,PASS,PASS,PASS,O(n^2)
MATH-0137,1,Example 2: Variable Inner Loop,chapters/01-introduction.qmd,1143,ALGORITHM_FORMULA,text_or_ascii,native_math,inline,NO,UNKNOWN,REVIEW,REVIEW,PASS,PASS,PASS,PASS,- Total: 0 + 1 + 2 + ... + (n-1) = n(n-1)/2 = (n² - n)/2
MATH-0138,1,Example 2: Variable Inner Loop,chapters/01-introduction.qmd,1144,ASYMPTOTIC_BOUND,native_math,native_math,inline,NO,UNKNOWN,REVIEW,REVIEW,PASS,PASS,PASS,PASS,O(n^2)
MATH-0139,1,Example 2: Variable Inner Loop,chapters/01-introduction.qmd,1144,ALGORITHM_FORMULA,text_or_ascii,native_math,inline,NO,UNKNOWN,REVIEW,REVIEW,PASS,PASS,PASS,PASS,- **Time Complexity:** (the n² term dominates)
MATH-0140,1,Example 3: Logarithmic Loop,chapters/01-introduction.qmd,1167,ALGORITHM_FORMULA,text_or_ascii,native_math,inline,NO,UNKNOWN,REVIEW,REVIEW,PASS,PASS,PASS,PASS,- If we start with n elements: n → n/2 → n/4 → n/8 → ... → 1
MATH-0141,1,Example 3: Logarithmic Loop,chapters/01-introduction.qmd,1168,APPROXIMATION_RATIO,text_or_ascii,native_math,inline,NO,UNKNOWN,REVIEW,REVIEW,PASS,PASS,PASS,PASS,- Number of iterations until we reach 1: log₂(n)
MATH-0142,1,Example 3: Logarithmic Loop,chapters/01-introduction.qmd,1169,ASYMPTOTIC_BOUND,native_math,native_math,inline,NO,UNKNOWN,REVIEW,REVIEW,PASS,PASS,PASS,PASS,O(log n)
MATH-0143,1,Example 4: Divide and Conquer,chapters/01-introduction.qmd,1204,ASYMPTOTIC_BOUND,native_math,native_math,inline,NO,UNKNOWN,REVIEW,REVIEW,PASS,PASS,PASS,PASS,O(n)
MATH-0144,1,Example 4: Divide and Conquer,chapters/01-introduction.qmd,1204,RECURRENCE,text_or_ascii,native_math,inline,NO,UNKNOWN,REVIEW,REVIEW,PASS,PASS,PASS,PASS,- T(n) = 2T(n/2) +
MATH-0145,1,Example 4: Divide and Conquer,chapters/01-introduction.qmd,1206,ASYMPTOTIC_BOUND,native_math,native_math,inline,NO,UNKNOWN,REVIEW,REVIEW,PASS,PASS,PASS,PASS,O(n log n)
MATH-0146,1,Example 4: Divide and Conquer,chapters/01-introduction.qmd,1206,RECURRENCE,text_or_ascii,native_math,inline,NO,UNKNOWN,REVIEW,REVIEW,PASS,PASS,PASS,PASS,- By the Master Theorem (which we'll study in detail later): T(n) =
MATH-0147,1,Advanced Topics: Beyond Basic Big-O,chapters/01-introduction.qmd,1262,OTHER,text_or_ascii,native_math,inline,NO,UNKNOWN,REVIEW,REVIEW,PASS,PASS,PASS,PASS,### Advanced Topics: Beyond Basic Big-O
MATH-0148,1,Amortized Analysis,chapters/01-introduction.qmd,1272,ASYMPTOTIC_BOUND,native_math,native_math,inline,NO,UNKNOWN,REVIEW,REVIEW,PASS,PASS,PASS,PASS,O(1)
MATH-0149,1,Amortized Analysis,chapters/01-introduction.qmd,1273,ASYMPTOTIC_BOUND,native_math,native_math,inline,NO,UNKNOWN,REVIEW,REVIEW,PASS,PASS,PASS,PASS,O(n)
MATH-0150,1,Amortized Analysis,chapters/01-introduction.qmd,1274,ASYMPTOTIC_BOUND,native_math,native_math,inline,NO,UNKNOWN,REVIEW,REVIEW,PASS,PASS,PASS,PASS,O(1)
MATH-0151,1,"Best, Average, and Worst Case",chapters/01-introduction.qmd,1282,ASYMPTOTIC_BOUND,native_math,native_math,inline,NO,UNKNOWN,REVIEW,REVIEW,PASS,PASS,PASS,PASS,O(n log n)
MATH-0152,1,"Best, Average, and Worst Case",chapters/01-introduction.qmd,1283,ASYMPTOTIC_BOUND,native_math,native_math,inline,NO,UNKNOWN,REVIEW,REVIEW,PASS,PASS,PASS,PASS,O(n log n)
MATH-0153,1,"Best, Average, and Worst Case",chapters/01-introduction.qmd,1284,ASYMPTOTIC_BOUND,native_math,native_math,inline,NO,UNKNOWN,REVIEW,REVIEW,PASS,PASS,PASS,PASS,O(n^2)
MATH-0154,1,What You've Accomplished,chapters/01-introduction.qmd,2434,ASYMPTOTIC_BOUND,text_or_ascii,native_math,inline,NO,UNKNOWN,REVIEW,REVIEW,PASS,PASS,PASS,PASS,"- Mastered asymptotic analysis (Big-O, Big-Ω, Big-Θ)"
MATH-0155,1,Key Insights to Remember,chapters/01-introduction.qmd,2455,ALGORITHM_FORMULA,text_or_ascii,native_math,inline,NO,UNKNOWN,REVIEW,REVIEW,PASS,PASS,PASS,PASS,"**1. Algorithm Analysis is Both Art and Science** The formal mathematical analysis (Big-O notation) gives us the theoretical foundation, but empirical testing reveals how algorithms behave in practice. Both perspectives are essential."
MATH-0156,1,Looking Ahead: Week 2 Preview,chapters/01-introduction.qmd,2486,ASYMPTOTIC_BOUND,native_math,native_math,inline,NO,UNKNOWN,REVIEW,REVIEW,PASS,PASS,PASS,PASS,O(n log n)
MATH-0157,1,Looking Ahead: Week 2 Preview,chapters/01-introduction.qmd,2487,ASYMPTOTIC_BOUND,native_math,native_math,inline,NO,UNKNOWN,REVIEW,REVIEW,PASS,PASS,PASS,PASS,O(n log n)
MATH-0158,1,Looking Ahead: Week 2 Preview,chapters/01-introduction.qmd,2494,ASYMPTOTIC_BOUND,native_math,native_math,inline,NO,UNKNOWN,REVIEW,REVIEW,PASS,PASS,PASS,PASS,O(n log n)
MATH-0159,1,Theoretical Problems,chapters/01-introduction.qmd,2552,ASYMPTOTIC_BOUND,native_math,native_math,inline,NO,UNKNOWN,REVIEW,REVIEW,PASS,PASS,PASS,PASS,O(n^3)
MATH-0160,1,Theoretical Problems,chapters/01-introduction.qmd,2552,ALGORITHM_FORMULA,text_or_ascii,native_math,inline,NO,UNKNOWN,REVIEW,REVIEW,PASS,PASS,PASS,PASS,**Part A:** Prove using formal definitions that 5n³ + 3n² + 2n + 1 =
MATH-0161,1,Theoretical Problems,chapters/01-introduction.qmd,2554,OTHER,text_or_ascii,native_math,inline,NO,UNKNOWN,REVIEW,REVIEW,PASS,PASS,PASS,PASS,- Find appropriate constants c and n₀
MATH-0162,1,Theoretical Problems,chapters/01-introduction.qmd,2558,ASYMPTOTIC_BOUND,native_math,native_math,inline,NO,UNKNOWN,REVIEW,REVIEW,PASS,PASS,PASS,PASS,\Omega(n^3)
MATH-0163,1,Theoretical Problems,chapters/01-introduction.qmd,2558,ALGORITHM_FORMULA,text_or_ascii,native_math,inline,NO,UNKNOWN,REVIEW,REVIEW,PASS,PASS,PASS,PASS,**Part B:** Prove using formal definitions that 5n³ + 3n² + 2n + 1 =
MATH-0164,1,Theoretical Problems,chapters/01-introduction.qmd,2560,OTHER,text_or_ascii,native_math,inline,NO,UNKNOWN,REVIEW,REVIEW,PASS,PASS,PASS,PASS,- Find appropriate constants c and n₀
MATH-0165,1,Theoretical Problems,chapters/01-introduction.qmd,2563,ASYMPTOTIC_BOUND,text_or_ascii,native_math,inline,NO,UNKNOWN,REVIEW,REVIEW,PASS,PASS,PASS,PASS,**Part C:** What can you conclude about Θ notation for this function? Justify your answer.
MATH-0166,1,Theoretical Problems,chapters/01-introduction.qmd,2565,ASYMPTOTIC_BOUND,native_math,native_math,inline,NO,UNKNOWN,REVIEW,REVIEW,PASS,PASS,PASS,PASS,O(n^2)
MATH-0167,1,Theoretical Problems,chapters/01-introduction.qmd,2565,ALGORITHM_FORMULA,text_or_ascii,native_math,inline,NO,UNKNOWN,REVIEW,REVIEW,PASS,PASS,PASS,PASS,**Part D:** Prove or disprove: 2n² + 100n =
MATH-0168,1,Fragment E,chapters/01-introduction.qmd,2633,APPROXIMATION_RATIO,text_or_ascii,native_math,inline,NO,UNKNOWN,REVIEW,REVIEW,PASS,PASS,PASS,PASS,"2. **Optimized Trial Division:** Test divisibility by numbers from 2 to √n, skipping even numbers after 2"
MATH-0169,1,Fragment E,chapters/01-introduction.qmd,2658,ALGORITHM_FORMULA,text_or_ascii,native_math,inline,NO,UNKNOWN,REVIEW,REVIEW,PASS,PASS,PASS,PASS,- f₁(n) = n²√n
MATH-0170,1,Fragment E,chapters/01-introduction.qmd,2659,ALGORITHM_FORMULA,text_or_ascii,native_math,inline,NO,UNKNOWN,REVIEW,REVIEW,PASS,PASS,PASS,PASS,- f₂(n) = 2^(√n)
MATH-0171,1,Fragment E,chapters/01-introduction.qmd,2660,ALGORITHM_FORMULA,text_or_ascii,native_math,inline,NO,UNKNOWN,REVIEW,REVIEW,PASS,PASS,PASS,PASS,- f₃(n) = n!
MATH-0172,1,Fragment E,chapters/01-introduction.qmd,2661,ALGORITHM_FORMULA,text_or_ascii,native_math,inline,NO,UNKNOWN,REVIEW,REVIEW,PASS,PASS,PASS,PASS,- f₄(n) = (log n)!
MATH-0173,1,Fragment E,chapters/01-introduction.qmd,2662,ALGORITHM_FORMULA,text_or_ascii,native_math,inline,NO,UNKNOWN,REVIEW,REVIEW,PASS,PASS,PASS,PASS,- f₅(n) = n^(log n)
MATH-0174,1,Fragment E,chapters/01-introduction.qmd,2663,ALGORITHM_FORMULA,text_or_ascii,native_math,inline,NO,UNKNOWN,REVIEW,REVIEW,PASS,PASS,PASS,PASS,- f₆(n) = log(n!)
MATH-0175,1,Fragment E,chapters/01-introduction.qmd,2664,ALGORITHM_FORMULA,text_or_ascii,native_math,inline,NO,UNKNOWN,REVIEW,REVIEW,PASS,PASS,PASS,PASS,- f₇(n) = n^(log log n)
MATH-0176,1,Fragment E,chapters/01-introduction.qmd,2665,ALGORITHM_FORMULA,text_or_ascii,native_math,inline,NO,UNKNOWN,REVIEW,REVIEW,PASS,PASS,PASS,PASS,- f₈(n) = 2^(2^n)
MATH-0177,1,Practical Programming Problems,chapters/01-introduction.qmd,2766,OTHER,text_or_ascii,native_math,inline,NO,UNKNOWN,REVIEW,REVIEW,PASS,PASS,PASS,PASS,1. Generate datasets of various sizes (10² to 10⁵ elements)
MATH-0178,1,Practical Programming Problems,chapters/01-introduction.qmd,2767,COMPLEXITY_EXPRESSION,text_or_ascii,native_math,inline,NO,UNKNOWN,REVIEW,REVIEW,PASS,PASS,PASS,PASS,2. Validate theoretical complexities for all three sorting algorithms
MATH-0179,2,Welcome to the Power of Recursion,chapters/02-Divide-and-Conquer.qmd,14,ASYMPTOTIC_BOUND,native_math,native_math,inline,NO,UNKNOWN,REVIEW,REVIEW,PASS,PASS,PASS,PASS,O(n^2)
MATH-0180,2,Welcome to the Power of Recursion,chapters/02-Divide-and-Conquer.qmd,14,ASYMPTOTIC_BOUND,native_math,native_math,inline,NO,UNKNOWN,REVIEW,REVIEW,PASS,PASS,PASS,PASS,O(n log n)
MATH-0181,2,Why This Matters,chapters/02-Divide-and-Conquer.qmd,20,ASYMPTOTIC_BOUND,native_math,native_math,inline,NO,UNKNOWN,REVIEW,REVIEW,PASS,PASS,PASS,PASS,O(log n)
MATH-0182,2,Why This Matters,chapters/02-Divide-and-Conquer.qmd,20,ASYMPTOTIC_BOUND,native_math,native_math,inline,NO,UNKNOWN,REVIEW,REVIEW,PASS,PASS,PASS,PASS,O(n)
MATH-0183,2,What You'll Learn,chapters/02-Divide-and-Conquer.qmd,39,ASYMPTOTIC_BOUND,native_math,native_math,inline,NO,UNKNOWN,REVIEW,REVIEW,PASS,PASS,PASS,PASS,O(n log n)
MATH-0184,2,What You'll Learn,chapters/02-Divide-and-Conquer.qmd,40,ASYMPTOTIC_BOUND,native_math,native_math,inline,NO,UNKNOWN,REVIEW,REVIEW,PASS,PASS,PASS,PASS,O(n log n)
MATH-0185,2,Real-World Analogy: Organizing a Tournament,chapters/02-Divide-and-Conquer.qmd,90,ASYMPTOTIC_BOUND,native_math,native_math,inline,NO,UNKNOWN,REVIEW,REVIEW,PASS,PASS,PASS,PASS,O(n^2)
MATH-0186,2,Real-World Analogy: Organizing a Tournament,chapters/02-Divide-and-Conquer.qmd,94,ALGORITHM_FORMULA,text_or_ascii,native_math,inline,NO,UNKNOWN,REVIEW,REVIEW,PASS,PASS,PASS,PASS,"- **Round 1:** Divide into 512 pairs, each pair plays → 512 games"
MATH-0187,2,Real-World Analogy: Organizing a Tournament,chapters/02-Divide-and-Conquer.qmd,95,ALGORITHM_FORMULA,text_or_ascii,native_math,inline,NO,UNKNOWN,REVIEW,REVIEW,PASS,PASS,PASS,PASS,- **Round 2:** Divide winners into 256 pairs → 256 games
MATH-0188,2,Real-World Analogy: Organizing a Tournament,chapters/02-Divide-and-Conquer.qmd,96,ALGORITHM_FORMULA,text_or_ascii,native_math,inline,NO,UNKNOWN,REVIEW,REVIEW,PASS,PASS,PASS,PASS,- **Round 3:** Divide winners into 128 pairs → 128 games
MATH-0189,2,Real-World Analogy: Organizing a Tournament,chapters/02-Divide-and-Conquer.qmd,99,ASYMPTOTIC_BOUND,native_math,native_math,inline,NO,UNKNOWN,REVIEW,REVIEW,PASS,PASS,PASS,PASS,O(n)
MATH-0190,2,Real-World Analogy: Organizing a Tournament,chapters/02-Divide-and-Conquer.qmd,99,ASYMPTOTIC_BOUND,native_math,native_math,inline,NO,UNKNOWN,REVIEW,REVIEW,PASS,PASS,PASS,PASS,O(log n)
MATH-0191,2,Usage,chapters/02-Divide-and-Conquer.qmd,155,ASYMPTOTIC_BOUND,native_math,native_math,inline,NO,UNKNOWN,REVIEW,REVIEW,PASS,PASS,PASS,PASS,O(1)
MATH-0192,2,Usage,chapters/02-Divide-and-Conquer.qmd,155,ALGORITHM_FORMULA,text_or_ascii,native_math,inline,NO,UNKNOWN,REVIEW,REVIEW,PASS,PASS,PASS,PASS,- **Divide:** Split array into two halves →
MATH-0193,2,Usage,chapters/02-Divide-and-Conquer.qmd,156,ALGORITHM_FORMULA,text_or_ascii,native_math,inline,NO,UNKNOWN,REVIEW,REVIEW,PASS,PASS,PASS,PASS,- **Conquer:** Recursively find max in each half → 2 × T(n/2)
MATH-0194,2,Usage,chapters/02-Divide-and-Conquer.qmd,157,ASYMPTOTIC_BOUND,native_math,native_math,inline,NO,UNKNOWN,REVIEW,REVIEW,PASS,PASS,PASS,PASS,O(1)
MATH-0195,2,Usage,chapters/02-Divide-and-Conquer.qmd,157,ALGORITHM_FORMULA,text_or_ascii,native_math,inline,NO,UNKNOWN,REVIEW,REVIEW,PASS,PASS,PASS,PASS,- **Combine:** Compare two numbers →
MATH-0196,2,Usage,chapters/02-Divide-and-Conquer.qmd,159,ASYMPTOTIC_BOUND,native_math,native_math,inline,NO,UNKNOWN,REVIEW,REVIEW,PASS,PASS,PASS,PASS,O(1)
MATH-0197,2,Usage,chapters/02-Divide-and-Conquer.qmd,159,ASYMPTOTIC_BOUND,native_math,native_math,inline,NO,UNKNOWN,REVIEW,REVIEW,PASS,PASS,PASS,PASS,O(n)
MATH-0198,2,Usage,chapters/02-Divide-and-Conquer.qmd,159,RECURRENCE,text_or_ascii,native_math,inline,NO,UNKNOWN,REVIEW,REVIEW,PASS,PASS,PASS,PASS,**Recurrence relation:** T(n) = 2T(n/2) + **Solution:** T(n) =
MATH-0199,2,When Does Divide and Conquer Help?,chapters/02-Divide-and-Conquer.qmd,175,ASYMPTOTIC_BOUND,native_math,native_math,inline,NO,UNKNOWN,REVIEW,REVIEW,PASS,PASS,PASS,PASS,O(n)
MATH-0200,2,When Does Divide and Conquer Help?,chapters/02-Divide-and-Conquer.qmd,179,ASYMPTOTIC_BOUND,native_math,native_math,inline,NO,UNKNOWN,REVIEW,REVIEW,PASS,PASS,PASS,PASS,O(n^2)
MATH-0201,2,When Does Divide and Conquer Help?,chapters/02-Divide-and-Conquer.qmd,179,ASYMPTOTIC_BOUND,native_math,native_math,inline,NO,UNKNOWN,REVIEW,REVIEW,PASS,PASS,PASS,PASS,O(n log n)
MATH-0202,2,When Does Divide and Conquer Help?,chapters/02-Divide-and-Conquer.qmd,179,ALGORITHM_FORMULA,text_or_ascii,native_math,inline,NO,UNKNOWN,REVIEW,REVIEW,PASS,PASS,PASS,PASS,"- **Sorting** (merge sort, quicksort): →"
MATH-0203,2,When Does Divide and Conquer Help?,chapters/02-Divide-and-Conquer.qmd,180,ASYMPTOTIC_BOUND,native_math,native_math,inline,NO,UNKNOWN,REVIEW,REVIEW,PASS,PASS,PASS,PASS,O(n)
MATH-0204,2,When Does Divide and Conquer Help?,chapters/02-Divide-and-Conquer.qmd,180,ASYMPTOTIC_BOUND,native_math,native_math,inline,NO,UNKNOWN,REVIEW,REVIEW,PASS,PASS,PASS,PASS,O(log n)
MATH-0205,2,When Does Divide and Conquer Help?,chapters/02-Divide-and-Conquer.qmd,180,ALGORITHM_FORMULA,text_or_ascii,native_math,inline,NO,UNKNOWN,REVIEW,REVIEW,PASS,PASS,PASS,PASS,- **Binary search**: →
MATH-0206,2,When Does Divide and Conquer Help?,chapters/02-Divide-and-Conquer.qmd,181,ASYMPTOTIC_BOUND,native_math,native_math,inline,NO,UNKNOWN,REVIEW,REVIEW,PASS,PASS,PASS,PASS,O(n^3)
MATH-0207,2,When Does Divide and Conquer Help?,chapters/02-Divide-and-Conquer.qmd,181,ASYMPTOTIC_BOUND,native_math,native_math,inline,NO,UNKNOWN,REVIEW,REVIEW,PASS,PASS,PASS,PASS,O(n^2.807)
MATH-0208,2,When Does Divide and Conquer Help?,chapters/02-Divide-and-Conquer.qmd,181,MATRIX,text_or_ascii,native_math,inline,NO,UNKNOWN,REVIEW,REVIEW,PASS,PASS,PASS,PASS,- **Matrix multiplication** (Strassen's): →
MATH-0209,2,When Does Divide and Conquer Help?,chapters/02-Divide-and-Conquer.qmd,182,ASYMPTOTIC_BOUND,native_math,native_math,inline,NO,UNKNOWN,REVIEW,REVIEW,PASS,PASS,PASS,PASS,O(n^2)
MATH-0210,2,When Does Divide and Conquer Help?,chapters/02-Divide-and-Conquer.qmd,182,ASYMPTOTIC_BOUND,native_math,native_math,inline,NO,UNKNOWN,REVIEW,REVIEW,PASS,PASS,PASS,PASS,O(n^1.585)
MATH-0211,2,When Does Divide and Conquer Help?,chapters/02-Divide-and-Conquer.qmd,182,ALGORITHM_FORMULA,text_or_ascii,native_math,inline,NO,UNKNOWN,REVIEW,REVIEW,PASS,PASS,PASS,PASS,- **Integer multiplication** (Karatsuba): →
MATH-0212,2,The Recursion Tree: Visualizing Divide and Conquer,chapters/02-Divide-and-Conquer.qmd,198,ALGORITHM_FORMULA,text_or_ascii,native_math,inline,NO,UNKNOWN,REVIEW,REVIEW,PASS,PASS,PASS,PASS,1. **Height of tree:** log₂(8) = 3 levels (plus base level)
MATH-0213,2,The Recursion Tree: Visualizing Divide and Conquer,chapters/02-Divide-and-Conquer.qmd,199,ASYMPTOTIC_BOUND,native_math,native_math,inline,NO,UNKNOWN,REVIEW,REVIEW,PASS,PASS,PASS,PASS,O(n)
MATH-0214,2,The Recursion Tree: Visualizing Divide and Conquer,chapters/02-Divide-and-Conquer.qmd,199,ALGORITHM_FORMULA,text_or_ascii,native_math,inline,NO,UNKNOWN,REVIEW,REVIEW,PASS,PASS,PASS,PASS,2. **Work per level:** We compare all n elements once per level → per level
MATH-0215,2,The Recursion Tree: Visualizing Divide and Conquer,chapters/02-Divide-and-Conquer.qmd,200,ASYMPTOTIC_BOUND,native_math,native_math,inline,NO,UNKNOWN,REVIEW,REVIEW,PASS,PASS,PASS,PASS,O(n)
MATH-0216,2,The Recursion Tree: Visualizing Divide and Conquer,chapters/02-Divide-and-Conquer.qmd,200,ASYMPTOTIC_BOUND,native_math,native_math,inline,NO,UNKNOWN,REVIEW,REVIEW,PASS,PASS,PASS,PASS,O(n log n)
MATH-0217,2,The Recursion Tree: Visualizing Divide and Conquer,chapters/02-Divide-and-Conquer.qmd,200,ALGORITHM_FORMULA,text_or_ascii,native_math,inline,NO,UNKNOWN,REVIEW,REVIEW,PASS,PASS,PASS,PASS,"3. **Total work:** × log(n) levels = ... wait, no!"
MATH-0218,2,The Recursion Tree: Visualizing Divide and Conquer,chapters/02-Divide-and-Conquer.qmd,209,ASYMPTOTIC_BOUND,native_math,native_math,inline,NO,UNKNOWN,REVIEW,REVIEW,PASS,PASS,PASS,PASS,O(1)
MATH-0219,2,The Recursion Tree: Visualizing Divide and Conquer,chapters/02-Divide-and-Conquer.qmd,209,ASYMPTOTIC_BOUND,native_math,native_math,inline,NO,UNKNOWN,REVIEW,REVIEW,PASS,PASS,PASS,PASS,O(n)
MATH-0220,2,The Recursion Tree: Visualizing Divide and Conquer,chapters/02-Divide-and-Conquer.qmd,209,OTHER,text_or_ascii,native_math,inline,NO,UNKNOWN,REVIEW,REVIEW,PASS,PASS,PASS,PASS,"Each level processes n elements total, and there are log(n) levels, but the combine step is , so total is ."
MATH-0221,2,Designing Divide and Conquer Algorithms: A Checklist,chapters/02-Divide-and-Conquer.qmd,239,ASYMPTOTIC_BOUND,native_math,native_math,inline,NO,UNKNOWN,REVIEW,REVIEW,PASS,PASS,PASS,PASS,O(n)
MATH-0222,2,Merge Sort - Guaranteed $O(n log n)$ Performance,chapters/02-Divide-and-Conquer.qmd,251,ASYMPTOTIC_BOUND,native_math,native_math,inline,NO,UNKNOWN,REVIEW,REVIEW,PASS,PASS,PASS,PASS,O(n log n)
MATH-0223,2,The Sorting Challenge Revisited,chapters/02-Divide-and-Conquer.qmd,255,ASYMPTOTIC_BOUND,native_math,native_math,inline,NO,UNKNOWN,REVIEW,REVIEW,PASS,PASS,PASS,PASS,O(n^2)
MATH-0224,2,The Sorting Challenge Revisited,chapters/02-Divide-and-Conquer.qmd,257,ASYMPTOTIC_BOUND,native_math,native_math,inline,NO,UNKNOWN,REVIEW,REVIEW,PASS,PASS,PASS,PASS,O(n^2)
MATH-0225,2,The Sorting Challenge Revisited,chapters/02-Divide-and-Conquer.qmd,257,ASYMPTOTIC_BOUND,native_math,native_math,inline,NO,UNKNOWN,REVIEW,REVIEW,PASS,PASS,PASS,PASS,O(n log n)
MATH-0226,2,The Sorting Challenge Revisited,chapters/02-Divide-and-Conquer.qmd,257,APPROXIMATION_RATIO,text_or_ascii,native_math,inline,NO,UNKNOWN,REVIEW,REVIEW,PASS,PASS,PASS,PASS,"** algorithms:** 1,000,000² = 1,000,000,000,000 operations (1 trillion!) ** algorithms:** 1,000,000 × log₂(1,000,000) ≈ 20,000,000 operations (20 million)"
MATH-0227,2,The Sorting Challenge Revisited,chapters/02-Divide-and-Conquer.qmd,261,ASYMPTOTIC_BOUND,native_math,native_math,inline,NO,UNKNOWN,REVIEW,REVIEW,PASS,PASS,PASS,PASS,O(n log n)
MATH-0228,2,The Merge Operation: The Secret Sauce,chapters/02-Divide-and-Conquer.qmd,327,ALGORITHM_FORMULA,technical_block,native_math,display,NO,UNKNOWN,PASS,PASS,PASS,PASS,PASS,PASS,"Initial state: left = [2, 5, 7, 9], right = [1, 3, 6, 8] i = 0, j = 0 result = [] Step 1: Compare left[0]=2 vs right[0]=1 → 1 is smaller result = [1], j = 1 Step 2: Compare left[0]=2 vs right[1]=3 → 2 is smaller result = [1, 2], i = 1 Step 3: Compare left[1]=5 vs right[1]=3 → 3 i"
MATH-0229,2,The Merge Operation: The Secret Sauce,chapters/02-Divide-and-Conquer.qmd,361,INEQUALITY,text_or_ascii,native_math,inline,NO,UNKNOWN,REVIEW,REVIEW,PASS,PASS,PASS,PASS,- Total comparisons ≤ (n + m)
MATH-0230,2,The Merge Operation: The Secret Sauce,chapters/02-Divide-and-Conquer.qmd,362,ASYMPTOTIC_BOUND,native_math,native_math,inline,NO,UNKNOWN,REVIEW,REVIEW,PASS,PASS,PASS,PASS,O(n + m)
MATH-0231,2,The Merge Operation: The Secret Sauce,chapters/02-Divide-and-Conquer.qmd,363,ASYMPTOTIC_BOUND,native_math,native_math,inline,NO,UNKNOWN,REVIEW,REVIEW,PASS,PASS,PASS,PASS,O(n)
MATH-0232,2,The merge function from before,chapters/02-Divide-and-Conquer.qmd,431,OTHER,technical_block,native_math,display,NO,UNKNOWN,PASS,PASS,PASS,PASS,PASS,PASS,"Initial call: merge_sort([38, 27, 43, 3]) ↓ Split into [38, 27] and [43, 3] ↓ Call merge_sort([38, 27]) Call merge_sort([43, 3]) ↓ ↓ Split into [38] and [27] Split into [43] and [3] ↓ ↓ [38] and [27] are base cases [43] and [3] are base cases ↓ ↓ Merge([38], [27]) → [27, 38] Merg"
MATH-0233,2,Correctness Proof for Merge Sort,chapters/02-Divide-and-Conquer.qmd,463,INEQUALITY,text_or_ascii,native_math,inline,NO,UNKNOWN,REVIEW,REVIEW,PASS,PASS,PASS,PASS,**Base case (n ≤ 1):**
MATH-0234,2,Correctness Proof for Merge Sort,chapters/02-Divide-and-Conquer.qmd,476,INEQUALITY,text_or_ascii,native_math,inline,NO,UNKNOWN,REVIEW,REVIEW,PASS,PASS,PASS,PASS,- Merge sort splits it into two halves of size ≤ n/2
MATH-0235,2,Time Complexity Analysis,chapters/02-Divide-and-Conquer.qmd,497,ASYMPTOTIC_BOUND,native_math,native_math,inline,NO,UNKNOWN,REVIEW,REVIEW,PASS,PASS,PASS,PASS,O(1)
MATH-0236,2,Time Complexity Analysis,chapters/02-Divide-and-Conquer.qmd,501,ASYMPTOTIC_BOUND,native_math,native_math,inline,NO,UNKNOWN,REVIEW,REVIEW,PASS,PASS,PASS,PASS,O(n)
MATH-0237,2,Time Complexity Analysis,chapters/02-Divide-and-Conquer.qmd,505,RECURRENCE,native_math,native_math,display,NO,UNKNOWN,PASS,PASS,PASS,PASS,PASS,PASS,"T(n)=2T\!\left(\frac n2\right)+O(n), \qquad T(1)=O(1)."
MATH-0238,2,Time Complexity Analysis,chapters/02-Divide-and-Conquer.qmd,512,ASYMPTOTIC_BOUND,technical_block,native_math,display,NO,UNKNOWN,PASS,PASS,PASS,PASS,PASS,PASS,Level 0: 1 problem of size n → Work: cn Level 1: 2 problems of size n/2 → Work: 2 × c(n/2) = cn Level 2: 4 problems of size n/4 → Work: 4 × c(n/4) = cn Level 3: 8 problems of size n/8 → Work: 8 × c(n/8) = cn ... Level log n: n problems of size 1 → Work: n × c(1) = cn Total work =
MATH-0239,2,Time Complexity Analysis,chapters/02-Divide-and-Conquer.qmd,525,ASYMPTOTIC_BOUND,native_math,native_math,inline,NO,UNKNOWN,REVIEW,REVIEW,PASS,PASS,PASS,PASS,\Theta(n)
MATH-0240,2,Time Complexity Analysis,chapters/02-Divide-and-Conquer.qmd,525,ASYMPTOTIC_BOUND,native_math,native_math,inline,NO,UNKNOWN,REVIEW,REVIEW,PASS,PASS,PASS,PASS,\Theta(log n)
MATH-0241,2,Time Complexity Analysis,chapters/02-Divide-and-Conquer.qmd,529,RECURRENCE,text_or_ascii,native_math,inline,NO,UNKNOWN,REVIEW,REVIEW,PASS,PASS,PASS,PASS,Guess: T(n) ≤ cn log n for some constant c
MATH-0242,2,Time Complexity Analysis,chapters/02-Divide-and-Conquer.qmd,531,INEQUALITY,text_or_ascii,native_math,inline,NO,UNKNOWN,REVIEW,REVIEW,PASS,PASS,PASS,PASS,Base case: T(1) = c₁ ≤ c·1·log 1 = 0... we need T(1) ≤ c for this to work
MATH-0243,2,Time Complexity Analysis,chapters/02-Divide-and-Conquer.qmd,533,RECURRENCE,text_or_ascii,native_math,inline,NO,UNKNOWN,REVIEW,REVIEW,PASS,PASS,PASS,PASS,"Let's refine: T(n) ≤ cn log n + d for constants c, d"
MATH-0244,2,Time Complexity Analysis,chapters/02-Divide-and-Conquer.qmd,547,ASYMPTOTIC_BOUND,native_math,native_math,inline,NO,UNKNOWN,REVIEW,REVIEW,PASS,PASS,PASS,PASS,O(n log n)
MATH-0245,2,Time Complexity Analysis,chapters/02-Divide-and-Conquer.qmd,547,RECURRENCE,text_or_ascii,native_math,inline,NO,UNKNOWN,REVIEW,REVIEW,PASS,PASS,PASS,PASS,Therefore T(n) = ✓
MATH-0246,2,Time Complexity Analysis,chapters/02-Divide-and-Conquer.qmd,549,ASYMPTOTIC_BOUND,native_math,native_math,inline,NO,UNKNOWN,REVIEW,REVIEW,PASS,PASS,PASS,PASS,O(n log n)
MATH-0247,2,Time Complexity Analysis,chapters/02-Divide-and-Conquer.qmd,549,ASYMPTOTIC_BOUND,native_math,native_math,inline,NO,UNKNOWN,REVIEW,REVIEW,PASS,PASS,PASS,PASS,O(n^2)
MATH-0248,2,Time Complexity Analysis,chapters/02-Divide-and-Conquer.qmd,551,ASYMPTOTIC_BOUND,native_math,native_math,inline,NO,UNKNOWN,REVIEW,REVIEW,PASS,PASS,PASS,PASS,O(n^2)
MATH-0249,2,Time Complexity Analysis,chapters/02-Divide-and-Conquer.qmd,551,ASYMPTOTIC_BOUND,native_math,native_math,inline,NO,UNKNOWN,REVIEW,REVIEW,PASS,PASS,PASS,PASS,O(n log n)
MATH-0250,2,Space Complexity Analysis,chapters/02-Divide-and-Conquer.qmd,563,ASYMPTOTIC_BOUND,native_math,native_math,inline,NO,UNKNOWN,REVIEW,REVIEW,PASS,PASS,PASS,PASS,O(n^2)
MATH-0251,2,Space Complexity Analysis,chapters/02-Divide-and-Conquer.qmd,575,ASYMPTOTIC_BOUND,native_math,native_math,inline,NO,UNKNOWN,REVIEW,REVIEW,PASS,PASS,PASS,PASS,O(n)
MATH-0252,2,Space Complexity Analysis,chapters/02-Divide-and-Conquer.qmd,584,ASYMPTOTIC_BOUND,native_math,native_math,inline,NO,UNKNOWN,REVIEW,REVIEW,PASS,PASS,PASS,PASS,O(n)
MATH-0253,2,Space Complexity Analysis,chapters/02-Divide-and-Conquer.qmd,584,ASYMPTOTIC_BOUND,native_math,native_math,inline,NO,UNKNOWN,REVIEW,REVIEW,PASS,PASS,PASS,PASS,O(log n)
MATH-0254,2,Merge Sort Properties,chapters/02-Divide-and-Conquer.qmd,594,ASYMPTOTIC_BOUND,native_math,native_math,inline,NO,UNKNOWN,REVIEW,REVIEW,PASS,PASS,PASS,PASS,O(n log n)
MATH-0255,2,Merge Sort Properties,chapters/02-Divide-and-Conquer.qmd,603,ASYMPTOTIC_BOUND,native_math,native_math,inline,NO,UNKNOWN,REVIEW,REVIEW,PASS,PASS,PASS,PASS,O(n)
MATH-0256,2,Optimizing Merge Sort,chapters/02-Divide-and-Conquer.qmd,634,ASYMPTOTIC_BOUND,native_math,native_math,inline,NO,UNKNOWN,REVIEW,REVIEW,PASS,PASS,PASS,PASS,O(n^2)
MATH-0257,2,Optimizing Merge Sort,chapters/02-Divide-and-Conquer.qmd,634,ASYMPTOTIC_BOUND,native_math,native_math,inline,NO,UNKNOWN,REVIEW,REVIEW,PASS,PASS,PASS,PASS,O(n log n)
MATH-0258,2,Optimizing Merge Sort,chapters/02-Divide-and-Conquer.qmd,634,INEQUALITY,text_or_ascii,native_math,inline,NO,UNKNOWN,REVIEW,REVIEW,PASS,PASS,PASS,PASS,- vs doesn't matter when n ≤ 10
MATH-0259,2,Why Another Sorting Algorithm?,chapters/02-Divide-and-Conquer.qmd,687,ASYMPTOTIC_BOUND,native_math,native_math,inline,NO,UNKNOWN,REVIEW,REVIEW,PASS,PASS,PASS,PASS,O(n log n)
MATH-0260,2,Why Another Sorting Algorithm?,chapters/02-Divide-and-Conquer.qmd,691,ASYMPTOTIC_BOUND,native_math,native_math,inline,NO,UNKNOWN,REVIEW,REVIEW,PASS,PASS,PASS,PASS,O(log n)
MATH-0261,2,Why Another Sorting Algorithm?,chapters/02-Divide-and-Conquer.qmd,691,ASYMPTOTIC_BOUND,native_math,native_math,inline,NO,UNKNOWN,REVIEW,REVIEW,PASS,PASS,PASS,PASS,O(n)
MATH-0262,2,Why Another Sorting Algorithm?,chapters/02-Divide-and-Conquer.qmd,696,ASYMPTOTIC_BOUND,native_math,native_math,inline,NO,UNKNOWN,REVIEW,REVIEW,PASS,PASS,PASS,PASS,O(n^2)
MATH-0263,2,The QuickSort Idea,chapters/02-Divide-and-Conquer.qmd,715,INEQUALITY,text_or_ascii,native_math,inline,NO,UNKNOWN,REVIEW,REVIEW,PASS,PASS,PASS,PASS,- All elements ≤ pivot are on the left
MATH-0264,2,A Simple Example,chapters/02-Divide-and-Conquer.qmd,726,INEQUALITY,technical_block,native_math,display,NO,UNKNOWN,PASS,PASS,PASS,PASS,PASS,PASS,"Initial array: [8, 3, 1, 7, 0, 10, 2] Step 1: Choose pivot (let's pick the last element: 2) Partition around 2: Elements ≤ 2: [1, 0] Pivot: [2] Elements > 2: [8, 3, 7, 10] Result: [1, 0, 2, 8, 3, 7, 10] ^^^^^ ^ ^^^^^^^^^^^ Left P Right Step 2: Recursively sort left [1, 0] Choose "
MATH-0265,2,The Partition Operation,chapters/02-Divide-and-Conquer.qmd,759,INEQUALITY,text_or_ascii,native_math,inline,NO,UNKNOWN,REVIEW,REVIEW,PASS,PASS,PASS,PASS,- All elements ≤ pivot are on the left
MATH-0266,2,The Partition Operation,chapters/02-Divide-and-Conquer.qmd,810,INEQUALITY,technical_block,native_math,display,NO,UNKNOWN,PASS,PASS,PASS,PASS,PASS,PASS,"Array: [8, 3, 1, 7, 0, 10, 2], pivot = 2 (at index 6) low = 0, high = 6, i = -1 Initial: [8, 3, 1, 7, 0, 10, 2] ^ ^ j pivot j=0: arr[0]=8 > 2, skip i = -1 j=1: arr[1]=3 > 2, skip i = -1 j=2: arr[2]=1 ≤ 2, swap with position i+1=0 Array: [1, 3, 8, 7, 0, 10, 2] ^ ^ i j i = 0 j=3: a"
MATH-0267,2,The Partition Operation,chapters/02-Divide-and-Conquer.qmd,852,INEQUALITY,text_or_ascii,native_math,inline,NO,UNKNOWN,REVIEW,REVIEW,PASS,PASS,PASS,PASS,- `arr[low...i]`: All elements ≤ pivot
MATH-0268,2,The Complete QuickSort Algorithm,chapters/02-Divide-and-Conquer.qmd,921,ALGORITHM_FORMULA,technical_block,native_math,display,NO,UNKNOWN,PASS,PASS,PASS,PASS,PASS,PASS,"quicksort([8, 3, 1, 7, 0, 10, 2]) ↓ Partition around 2 → [1, 0, 2, 8, 3, 7, 10] ^ pivot at position 2 ↓ quicksort([1, 0]) quicksort([8, 3, 7, 10]) ↓ ↓ Partition around 0 Partition around 10 [0, 1] [7, 3, 8, 10] ^ ^ pivot at 0 pivot at position 3 ↓ ↓ quicksort([]) quicksort([1]) q"
MATH-0269,2,Best Case: $O(n log n)$,chapters/02-Divide-and-Conquer.qmd,960,ASYMPTOTIC_BOUND,native_math,native_math,inline,NO,UNKNOWN,REVIEW,REVIEW,PASS,PASS,PASS,PASS,O(n log n)
MATH-0270,2,Best Case: $O(n log n)$,chapters/02-Divide-and-Conquer.qmd,964,RECURRENCE,native_math,native_math,display,NO,UNKNOWN,PASS,PASS,PASS,PASS,PASS,PASS,"T(n)=2T\!\left(\frac n2\right)+O(n)=O(n\log n),"
MATH-0271,2,Best Case: $O(n log n)$,chapters/02-Divide-and-Conquer.qmd,972,ASYMPTOTIC_BOUND,native_math,native_math,inline,NO,UNKNOWN,REVIEW,REVIEW,PASS,PASS,PASS,PASS,\Theta(n log n)
MATH-0272,2,Best Case: $O(n log n)$,chapters/02-Divide-and-Conquer.qmd,972,ASYMPTOTIC_BOUND,native_math,native_math,inline,NO,UNKNOWN,REVIEW,REVIEW,PASS,PASS,PASS,PASS,\Theta(n^2)
MATH-0273,2,Worst Case: $O(n^2)$,chapters/02-Divide-and-Conquer.qmd,974,ASYMPTOTIC_BOUND,native_math,native_math,inline,NO,UNKNOWN,REVIEW,REVIEW,PASS,PASS,PASS,PASS,O(n^2)
MATH-0274,2,Worst Case: $O(n^2)$,chapters/02-Divide-and-Conquer.qmd,980,OTHER,technical_block,native_math,display,NO,UNKNOWN,PASS,PASS,PASS,PASS,PASS,PASS,"[1, 2, 3, 4, 5] Pick 5 as pivot → partition into [1,2,3,4] and [] Pick 4 as pivot → partition into [1,2,3] and [] Pick 3 as pivot → partition into [1,2] and [] ..."
MATH-0275,2,Worst Case: $O(n^2)$,chapters/02-Divide-and-Conquer.qmd,990,RECURRENCE,native_math,native_math,display,NO,UNKNOWN,PASS,PASS,PASS,PASS,PASS,PASS,\begin{aligned} T(n) &=T(n-1)+O(n) \\ &=T(n-2)+O(n-1)+O(n) \\ &\ \vdots \\ &=\sum_{i=1}^{n}O(i) \\ &=O(n^2). \end{aligned}
MATH-0276,2,Worst Case: $O(n^2)$,chapters/02-Divide-and-Conquer.qmd,1003,ASYMPTOTIC_BOUND,native_math,native_math,inline,NO,UNKNOWN,REVIEW,REVIEW,PASS,PASS,PASS,PASS,\Theta(n^2)
MATH-0277,2,Average Case: $O(n log n)$,chapters/02-Divide-and-Conquer.qmd,1007,ASYMPTOTIC_BOUND,native_math,native_math,inline,NO,UNKNOWN,REVIEW,REVIEW,PASS,PASS,PASS,PASS,O(n log n)
MATH-0278,2,Average Case: $O(n log n)$,chapters/02-Divide-and-Conquer.qmd,1009,ASYMPTOTIC_BOUND,native_math,native_math,inline,NO,UNKNOWN,REVIEW,REVIEW,PASS,PASS,PASS,PASS,O(n log n)
MATH-0279,2,Average Case: $O(n log n)$,chapters/02-Divide-and-Conquer.qmd,1016,ASYMPTOTIC_BOUND,native_math,native_math,inline,NO,UNKNOWN,REVIEW,REVIEW,PASS,PASS,PASS,PASS,O(log n)
MATH-0280,2,Average Case: $O(n log n)$,chapters/02-Divide-and-Conquer.qmd,1017,ASYMPTOTIC_BOUND,native_math,native_math,inline,NO,UNKNOWN,REVIEW,REVIEW,PASS,PASS,PASS,PASS,O(n)
MATH-0281,2,Average Case: $O(n log n)$,chapters/02-Divide-and-Conquer.qmd,1018,ASYMPTOTIC_BOUND,native_math,native_math,inline,NO,UNKNOWN,REVIEW,REVIEW,PASS,PASS,PASS,PASS,O(n log n)
MATH-0282,2,Average Case: $O(n log n)$,chapters/02-Divide-and-Conquer.qmd,1020,ASYMPTOTIC_BOUND,native_math,native_math,inline,NO,UNKNOWN,REVIEW,REVIEW,PASS,PASS,PASS,PASS,O(n log n)
MATH-0283,2,The Worst Case Problem: Randomization to the Rescue!,chapters/02-Divide-and-Conquer.qmd,1024,ASYMPTOTIC_BOUND,native_math,native_math,inline,NO,UNKNOWN,REVIEW,REVIEW,PASS,PASS,PASS,PASS,O(n^2)
MATH-0284,2,The Worst Case Problem: Randomization to the Rescue!,chapters/02-Divide-and-Conquer.qmd,1071,PROBABILITY,text_or_ascii,native_math,inline,NO,UNKNOWN,REVIEW,REVIEW,PASS,PASS,PASS,PASS,- **Probability of worst case:** (1/n!)^(log n) ≈ astronomically small
MATH-0285,2,The Worst Case Problem: Randomization to the Rescue!,chapters/02-Divide-and-Conquer.qmd,1072,ASYMPTOTIC_BOUND,native_math,native_math,inline,NO,UNKNOWN,REVIEW,REVIEW,PASS,PASS,PASS,PASS,O(n log n)
MATH-0286,2,The Worst Case Problem: Randomization to the Rescue!,chapters/02-Divide-and-Conquer.qmd,1077,ASYMPTOTIC_BOUND,native_math,native_math,inline,NO,UNKNOWN,REVIEW,REVIEW,PASS,PASS,PASS,PASS,O(n^2)
MATH-0287,2,The Worst Case Problem: Randomization to the Rescue!,chapters/02-Divide-and-Conquer.qmd,1077,ASYMPTOTIC_BOUND,native_math,native_math,inline,NO,UNKNOWN,REVIEW,REVIEW,PASS,PASS,PASS,PASS,O(n log n)
MATH-0288,2,The Worst Case Problem: Randomization to the Rescue!,chapters/02-Divide-and-Conquer.qmd,1077,OTHER,text_or_ascii,native_math,inline,NO,UNKNOWN,REVIEW,REVIEW,PASS,PASS,PASS,PASS,- Sorted array: deterministic → randomized
MATH-0289,2,The Worst Case Problem: Randomization to the Rescue!,chapters/02-Divide-and-Conquer.qmd,1078,ASYMPTOTIC_BOUND,native_math,native_math,inline,NO,UNKNOWN,REVIEW,REVIEW,PASS,PASS,PASS,PASS,O(n^2)
MATH-0290,2,The Worst Case Problem: Randomization to the Rescue!,chapters/02-Divide-and-Conquer.qmd,1078,ASYMPTOTIC_BOUND,native_math,native_math,inline,NO,UNKNOWN,REVIEW,REVIEW,PASS,PASS,PASS,PASS,O(n log n)
MATH-0291,2,The Worst Case Problem: Randomization to the Rescue!,chapters/02-Divide-and-Conquer.qmd,1078,OTHER,text_or_ascii,native_math,inline,NO,UNKNOWN,REVIEW,REVIEW,PASS,PASS,PASS,PASS,- Reverse sorted: deterministic → randomized
MATH-0292,2,The Worst Case Problem: Randomization to the Rescue!,chapters/02-Divide-and-Conquer.qmd,1079,ASYMPTOTIC_BOUND,native_math,native_math,inline,NO,UNKNOWN,REVIEW,REVIEW,PASS,PASS,PASS,PASS,O(n^2)
MATH-0293,2,The Worst Case Problem: Randomization to the Rescue!,chapters/02-Divide-and-Conquer.qmd,1079,ASYMPTOTIC_BOUND,native_math,native_math,inline,NO,UNKNOWN,REVIEW,REVIEW,PASS,PASS,PASS,PASS,O(n log n)
MATH-0294,2,The Worst Case Problem: Randomization to the Rescue!,chapters/02-Divide-and-Conquer.qmd,1079,OTHER,text_or_ascii,native_math,inline,NO,UNKNOWN,REVIEW,REVIEW,PASS,PASS,PASS,PASS,- Any adversarial input: deterministic → randomized
MATH-0295,2,QuickSort vs Merge Sort: The Showdown,chapters/02-Divide-and-Conquer.qmd,1160,ASYMPTOTIC_BOUND,native_math,native_math,inline,NO,UNKNOWN,REVIEW,REVIEW,PASS,PASS,PASS,PASS,O(n log n)
MATH-0296,2,QuickSort vs Merge Sort: The Showdown,chapters/02-Divide-and-Conquer.qmd,1164,ASYMPTOTIC_BOUND,native_math,native_math,inline,NO,UNKNOWN,REVIEW,REVIEW,PASS,PASS,PASS,PASS,O(n log n)
MATH-0297,2,QuickSort vs Merge Sort: The Showdown,chapters/02-Divide-and-Conquer.qmd,1164,ASYMPTOTIC_BOUND,native_math,native_math,inline,NO,UNKNOWN,REVIEW,REVIEW,PASS,PASS,PASS,PASS,O(n^2)
MATH-0298,2,QuickSort vs Merge Sort: The Showdown,chapters/02-Divide-and-Conquer.qmd,1165,ASYMPTOTIC_BOUND,native_math,native_math,inline,NO,UNKNOWN,REVIEW,REVIEW,PASS,PASS,PASS,PASS,O(n log n)
MATH-0299,2,QuickSort vs Merge Sort: The Showdown,chapters/02-Divide-and-Conquer.qmd,1166,ASYMPTOTIC_BOUND,native_math,native_math,inline,NO,UNKNOWN,REVIEW,REVIEW,PASS,PASS,PASS,PASS,O(n log n)
MATH-0300,2,QuickSort vs Merge Sort: The Showdown,chapters/02-Divide-and-Conquer.qmd,1167,ASYMPTOTIC_BOUND,native_math,native_math,inline,NO,UNKNOWN,REVIEW,REVIEW,PASS,PASS,PASS,PASS,O(n)
MATH-0301,2,QuickSort vs Merge Sort: The Showdown,chapters/02-Divide-and-Conquer.qmd,1167,ASYMPTOTIC_BOUND,native_math,native_math,inline,NO,UNKNOWN,REVIEW,REVIEW,PASS,PASS,PASS,PASS,O(log n)
MATH-0302,2,QuickSort vs Merge Sort: The Showdown,chapters/02-Divide-and-Conquer.qmd,1177,ASYMPTOTIC_BOUND,native_math,native_math,inline,NO,UNKNOWN,REVIEW,REVIEW,PASS,PASS,PASS,PASS,O(n log n)
MATH-0303,2,QuickSort vs Merge Sort: The Showdown,chapters/02-Divide-and-Conquer.qmd,1180,ASYMPTOTIC_BOUND,native_math,native_math,inline,NO,UNKNOWN,REVIEW,REVIEW,PASS,PASS,PASS,PASS,O(1)
MATH-0304,2,Optimizing QuickSort for Production,chapters/02-Divide-and-Conquer.qmd,1242,INEQUALITY,text_or_ascii,native_math,inline,NO,UNKNOWN,REVIEW,REVIEW,PASS,PASS,PASS,PASS,Standard partition creates two regions: ≤ pivot and > pivot. But what if we have many equal elements?
MATH-0305,2,Optimizing QuickSort for Production,chapters/02-Divide-and-Conquer.qmd,1289,ASYMPTOTIC_BOUND,native_math,native_math,inline,NO,UNKNOWN,REVIEW,REVIEW,PASS,PASS,PASS,PASS,O(n)
MATH-0306,2,Optimizing QuickSort for Production,chapters/02-Divide-and-Conquer.qmd,1289,OTHER,text_or_ascii,native_math,inline,NO,UNKNOWN,REVIEW,REVIEW,PASS,PASS,PASS,PASS,- Example: array of only 10 distinct values → nearly performance!
MATH-0307,2,Recurrence Relations: The Language of Recursion,chapters/02-Divide-and-Conquer.qmd,1340,RECURRENCE,native_math,native_math,display,YES,UNKNOWN,PASS,PASS,PASS,PASS,PASS,PASS,T(n)=aT\!\left(\frac{n}{b}\right)+f(n). $$ {#eq-divide-conquer-general}
MATH-0308,2,Recurrence Relations: The Language of Recursion,chapters/02-Divide-and-Conquer.qmd,1344,OTHER,native_math,native_math,inline,NO,UNKNOWN,REVIEW,REVIEW,PASS,PASS,PASS,PASS,a
MATH-0309,2,Recurrence Relations: The Language of Recursion,chapters/02-Divide-and-Conquer.qmd,1344,INEQUALITY,native_math,native_math,inline,NO,UNKNOWN,REVIEW,REVIEW,PASS,PASS,PASS,PASS,b>1
MATH-0310,2,Recurrence Relations: The Language of Recursion,chapters/02-Divide-and-Conquer.qmd,1344,OTHER,native_math,native_math,inline,NO,UNKNOWN,REVIEW,REVIEW,PASS,PASS,PASS,PASS,f(n)
MATH-0311,2,Recurrence Relations: The Language of Recursion,chapters/02-Divide-and-Conquer.qmd,1350,RECURRENCE,native_math,native_math,display,NO,UNKNOWN,PASS,PASS,PASS,PASS,PASS,PASS,T(n)=2T\!\left(\frac n2\right)+O(n).
MATH-0312,2,Recurrence Relations: The Language of Recursion,chapters/02-Divide-and-Conquer.qmd,1354,ALGORITHM_FORMULA,native_math,native_math,inline,NO,UNKNOWN,REVIEW,REVIEW,PASS,PASS,PASS,PASS,n/2
MATH-0313,2,Recurrence Relations: The Language of Recursion,chapters/02-Divide-and-Conquer.qmd,1358,RECURRENCE,native_math,native_math,display,NO,UNKNOWN,PASS,PASS,PASS,PASS,PASS,PASS,"T(n)=2T\!\left(\frac n2\right)+O(n),"
MATH-0314,2,Recurrence Relations: The Language of Recursion,chapters/02-Divide-and-Conquer.qmd,1366,RECURRENCE,native_math,native_math,display,NO,UNKNOWN,PASS,PASS,PASS,PASS,PASS,PASS,"T(n)=2T\!\left(\frac n2\right)+O(1),"
MATH-0315,2,Recurrence Relations: The Language of Recursion,chapters/02-Divide-and-Conquer.qmd,1374,RECURRENCE,native_math,native_math,display,NO,UNKNOWN,PASS,PASS,PASS,PASS,PASS,PASS,"T(n)=T\!\left(\frac n2\right)+O(1),"
MATH-0316,2,Method 1: Recursion Tree (Visual),chapters/02-Divide-and-Conquer.qmd,1388,RECURRENCE,text_or_ascii,native_math,inline,NO,UNKNOWN,REVIEW,REVIEW,PASS,PASS,PASS,PASS,**Example:** T(n) = 2T(n/2) + cn
MATH-0317,2,Method 1: Recursion Tree (Visual),chapters/02-Divide-and-Conquer.qmd,1390,ASYMPTOTIC_BOUND,technical_block,native_math,display,NO,UNKNOWN,PASS,PASS,PASS,PASS,PASS,PASS,Level 0: cn Total: cn Level 1: cn/2 cn/2 Total: cn Level 2: cn/4 cn/4 cn/4 cn/4 Total: cn Level 3: cn/8 cn/8... (8 terms) Total: cn ... Level log n: (n terms of c each) Total: cn Tree height: log₂(n) Work per level: cn Total work: cn × log n = O(n log n)
MATH-0318,2,Method 2: Substitution (Guess and Verify),chapters/02-Divide-and-Conquer.qmd,1418,RECURRENCE,text_or_ascii,native_math,inline,NO,UNKNOWN,REVIEW,REVIEW,PASS,PASS,PASS,PASS,**Example:** T(n) = 2T(n/2) + n
MATH-0319,2,Method 2: Substitution (Guess and Verify),chapters/02-Divide-and-Conquer.qmd,1420,ASYMPTOTIC_BOUND,native_math,native_math,inline,NO,UNKNOWN,REVIEW,REVIEW,PASS,PASS,PASS,PASS,O(n log n)
MATH-0320,2,Method 2: Substitution (Guess and Verify),chapters/02-Divide-and-Conquer.qmd,1420,RECURRENCE,text_or_ascii,native_math,inline,NO,UNKNOWN,REVIEW,REVIEW,PASS,PASS,PASS,PASS,"**Guess:** T(n) = , so T(n) ≤ cn log n"
MATH-0321,2,Method 2: Substitution (Guess and Verify),chapters/02-Divide-and-Conquer.qmd,1424,INEQUALITY,text_or_ascii,native_math,inline,NO,UNKNOWN,REVIEW,REVIEW,PASS,PASS,PASS,PASS,_Base case:_ T(1) = c₁ ≤ c · 1 · log 1 = 0... This doesn't work! We need T(1) ≤ c for some constant c.
MATH-0322,2,Method 2: Substitution (Guess and Verify),chapters/02-Divide-and-Conquer.qmd,1426,RECURRENCE,text_or_ascii,native_math,inline,NO,UNKNOWN,REVIEW,REVIEW,PASS,PASS,PASS,PASS,_Refined guess:_ T(n) ≤ cn log n + d
MATH-0323,2,Method 2: Substitution (Guess and Verify),chapters/02-Divide-and-Conquer.qmd,1446,ASYMPTOTIC_BOUND,native_math,native_math,inline,NO,UNKNOWN,REVIEW,REVIEW,PASS,PASS,PASS,PASS,O(n log n)
MATH-0324,2,Method 2: Substitution (Guess and Verify),chapters/02-Divide-and-Conquer.qmd,1446,RECURRENCE,text_or_ascii,native_math,inline,NO,UNKNOWN,REVIEW,REVIEW,PASS,PASS,PASS,PASS,Therefore T(n) = ✓
MATH-0325,2,The Master Theorem,chapters/02-Divide-and-Conquer.qmd,1456,OTHER,native_math,native_math,inline,NO,UNKNOWN,REVIEW,REVIEW,PASS,PASS,PASS,PASS,a\ge1
MATH-0326,2,The Master Theorem,chapters/02-Divide-and-Conquer.qmd,1456,INEQUALITY,native_math,native_math,inline,NO,UNKNOWN,REVIEW,REVIEW,PASS,PASS,PASS,PASS,b>1
MATH-0327,2,The Master Theorem,chapters/02-Divide-and-Conquer.qmd,1456,OTHER,native_math,native_math,inline,NO,UNKNOWN,REVIEW,REVIEW,PASS,PASS,PASS,PASS,f(n)
MATH-0328,2,The Master Theorem,chapters/02-Divide-and-Conquer.qmd,1456,RECURRENCE,native_math,native_math,inline,NO,UNKNOWN,REVIEW,REVIEW,PASS,PASS,PASS,PASS,T(n)
MATH-0329,2,The Master Theorem,chapters/02-Divide-and-Conquer.qmd,1458,RECURRENCE,native_math,native_math,display,YES,UNKNOWN,PASS,PASS,PASS,PASS,PASS,PASS,T(n)=aT\!\left(\frac n b\right)+f(n). $$ {#eq-master-theorem}
MATH-0330,2,The Master Theorem,chapters/02-Divide-and-Conquer.qmd,1464,ALGORITHM_FORMULA,native_math,native_math,inline,NO,UNKNOWN,REVIEW,REVIEW,PASS,PASS,PASS,PASS,f(n)=O\!\left(n^{\log_b a-\epsilon}\right)
MATH-0331,2,The Master Theorem,chapters/02-Divide-and-Conquer.qmd,1464,INEQUALITY,native_math,native_math,inline,NO,UNKNOWN,REVIEW,REVIEW,PASS,PASS,PASS,PASS,\epsilon>0
MATH-0332,2,The Master Theorem,chapters/02-Divide-and-Conquer.qmd,1466,RECURRENCE,native_math,native_math,display,NO,UNKNOWN,PASS,PASS,PASS,PASS,PASS,PASS,T(n)=\Theta\!\left(n^{\log_b a}\right).
MATH-0333,2,The Master Theorem,chapters/02-Divide-and-Conquer.qmd,1470,ASYMPTOTIC_BOUND,native_math,native_math,inline,NO,UNKNOWN,REVIEW,REVIEW,PASS,PASS,PASS,PASS,f(n)=\Theta\!\left(n^{\log_b a}\right)
MATH-0334,2,The Master Theorem,chapters/02-Divide-and-Conquer.qmd,1472,RECURRENCE,native_math,native_math,display,NO,UNKNOWN,PASS,PASS,PASS,PASS,PASS,PASS,T(n)=\Theta\!\left(n^{\log_b a}\log n\right).
MATH-0335,2,The Master Theorem,chapters/02-Divide-and-Conquer.qmd,1476,ASYMPTOTIC_BOUND,native_math,native_math,inline,NO,UNKNOWN,REVIEW,REVIEW,PASS,PASS,PASS,PASS,f(n)=\Omega\!\left(n^{\log_b a+\epsilon}\right)
MATH-0336,2,The Master Theorem,chapters/02-Divide-and-Conquer.qmd,1476,INEQUALITY,native_math,native_math,inline,NO,UNKNOWN,REVIEW,REVIEW,PASS,PASS,PASS,PASS,\epsilon>0
MATH-0337,2,The Master Theorem,chapters/02-Divide-and-Conquer.qmd,1478,INEQUALITY,native_math,native_math,display,NO,UNKNOWN,PASS,PASS,PASS,PASS,PASS,PASS,a f\!\left(\frac n b\right)\le c f(n)
MATH-0338,2,The Master Theorem,chapters/02-Divide-and-Conquer.qmd,1482,INEQUALITY,native_math,native_math,inline,NO,UNKNOWN,REVIEW,REVIEW,PASS,PASS,PASS,PASS,c<1
MATH-0339,2,The Master Theorem,chapters/02-Divide-and-Conquer.qmd,1482,OTHER,native_math,native_math,inline,NO,UNKNOWN,REVIEW,REVIEW,PASS,PASS,PASS,PASS,n
MATH-0340,2,The Master Theorem,chapters/02-Divide-and-Conquer.qmd,1484,RECURRENCE,native_math,native_math,display,NO,UNKNOWN,PASS,PASS,PASS,PASS,PASS,PASS,T(n)=\Theta\!\left(f(n)\right).
MATH-0341,2,The Master Theorem,chapters/02-Divide-and-Conquer.qmd,1488,ALGORITHM_FORMULA,native_math,native_math,inline,NO,UNKNOWN,REVIEW,REVIEW,PASS,PASS,PASS,PASS,n^{\log_b a}
MATH-0342,2,The Master Theorem,chapters/02-Divide-and-Conquer.qmd,1488,OTHER,native_math,native_math,inline,NO,UNKNOWN,REVIEW,REVIEW,PASS,PASS,PASS,PASS,f(n)
MATH-0343,2,Understanding the Master Theorem Intuitively,chapters/02-Divide-and-Conquer.qmd,1505,ASYMPTOTIC_BOUND,native_math,native_math,inline,NO,UNKNOWN,REVIEW,REVIEW,PASS,PASS,PASS,PASS,\Theta(n^(log_b(a)))
MATH-0344,2,Understanding the Master Theorem Intuitively,chapters/02-Divide-and-Conquer.qmd,1505,ALGORITHM_FORMULA,text_or_ascii,native_math,inline,NO,UNKNOWN,REVIEW,REVIEW,PASS,PASS,PASS,PASS,- **Case 1:** Recursion dominates → Answer is
MATH-0345,2,Understanding the Master Theorem Intuitively,chapters/02-Divide-and-Conquer.qmd,1506,ASYMPTOTIC_BOUND,native_math,native_math,inline,NO,UNKNOWN,REVIEW,REVIEW,PASS,PASS,PASS,PASS,\Theta(n^(log_b(a)) log n)
MATH-0346,2,Understanding the Master Theorem Intuitively,chapters/02-Divide-and-Conquer.qmd,1506,ALGORITHM_FORMULA,text_or_ascii,native_math,inline,NO,UNKNOWN,REVIEW,REVIEW,PASS,PASS,PASS,PASS,- **Case 2:** Recursion and f(n) are balanced → Answer is
MATH-0347,2,Understanding the Master Theorem Intuitively,chapters/02-Divide-and-Conquer.qmd,1507,ASYMPTOTIC_BOUND,native_math,native_math,inline,NO,UNKNOWN,REVIEW,REVIEW,PASS,PASS,PASS,PASS,\Theta(f(n))
MATH-0348,2,Understanding the Master Theorem Intuitively,chapters/02-Divide-and-Conquer.qmd,1507,ALGORITHM_FORMULA,text_or_ascii,native_math,inline,NO,UNKNOWN,REVIEW,REVIEW,PASS,PASS,PASS,PASS,- **Case 3:** f(n) dominates → Answer is
MATH-0349,2,Example 1: Merge Sort,chapters/02-Divide-and-Conquer.qmd,1521,RECURRENCE,text_or_ascii,native_math,inline,NO,UNKNOWN,REVIEW,REVIEW,PASS,PASS,PASS,PASS,**Recurrence:** T(n) = 2T(n/2) + n
MATH-0350,2,Example 1: Merge Sort,chapters/02-Divide-and-Conquer.qmd,1527,ALGORITHM_FORMULA,text_or_ascii,native_math,inline,NO,UNKNOWN,REVIEW,REVIEW,PASS,PASS,PASS,PASS,- f(n) = n
MATH-0351,2,Example 1: Merge Sort,chapters/02-Divide-and-Conquer.qmd,1531,ALGORITHM_FORMULA,native_math,native_math,display,NO,UNKNOWN,PASS,PASS,PASS,PASS,PASS,PASS,\log_b a=\log_2 2=1.
MATH-0352,2,Example 1: Merge Sort,chapters/02-Divide-and-Conquer.qmd,1537,ASYMPTOTIC_BOUND,native_math,native_math,display,NO,UNKNOWN,PASS,PASS,PASS,PASS,PASS,PASS,"f(n)=n=n^{\log_b a}, \qquad f(n)=\Theta\!\left(n^{\log_b a}\right)."
MATH-0353,2,Example 1: Merge Sort,chapters/02-Divide-and-Conquer.qmd,1546,RECURRENCE,native_math,native_math,display,NO,UNKNOWN,PASS,PASS,PASS,PASS,PASS,PASS,T(n)=\Theta\!\left(n^{\log_b a}\log n\right) =\Theta(n\log n).
MATH-0354,2,Example 2: Binary Search,chapters/02-Divide-and-Conquer.qmd,1555,ASYMPTOTIC_BOUND,native_math,native_math,inline,NO,UNKNOWN,REVIEW,REVIEW,PASS,PASS,PASS,PASS,O(1)
MATH-0355,2,Example 2: Binary Search,chapters/02-Divide-and-Conquer.qmd,1555,RECURRENCE,text_or_ascii,native_math,inline,NO,UNKNOWN,REVIEW,REVIEW,PASS,PASS,PASS,PASS,**Recurrence:** T(n) = T(n/2) +
MATH-0356,2,Example 2: Binary Search,chapters/02-Divide-and-Conquer.qmd,1561,ALGORITHM_FORMULA,text_or_ascii,native_math,inline,NO,UNKNOWN,REVIEW,REVIEW,PASS,PASS,PASS,PASS,- f(n) = 1
MATH-0357,2,Example 2: Binary Search,chapters/02-Divide-and-Conquer.qmd,1565,ALGORITHM_FORMULA,native_math,native_math,display,NO,UNKNOWN,PASS,PASS,PASS,PASS,PASS,PASS,\log_b a=\log_2 1=0.
MATH-0358,2,Example 2: Binary Search,chapters/02-Divide-and-Conquer.qmd,1571,ASYMPTOTIC_BOUND,native_math,native_math,display,NO,UNKNOWN,PASS,PASS,PASS,PASS,PASS,PASS,"f(n)=1=n^{\log_b a}=n^0, \qquad f(n)=\Theta\!\left(n^{\log_b a}\right)."
MATH-0359,2,Example 2: Binary Search,chapters/02-Divide-and-Conquer.qmd,1580,RECURRENCE,native_math,native_math,display,NO,UNKNOWN,PASS,PASS,PASS,PASS,PASS,PASS,T(n)=\Theta(n^0\log n)=\Theta(\log n).
MATH-0360,2,Example 2: Binary Search,chapters/02-Divide-and-Conquer.qmd,1584,ASYMPTOTIC_BOUND,native_math,native_math,inline,NO,UNKNOWN,REVIEW,REVIEW,PASS,PASS,PASS,PASS,O(log n)
MATH-0361,2,Example 3: Finding Maximum (Divide & Conquer),chapters/02-Divide-and-Conquer.qmd,1588,ASYMPTOTIC_BOUND,native_math,native_math,inline,NO,UNKNOWN,REVIEW,REVIEW,PASS,PASS,PASS,PASS,O(1)
MATH-0362,2,Example 3: Finding Maximum (Divide & Conquer),chapters/02-Divide-and-Conquer.qmd,1588,RECURRENCE,text_or_ascii,native_math,inline,NO,UNKNOWN,REVIEW,REVIEW,PASS,PASS,PASS,PASS,**Recurrence:** T(n) = 2T(n/2) +
MATH-0363,2,Example 3: Finding Maximum (Divide & Conquer),chapters/02-Divide-and-Conquer.qmd,1594,ALGORITHM_FORMULA,text_or_ascii,native_math,inline,NO,UNKNOWN,REVIEW,REVIEW,PASS,PASS,PASS,PASS,- f(n) = 1
MATH-0364,2,Example 3: Finding Maximum (Divide & Conquer),chapters/02-Divide-and-Conquer.qmd,1598,ALGORITHM_FORMULA,native_math,native_math,display,NO,UNKNOWN,PASS,PASS,PASS,PASS,PASS,PASS,\log_b a=\log_2 2=1.
MATH-0365,2,Example 3: Finding Maximum (Divide & Conquer),chapters/02-Divide-and-Conquer.qmd,1615,RECURRENCE,native_math,native_math,display,NO,UNKNOWN,PASS,PASS,PASS,PASS,PASS,PASS,T(n)=\Theta\!\left(n^{\log_b a}\right)=\Theta(n).
MATH-0366,2,Example 4: Strassen's Matrix Multiplication (Preview),chapters/02-Divide-and-Conquer.qmd,1623,ASYMPTOTIC_BOUND,native_math,native_math,inline,NO,UNKNOWN,REVIEW,REVIEW,PASS,PASS,PASS,PASS,O(n^2)
MATH-0367,2,Example 4: Strassen's Matrix Multiplication (Preview),chapters/02-Divide-and-Conquer.qmd,1623,RECURRENCE,text_or_ascii,native_math,inline,NO,UNKNOWN,REVIEW,REVIEW,PASS,PASS,PASS,PASS,**Recurrence:** T(n) = 7T(n/2) +
MATH-0368,2,Example 4: Strassen's Matrix Multiplication (Preview),chapters/02-Divide-and-Conquer.qmd,1629,ALGORITHM_FORMULA,text_or_ascii,native_math,inline,NO,UNKNOWN,REVIEW,REVIEW,PASS,PASS,PASS,PASS,- f(n) = n² (combining results)
MATH-0369,2,Example 4: Strassen's Matrix Multiplication (Preview),chapters/02-Divide-and-Conquer.qmd,1633,ALGORITHM_FORMULA,native_math,native_math,display,NO,UNKNOWN,PASS,PASS,PASS,PASS,PASS,PASS,\log_b a=\log_2 7\approx2.807.
MATH-0370,2,Example 4: Strassen's Matrix Multiplication (Preview),chapters/02-Divide-and-Conquer.qmd,1650,RECURRENCE,native_math,native_math,display,NO,UNKNOWN,PASS,PASS,PASS,PASS,PASS,PASS,T(n)=\Theta\!\left(n^{\log_2 7}\right)\approx\Theta(n^{2.807}).
MATH-0371,2,Example 4: Strassen's Matrix Multiplication (Preview),chapters/02-Divide-and-Conquer.qmd,1654,ASYMPTOTIC_BOUND,native_math,native_math,inline,NO,UNKNOWN,REVIEW,REVIEW,PASS,PASS,PASS,PASS,O(n^3)
MATH-0372,2,Example 5: A Contrived Case 3 Example,chapters/02-Divide-and-Conquer.qmd,1658,RECURRENCE,text_or_ascii,native_math,inline,NO,UNKNOWN,REVIEW,REVIEW,PASS,PASS,PASS,PASS,**Recurrence:** T(n) = 2T(n/2) + n²
MATH-0373,2,Example 5: A Contrived Case 3 Example,chapters/02-Divide-and-Conquer.qmd,1664,ALGORITHM_FORMULA,text_or_ascii,native_math,inline,NO,UNKNOWN,REVIEW,REVIEW,PASS,PASS,PASS,PASS,- f(n) = n²
MATH-0374,2,Example 5: A Contrived Case 3 Example,chapters/02-Divide-and-Conquer.qmd,1668,ALGORITHM_FORMULA,native_math,native_math,display,NO,UNKNOWN,PASS,PASS,PASS,PASS,PASS,PASS,\log_b a=\log_2 2=1.
MATH-0375,2,Example 5: A Contrived Case 3 Example,chapters/02-Divide-and-Conquer.qmd,1681,INEQUALITY,text_or_ascii,native_math,inline,NO,UNKNOWN,REVIEW,REVIEW,PASS,PASS,PASS,PASS,**Check regularity condition:** af(n/b) ≤ cf(n)
MATH-0376,2,Example 5: A Contrived Case 3 Example,chapters/02-Divide-and-Conquer.qmd,1683,INEQUALITY,native_math,native_math,display,NO,UNKNOWN,PASS,PASS,PASS,PASS,PASS,PASS,2\left(\frac n2\right)^2 =\frac{n^2}{2} \le c n^2.
MATH-0377,2,Example 5: A Contrived Case 3 Example,chapters/02-Divide-and-Conquer.qmd,1689,INEQUALITY,native_math,native_math,inline,NO,UNKNOWN,REVIEW,REVIEW,PASS,PASS,PASS,PASS,c=1/2<1
MATH-0378,2,Example 5: A Contrived Case 3 Example,chapters/02-Divide-and-Conquer.qmd,1695,RECURRENCE,native_math,native_math,display,NO,UNKNOWN,PASS,PASS,PASS,PASS,PASS,PASS,T(n)=\Theta(f(n))=\Theta(n^2).
MATH-0379,2,When Master Theorem Doesn't Apply,chapters/02-Divide-and-Conquer.qmd,1707,RECURRENCE,text_or_ascii,native_math,inline,NO,UNKNOWN,REVIEW,REVIEW,PASS,PASS,PASS,PASS,**Example:** T(n) = 2T(n/2) + n log n
MATH-0380,2,When Master Theorem Doesn't Apply,chapters/02-Divide-and-Conquer.qmd,1724,RECURRENCE,text_or_ascii,native_math,inline,NO,UNKNOWN,REVIEW,REVIEW,PASS,PASS,PASS,PASS,**Example:** T(n) = T(n/3) + T(2n/3) + n
MATH-0381,2,When Master Theorem Doesn't Apply,chapters/02-Divide-and-Conquer.qmd,1733,RECURRENCE,text_or_ascii,native_math,inline,NO,UNKNOWN,REVIEW,REVIEW,PASS,PASS,PASS,PASS,**Example:** T(n) = 2T(n/2) + n/log n
MATH-0382,2,When Master Theorem Doesn't Apply,chapters/02-Divide-and-Conquer.qmd,1743,RECURRENCE,text_or_ascii,native_math,inline,NO,UNKNOWN,REVIEW,REVIEW,PASS,PASS,PASS,PASS,**Example:** T(n) = 2T(n/2) + n²/log n
MATH-0383,2,Master Theorem Cheat Sheet,chapters/02-Divide-and-Conquer.qmd,1760,RECURRENCE,native_math,native_math,inline,NO,UNKNOWN,REVIEW,REVIEW,PASS,PASS,PASS,PASS,T(n)=aT(n/b)+f(n)
MATH-0384,2,Master Theorem Cheat Sheet,chapters/02-Divide-and-Conquer.qmd,1764,ALGORITHM_FORMULA,native_math,native_math,display,NO,UNKNOWN,PASS,PASS,PASS,PASS,PASS,PASS,E=\log_b a.
MATH-0385,2,Master Theorem Cheat Sheet,chapters/02-Divide-and-Conquer.qmd,1768,OTHER,native_math,native_math,inline,NO,UNKNOWN,REVIEW,REVIEW,PASS,PASS,PASS,PASS,f(n)
MATH-0386,2,Master Theorem Cheat Sheet,chapters/02-Divide-and-Conquer.qmd,1768,ALGORITHM_FORMULA,native_math,native_math,inline,NO,UNKNOWN,REVIEW,REVIEW,PASS,PASS,PASS,PASS,n^E
MATH-0387,2,Master Theorem Cheat Sheet,chapters/02-Divide-and-Conquer.qmd,1772,ASYMPTOTIC_BOUND,native_math,native_math,inline,NO,UNKNOWN,REVIEW,REVIEW,PASS,PASS,PASS,PASS,O(n^(E-ε))
MATH-0388,2,Master Theorem Cheat Sheet,chapters/02-Divide-and-Conquer.qmd,1772,ASYMPTOTIC_BOUND,native_math,native_math,inline,NO,UNKNOWN,REVIEW,REVIEW,PASS,PASS,PASS,PASS,\Theta(n^E)
MATH-0389,2,Master Theorem Cheat Sheet,chapters/02-Divide-and-Conquer.qmd,1772,RECURRENCE,text_or_ascii,native_math,inline,NO,UNKNOWN,REVIEW,REVIEW,PASS,PASS,PASS,PASS,"|f(n) = , ε > 0|Case 1|T(n) = |"
MATH-0390,2,Master Theorem Cheat Sheet,chapters/02-Divide-and-Conquer.qmd,1773,ASYMPTOTIC_BOUND,native_math,native_math,inline,NO,UNKNOWN,REVIEW,REVIEW,PASS,PASS,PASS,PASS,\Theta(n^E)
MATH-0391,2,Master Theorem Cheat Sheet,chapters/02-Divide-and-Conquer.qmd,1773,ASYMPTOTIC_BOUND,native_math,native_math,inline,NO,UNKNOWN,REVIEW,REVIEW,PASS,PASS,PASS,PASS,\Theta(n^E log n)
MATH-0392,2,Master Theorem Cheat Sheet,chapters/02-Divide-and-Conquer.qmd,1773,RECURRENCE,text_or_ascii,native_math,inline,NO,UNKNOWN,REVIEW,REVIEW,PASS,PASS,PASS,PASS,|f(n) = |Case 2|T(n) = |
MATH-0393,2,Master Theorem Cheat Sheet,chapters/02-Divide-and-Conquer.qmd,1774,ASYMPTOTIC_BOUND,native_math,native_math,inline,NO,UNKNOWN,REVIEW,REVIEW,PASS,PASS,PASS,PASS,\Omega(n^(E+ε))
MATH-0394,2,Master Theorem Cheat Sheet,chapters/02-Divide-and-Conquer.qmd,1774,ASYMPTOTIC_BOUND,native_math,native_math,inline,NO,UNKNOWN,REVIEW,REVIEW,PASS,PASS,PASS,PASS,\Theta(f(n))
MATH-0395,2,Master Theorem Cheat Sheet,chapters/02-Divide-and-Conquer.qmd,1774,RECURRENCE,text_or_ascii,native_math,inline,NO,UNKNOWN,REVIEW,REVIEW,PASS,PASS,PASS,PASS,"|f(n) = , ε > 0<br>AND regularity holds|Case 3|T(n) = |"
MATH-0396,2,Master Theorem Cheat Sheet,chapters/02-Divide-and-Conquer.qmd,1782,RECURRENCE,text_or_ascii,native_math,inline,NO,UNKNOWN,REVIEW,REVIEW,PASS,PASS,PASS,PASS,- Example: T(n) = 8T(n/2) + n²
MATH-0397,2,Master Theorem Cheat Sheet,chapters/02-Divide-and-Conquer.qmd,1795,RECURRENCE,text_or_ascii,native_math,inline,NO,UNKNOWN,REVIEW,REVIEW,PASS,PASS,PASS,PASS,- Example: T(n) = 2T(n/2) + n²
MATH-0398,2,Practice Problems,chapters/02-Divide-and-Conquer.qmd,1801,RECURRENCE,text_or_ascii,native_math,inline,NO,UNKNOWN,REVIEW,REVIEW,PASS,PASS,PASS,PASS,1. T(n) = 4T(n/2) + n
MATH-0399,2,Practice Problems,chapters/02-Divide-and-Conquer.qmd,1802,RECURRENCE,text_or_ascii,native_math,inline,NO,UNKNOWN,REVIEW,REVIEW,PASS,PASS,PASS,PASS,2. T(n) = 4T(n/2) + n²
MATH-0400,2,Practice Problems,chapters/02-Divide-and-Conquer.qmd,1803,RECURRENCE,text_or_ascii,native_math,inline,NO,UNKNOWN,REVIEW,REVIEW,PASS,PASS,PASS,PASS,3. T(n) = 4T(n/2) + n³
MATH-0401,2,Practice Problems,chapters/02-Divide-and-Conquer.qmd,1804,RECURRENCE,text_or_ascii,native_math,inline,NO,UNKNOWN,REVIEW,REVIEW,PASS,PASS,PASS,PASS,4. T(n) = T(n/2) + n
MATH-0402,2,Practice Problems,chapters/02-Divide-and-Conquer.qmd,1805,RECURRENCE,text_or_ascii,native_math,inline,NO,UNKNOWN,REVIEW,REVIEW,PASS,PASS,PASS,PASS,5. T(n) = 16T(n/4) + n
MATH-0403,2,Practice Problems,chapters/02-Divide-and-Conquer.qmd,1806,RECURRENCE,text_or_ascii,native_math,inline,NO,UNKNOWN,REVIEW,REVIEW,PASS,PASS,PASS,PASS,6. T(n) = 9T(n/3) + n²
MATH-0404,2,Practice Problems,chapters/02-Divide-and-Conquer.qmd,1810,RECURRENCE,text_or_ascii,native_math,inline,NO,UNKNOWN,REVIEW,REVIEW,PASS,PASS,PASS,PASS,1. **T(n) = 4T(n/2) + n**
MATH-0405,2,Practice Problems,chapters/02-Divide-and-Conquer.qmd,1812,ALGORITHM_FORMULA,text_or_ascii,native_math,inline,NO,UNKNOWN,REVIEW,REVIEW,PASS,PASS,PASS,PASS,"- a=4, b=2, f(n)=n, log₂(4)=2"
MATH-0406,2,Practice Problems,chapters/02-Divide-and-Conquer.qmd,1813,ASYMPTOTIC_BOUND,native_math,native_math,inline,NO,UNKNOWN,REVIEW,REVIEW,PASS,PASS,PASS,PASS,O(n^(2-ε))
MATH-0407,2,Practice Problems,chapters/02-Divide-and-Conquer.qmd,1813,ALGORITHM_FORMULA,text_or_ascii,native_math,inline,NO,UNKNOWN,REVIEW,REVIEW,PASS,PASS,PASS,PASS,"- f(n) = , Case 1"
MATH-0408,2,Practice Problems,chapters/02-Divide-and-Conquer.qmd,1814,ASYMPTOTIC_BOUND,native_math,native_math,inline,NO,UNKNOWN,REVIEW,REVIEW,PASS,PASS,PASS,PASS,\Theta(n^2)
MATH-0409,2,Practice Problems,chapters/02-Divide-and-Conquer.qmd,1815,RECURRENCE,text_or_ascii,native_math,inline,NO,UNKNOWN,REVIEW,REVIEW,PASS,PASS,PASS,PASS,2. **T(n) = 4T(n/2) + n²**
MATH-0410,2,Practice Problems,chapters/02-Divide-and-Conquer.qmd,1817,ALGORITHM_FORMULA,text_or_ascii,native_math,inline,NO,UNKNOWN,REVIEW,REVIEW,PASS,PASS,PASS,PASS,"- a=4, b=2, f(n)=n², log₂(4)=2"
MATH-0411,2,Practice Problems,chapters/02-Divide-and-Conquer.qmd,1818,ASYMPTOTIC_BOUND,native_math,native_math,inline,NO,UNKNOWN,REVIEW,REVIEW,PASS,PASS,PASS,PASS,\Theta(n^2)
MATH-0412,2,Practice Problems,chapters/02-Divide-and-Conquer.qmd,1818,ALGORITHM_FORMULA,text_or_ascii,native_math,inline,NO,UNKNOWN,REVIEW,REVIEW,PASS,PASS,PASS,PASS,"- f(n) = , Case 2"
MATH-0413,2,Practice Problems,chapters/02-Divide-and-Conquer.qmd,1819,ASYMPTOTIC_BOUND,native_math,native_math,inline,NO,UNKNOWN,REVIEW,REVIEW,PASS,PASS,PASS,PASS,\Theta(n^2 log n)
MATH-0414,2,Practice Problems,chapters/02-Divide-and-Conquer.qmd,1820,RECURRENCE,text_or_ascii,native_math,inline,NO,UNKNOWN,REVIEW,REVIEW,PASS,PASS,PASS,PASS,3. **T(n) = 4T(n/2) + n³**
MATH-0415,2,Practice Problems,chapters/02-Divide-and-Conquer.qmd,1822,ALGORITHM_FORMULA,text_or_ascii,native_math,inline,NO,UNKNOWN,REVIEW,REVIEW,PASS,PASS,PASS,PASS,"- a=4, b=2, f(n)=n³, log₂(4)=2"
MATH-0416,2,Practice Problems,chapters/02-Divide-and-Conquer.qmd,1823,ASYMPTOTIC_BOUND,native_math,native_math,inline,NO,UNKNOWN,REVIEW,REVIEW,PASS,PASS,PASS,PASS,\Omega(n^(2+ε))
MATH-0417,2,Practice Problems,chapters/02-Divide-and-Conquer.qmd,1823,ALGORITHM_FORMULA,text_or_ascii,native_math,inline,NO,UNKNOWN,REVIEW,REVIEW,PASS,PASS,PASS,PASS,"- f(n) = , Case 3"
MATH-0418,2,Practice Problems,chapters/02-Divide-and-Conquer.qmd,1824,INEQUALITY,text_or_ascii,native_math,inline,NO,UNKNOWN,REVIEW,REVIEW,PASS,PASS,PASS,PASS,- Check: 4(n/2)³ = n³/2 ≤ c·n³ ✓
MATH-0419,2,Practice Problems,chapters/02-Divide-and-Conquer.qmd,1825,ASYMPTOTIC_BOUND,native_math,native_math,inline,NO,UNKNOWN,REVIEW,REVIEW,PASS,PASS,PASS,PASS,\Theta(n^3)
MATH-0420,2,Practice Problems,chapters/02-Divide-and-Conquer.qmd,1826,RECURRENCE,text_or_ascii,native_math,inline,NO,UNKNOWN,REVIEW,REVIEW,PASS,PASS,PASS,PASS,4. **T(n) = T(n/2) + n**
MATH-0421,2,Practice Problems,chapters/02-Divide-and-Conquer.qmd,1828,ALGORITHM_FORMULA,text_or_ascii,native_math,inline,NO,UNKNOWN,REVIEW,REVIEW,PASS,PASS,PASS,PASS,"- a=1, b=2, f(n)=n, log₂(1)=0"
MATH-0422,2,Practice Problems,chapters/02-Divide-and-Conquer.qmd,1829,ASYMPTOTIC_BOUND,native_math,native_math,inline,NO,UNKNOWN,REVIEW,REVIEW,PASS,PASS,PASS,PASS,\Omega(n^(0+ε))
MATH-0423,2,Practice Problems,chapters/02-Divide-and-Conquer.qmd,1829,ALGORITHM_FORMULA,text_or_ascii,native_math,inline,NO,UNKNOWN,REVIEW,REVIEW,PASS,PASS,PASS,PASS,"- f(n) = , Case 3"
MATH-0424,2,Practice Problems,chapters/02-Divide-and-Conquer.qmd,1830,INEQUALITY,text_or_ascii,native_math,inline,NO,UNKNOWN,REVIEW,REVIEW,PASS,PASS,PASS,PASS,- Check: 1·(n/2) ≤ c·n ✓
MATH-0425,2,Practice Problems,chapters/02-Divide-and-Conquer.qmd,1831,ASYMPTOTIC_BOUND,native_math,native_math,inline,NO,UNKNOWN,REVIEW,REVIEW,PASS,PASS,PASS,PASS,\Theta(n)
MATH-0426,2,Practice Problems,chapters/02-Divide-and-Conquer.qmd,1832,RECURRENCE,text_or_ascii,native_math,inline,NO,UNKNOWN,REVIEW,REVIEW,PASS,PASS,PASS,PASS,5. **T(n) = 16T(n/4) + n**
MATH-0427,2,Practice Problems,chapters/02-Divide-and-Conquer.qmd,1834,ALGORITHM_FORMULA,text_or_ascii,native_math,inline,NO,UNKNOWN,REVIEW,REVIEW,PASS,PASS,PASS,PASS,"- a=16, b=4, f(n)=n, log₄(16)=2"
MATH-0428,2,Practice Problems,chapters/02-Divide-and-Conquer.qmd,1835,ASYMPTOTIC_BOUND,native_math,native_math,inline,NO,UNKNOWN,REVIEW,REVIEW,PASS,PASS,PASS,PASS,O(n^(2-ε))
MATH-0429,2,Practice Problems,chapters/02-Divide-and-Conquer.qmd,1835,ALGORITHM_FORMULA,text_or_ascii,native_math,inline,NO,UNKNOWN,REVIEW,REVIEW,PASS,PASS,PASS,PASS,"- f(n) = , Case 1"
MATH-0430,2,Practice Problems,chapters/02-Divide-and-Conquer.qmd,1836,ASYMPTOTIC_BOUND,native_math,native_math,inline,NO,UNKNOWN,REVIEW,REVIEW,PASS,PASS,PASS,PASS,\Theta(n^2)
MATH-0431,2,Practice Problems,chapters/02-Divide-and-Conquer.qmd,1837,RECURRENCE,text_or_ascii,native_math,inline,NO,UNKNOWN,REVIEW,REVIEW,PASS,PASS,PASS,PASS,6. **T(n) = 9T(n/3) + n²**
MATH-0432,2,Practice Problems,chapters/02-Divide-and-Conquer.qmd,1839,ALGORITHM_FORMULA,text_or_ascii,native_math,inline,NO,UNKNOWN,REVIEW,REVIEW,PASS,PASS,PASS,PASS,"- a=9, b=3, f(n)=n², log₃(9)=2"
MATH-0433,2,Practice Problems,chapters/02-Divide-and-Conquer.qmd,1840,ASYMPTOTIC_BOUND,native_math,native_math,inline,NO,UNKNOWN,REVIEW,REVIEW,PASS,PASS,PASS,PASS,\Theta(n^2)
MATH-0434,2,Practice Problems,chapters/02-Divide-and-Conquer.qmd,1840,ALGORITHM_FORMULA,text_or_ascii,native_math,inline,NO,UNKNOWN,REVIEW,REVIEW,PASS,PASS,PASS,PASS,"- f(n) = , Case 2"
MATH-0435,2,Practice Problems,chapters/02-Divide-and-Conquer.qmd,1841,ASYMPTOTIC_BOUND,native_math,native_math,inline,NO,UNKNOWN,REVIEW,REVIEW,PASS,PASS,PASS,PASS,\Theta(n^2 log n)
MATH-0436,2,Akra-Bazzi Method (Generalized Master Theorem),chapters/02-Divide-and-Conquer.qmd,1853,RECURRENCE,native_math,native_math,display,NO,UNKNOWN,PASS,PASS,PASS,PASS,PASS,PASS,"T(n)=T\!\left(\frac n3\right)+T\!\left(\frac{2n}{3}\right)+n =\Theta(n\log n),"
MATH-0437,2,Generating Functions,chapters/02-Divide-and-Conquer.qmd,1864,RECURRENCE,native_math,native_math,display,NO,UNKNOWN,PASS,PASS,PASS,PASS,PASS,PASS,"T(n)=T(n-1)+T(n-2)+n,"
MATH-0438,2,Application 1: Fast Integer Multiplication (Karatsuba Algorithm),chapters/02-Divide-and-Conquer.qmd,1888,RECURRENCE,technical_block,native_math,display,NO,UNKNOWN,PASS,PASS,PASS,PASS,PASS,PASS,1234 × 5678 ------ T(n) = O(n²) operations
MATH-0439,2,Application 1: Fast Integer Multiplication (Karatsuba Algorithm),chapters/02-Divide-and-Conquer.qmd,1897,OTHER,native_math,native_math,inline,NO,UNKNOWN,REVIEW,REVIEW,PASS,PASS,PASS,PASS,n
MATH-0440,2,Application 1: Fast Integer Multiplication (Karatsuba Algorithm),chapters/02-Divide-and-Conquer.qmd,1899,ALGORITHM_FORMULA,native_math,native_math,display,NO,UNKNOWN,PASS,PASS,PASS,PASS,PASS,PASS,"x=x_1 10^{n/2}+x_0, \qquad y=y_1 10^{n/2}+y_0."
MATH-0441,2,Application 1: Fast Integer Multiplication (Karatsuba Algorithm),chapters/02-Divide-and-Conquer.qmd,1909,ALGORITHM_FORMULA,native_math,native_math,display,NO,UNKNOWN,PASS,PASS,PASS,PASS,PASS,PASS,xy=x_1y_1 10^n+(x_1y_0+x_0y_1)10^{n/2}+x_0y_0.
MATH-0442,2,Application 1: Fast Integer Multiplication (Karatsuba Algorithm),chapters/02-Divide-and-Conquer.qmd,1913,OTHER,native_math,native_math,inline,NO,UNKNOWN,REVIEW,REVIEW,PASS,PASS,PASS,PASS,x_1y_1
MATH-0443,2,Application 1: Fast Integer Multiplication (Karatsuba Algorithm),chapters/02-Divide-and-Conquer.qmd,1913,OTHER,native_math,native_math,inline,NO,UNKNOWN,REVIEW,REVIEW,PASS,PASS,PASS,PASS,x_1y_0
MATH-0444,2,Application 1: Fast Integer Multiplication (Karatsuba Algorithm),chapters/02-Divide-and-Conquer.qmd,1913,OTHER,native_math,native_math,inline,NO,UNKNOWN,REVIEW,REVIEW,PASS,PASS,PASS,PASS,x_0y_1
MATH-0445,2,Application 1: Fast Integer Multiplication (Karatsuba Algorithm),chapters/02-Divide-and-Conquer.qmd,1913,OTHER,native_math,native_math,inline,NO,UNKNOWN,REVIEW,REVIEW,PASS,PASS,PASS,PASS,x_0y_0
MATH-0446,2,Application 1: Fast Integer Multiplication (Karatsuba Algorithm),chapters/02-Divide-and-Conquer.qmd,1913,RECURRENCE,native_math,native_math,inline,NO,UNKNOWN,REVIEW,REVIEW,PASS,PASS,PASS,PASS,T(n)=4T(n/2)+O(n)=\Theta(n^2)
MATH-0447,2,Application 1: Fast Integer Multiplication (Karatsuba Algorithm),chapters/02-Divide-and-Conquer.qmd,1917,ALGORITHM_FORMULA,native_math,native_math,display,NO,UNKNOWN,PASS,PASS,PASS,PASS,PASS,PASS,"\begin{aligned} z_0&=x_0y_0,\\ z_2&=x_1y_1,\\ z_1&=(x_1+x_0)(y_1+y_0)-z_2-z_0,\\ xy&=z_2 10^n+z_1 10^{n/2}+z_0. \end{aligned}"
MATH-0448,2,Application 1: Fast Integer Multiplication (Karatsuba Algorithm),chapters/02-Divide-and-Conquer.qmd,1926,ALGORITHM_FORMULA,native_math,native_math,inline,NO,UNKNOWN,REVIEW,REVIEW,PASS,PASS,PASS,PASS,x_1y_0+x_0y_1=(x_1+x_0)(y_1+y_0)-x_1y_1-x_0y_0
MATH-0449,2,Application 1: Fast Integer Multiplication (Karatsuba Algorithm),chapters/02-Divide-and-Conquer.qmd,1970,RECURRENCE,native_math,native_math,display,NO,UNKNOWN,PASS,PASS,PASS,PASS,PASS,PASS,T(n)=3T\!\left(\frac n2\right)+O(n) =\Theta\!\left(n^{\log_2 3}\right) \approx\Theta(n^{1.585}).
MATH-0450,2,Application 2: Closest Pair of Points,chapters/02-Divide-and-Conquer.qmd,2004,ASYMPTOTIC_BOUND,native_math,native_math,inline,NO,UNKNOWN,REVIEW,REVIEW,PASS,PASS,PASS,PASS,O(n log n)
MATH-0451,2,Application 2: Closest Pair of Points,chapters/02-Divide-and-Conquer.qmd,2113,ASYMPTOTIC_BOUND,native_math,native_math,inline,NO,UNKNOWN,REVIEW,REVIEW,PASS,PASS,PASS,PASS,O(n)
MATH-0452,2,Application 2: Closest Pair of Points,chapters/02-Divide-and-Conquer.qmd,2115,RECURRENCE,native_math,native_math,display,NO,UNKNOWN,PASS,PASS,PASS,PASS,PASS,PASS,T(n)=2T\!\left(\frac n2\right)+O(n)=\Theta(n\log n)
MATH-0453,2,Application 3: Matrix Multiplication (Strassen's Algorithm),chapters/02-Divide-and-Conquer.qmd,2145,MATRIX,native_math,native_math,display,NO,UNKNOWN,PASS,PASS,PASS,PASS,PASS,PASS,\begin{bmatrix}A&B\\C&D\end{bmatrix} \begin{bmatrix}E&F\\G&H\end{bmatrix} = \begin{bmatrix}AE+BG&AF+BH\\CE+DG&CF+DH\end{bmatrix}.
MATH-0454,2,Application 3: Matrix Multiplication (Strassen's Algorithm),chapters/02-Divide-and-Conquer.qmd,2152,RECURRENCE,native_math,native_math,inline,NO,UNKNOWN,REVIEW,REVIEW,PASS,PASS,PASS,PASS,T(n)=8T(n/2)+O(n^2)=\Theta(n^3)
MATH-0455,2,Application 3: Matrix Multiplication (Strassen's Algorithm),chapters/02-Divide-and-Conquer.qmd,2156,GRAPH_NOTATION,native_math,native_math,display,NO,UNKNOWN,PASS,PASS,PASS,PASS,PASS,PASS,"\begin{aligned} M_1&=(A+D)(E+H), & M_2&=(C+D)E,\\ M_3&=A(F-H), & M_4&=D(G-E),\\ M_5&=(A+B)H, & M_6&=(C-A)(E+F),\\ M_7&=(B-D)(G+H). \end{aligned}"
MATH-0456,2,Application 3: Matrix Multiplication (Strassen's Algorithm),chapters/02-Divide-and-Conquer.qmd,2167,MATRIX,native_math,native_math,display,NO,UNKNOWN,PASS,PASS,PASS,PASS,PASS,PASS,\begin{bmatrix} M_1+M_4-M_5+M_7 & M_3+M_5\\ M_2+M_4 & M_1+M_3-M_2+M_6 \end{bmatrix}.
MATH-0457,2,Application 3: Matrix Multiplication (Strassen's Algorithm),chapters/02-Divide-and-Conquer.qmd,2174,RECURRENCE,native_math,native_math,inline,NO,UNKNOWN,REVIEW,REVIEW,PASS,PASS,PASS,PASS,T(n)=7T(n/2)+O(n^2)=\Theta(n^{\log_2 7})\approx\Theta(n^{2.807})
MATH-0458,2,Application 3: Matrix Multiplication (Strassen's Algorithm),chapters/02-Divide-and-Conquer.qmd,2176,ASYMPTOTIC_BOUND,native_math,native_math,inline,NO,UNKNOWN,REVIEW,REVIEW,PASS,PASS,PASS,PASS,O(n^3)
MATH-0459,2,Application 3: Matrix Multiplication (Strassen's Algorithm),chapters/02-Divide-and-Conquer.qmd,2180,ASYMPTOTIC_BOUND,native_math,native_math,inline,NO,UNKNOWN,REVIEW,REVIEW,PASS,PASS,PASS,PASS,O(n^2.376)
MATH-0460,2,Application 3: Matrix Multiplication (Strassen's Algorithm),chapters/02-Divide-and-Conquer.qmd,2181,ASYMPTOTIC_BOUND,native_math,native_math,inline,NO,UNKNOWN,REVIEW,REVIEW,PASS,PASS,PASS,PASS,O(n^2.3728639)
MATH-0461,2,Application 3: Matrix Multiplication (Strassen's Algorithm),chapters/02-Divide-and-Conquer.qmd,2182,ASYMPTOTIC_BOUND,native_math,native_math,inline,NO,UNKNOWN,REVIEW,REVIEW,PASS,PASS,PASS,PASS,O(n^2.371552)
MATH-0462,2,Application 3: Matrix Multiplication (Strassen's Algorithm),chapters/02-Divide-and-Conquer.qmd,2183,ASYMPTOTIC_BOUND,native_math,native_math,inline,NO,UNKNOWN,REVIEW,REVIEW,PASS,PASS,PASS,PASS,O(n^2+ε)
MATH-0463,2,Application 4: Fast Fourier Transform (FFT),chapters/02-Divide-and-Conquer.qmd,2197,ASYMPTOTIC_BOUND,native_math,native_math,inline,NO,UNKNOWN,REVIEW,REVIEW,PASS,PASS,PASS,PASS,O(n^2)
MATH-0464,2,Application 4: Fast Fourier Transform (FFT),chapters/02-Divide-and-Conquer.qmd,2197,ASYMPTOTIC_BOUND,native_math,native_math,inline,NO,UNKNOWN,REVIEW,REVIEW,PASS,PASS,PASS,PASS,O(n log n)
MATH-0465,2,Application 4: Fast Fourier Transform (FFT),chapters/02-Divide-and-Conquer.qmd,2243,RECURRENCE,native_math,native_math,display,NO,UNKNOWN,PASS,PASS,PASS,PASS,PASS,PASS,T(n)=2T\!\left(\frac n2\right)+O(n)=\Theta(n\log n).
MATH-0466,2,Real-World Performance Tips,chapters/02-Divide-and-Conquer.qmd,2629,ASYMPTOTIC_BOUND,native_math,native_math,inline,NO,UNKNOWN,REVIEW,REVIEW,PASS,PASS,PASS,PASS,O(n log n)
MATH-0467,2,External Memory Algorithms,chapters/02-Divide-and-Conquer.qmd,2816,ASYMPTOTIC_BOUND,native_math,native_math,inline,NO,UNKNOWN,REVIEW,REVIEW,PASS,PASS,PASS,PASS,O((n/B) log_{M/B}(n/M))
MATH-0468,2,Core Concepts Mastered,chapters/02-Divide-and-Conquer.qmd,2844,ASYMPTOTIC_BOUND,native_math,native_math,inline,NO,UNKNOWN,REVIEW,REVIEW,PASS,PASS,PASS,PASS,O(n log n)
MATH-0469,2,Core Concepts Mastered,chapters/02-Divide-and-Conquer.qmd,2846,ASYMPTOTIC_BOUND,native_math,native_math,inline,NO,UNKNOWN,REVIEW,REVIEW,PASS,PASS,PASS,PASS,O(n)
MATH-0470,2,Core Concepts Mastered,chapters/02-Divide-and-Conquer.qmd,2852,ASYMPTOTIC_BOUND,native_math,native_math,inline,NO,UNKNOWN,REVIEW,REVIEW,PASS,PASS,PASS,PASS,O(n log n)
MATH-0471,2,Core Concepts Mastered,chapters/02-Divide-and-Conquer.qmd,2853,ASYMPTOTIC_BOUND,native_math,native_math,inline,NO,UNKNOWN,REVIEW,REVIEW,PASS,PASS,PASS,PASS,O(log n)
MATH-0472,2,Core Concepts Mastered,chapters/02-Divide-and-Conquer.qmd,2860,RECURRENCE,text_or_ascii,native_math,inline,NO,UNKNOWN,REVIEW,REVIEW,PASS,PASS,PASS,PASS,- Instantly solve recurrences of form T(n) = aT(n/b) + f(n)
MATH-0473,2,Core Concepts Mastered,chapters/02-Divide-and-Conquer.qmd,2866,ASYMPTOTIC_BOUND,native_math,native_math,inline,NO,UNKNOWN,REVIEW,REVIEW,PASS,PASS,PASS,PASS,O(n^1.585)
MATH-0474,2,Core Concepts Mastered,chapters/02-Divide-and-Conquer.qmd,2867,ASYMPTOTIC_BOUND,native_math,native_math,inline,NO,UNKNOWN,REVIEW,REVIEW,PASS,PASS,PASS,PASS,O(n^2.807)
MATH-0475,2,Core Concepts Mastered,chapters/02-Divide-and-Conquer.qmd,2868,ASYMPTOTIC_BOUND,native_math,native_math,inline,NO,UNKNOWN,REVIEW,REVIEW,PASS,PASS,PASS,PASS,O(n log n)
MATH-0476,2,Core Concepts Mastered,chapters/02-Divide-and-Conquer.qmd,2869,ASYMPTOTIC_BOUND,native_math,native_math,inline,NO,UNKNOWN,REVIEW,REVIEW,PASS,PASS,PASS,PASS,O(n log n)
MATH-0477,2,Performance Comparison Chart,chapters/02-Divide-and-Conquer.qmd,2875,ASYMPTOTIC_BOUND,native_math,native_math,inline,NO,UNKNOWN,REVIEW,REVIEW,PASS,PASS,PASS,PASS,O(n)
MATH-0478,2,Performance Comparison Chart,chapters/02-Divide-and-Conquer.qmd,2875,ASYMPTOTIC_BOUND,native_math,native_math,inline,NO,UNKNOWN,REVIEW,REVIEW,PASS,PASS,PASS,PASS,O(n^2)
MATH-0479,2,Performance Comparison Chart,chapters/02-Divide-and-Conquer.qmd,2875,ASYMPTOTIC_BOUND,native_math,native_math,inline,NO,UNKNOWN,REVIEW,REVIEW,PASS,PASS,PASS,PASS,O(1)
MATH-0480,2,Performance Comparison Chart,chapters/02-Divide-and-Conquer.qmd,2876,ASYMPTOTIC_BOUND,native_math,native_math,inline,NO,UNKNOWN,REVIEW,REVIEW,PASS,PASS,PASS,PASS,O(n^2)
MATH-0481,2,Performance Comparison Chart,chapters/02-Divide-and-Conquer.qmd,2876,ASYMPTOTIC_BOUND,native_math,native_math,inline,NO,UNKNOWN,REVIEW,REVIEW,PASS,PASS,PASS,PASS,O(1)
MATH-0482,2,Performance Comparison Chart,chapters/02-Divide-and-Conquer.qmd,2877,ASYMPTOTIC_BOUND,native_math,native_math,inline,NO,UNKNOWN,REVIEW,REVIEW,PASS,PASS,PASS,PASS,O(n)
MATH-0483,2,Performance Comparison Chart,chapters/02-Divide-and-Conquer.qmd,2877,ASYMPTOTIC_BOUND,native_math,native_math,inline,NO,UNKNOWN,REVIEW,REVIEW,PASS,PASS,PASS,PASS,O(n^2)
MATH-0484,2,Performance Comparison Chart,chapters/02-Divide-and-Conquer.qmd,2877,ASYMPTOTIC_BOUND,native_math,native_math,inline,NO,UNKNOWN,REVIEW,REVIEW,PASS,PASS,PASS,PASS,O(1)
MATH-0485,2,Performance Comparison Chart,chapters/02-Divide-and-Conquer.qmd,2878,ASYMPTOTIC_BOUND,native_math,native_math,inline,NO,UNKNOWN,REVIEW,REVIEW,PASS,PASS,PASS,PASS,O(n log n)
MATH-0486,2,Performance Comparison Chart,chapters/02-Divide-and-Conquer.qmd,2878,ASYMPTOTIC_BOUND,native_math,native_math,inline,NO,UNKNOWN,REVIEW,REVIEW,PASS,PASS,PASS,PASS,O(n)
MATH-0487,2,Performance Comparison Chart,chapters/02-Divide-and-Conquer.qmd,2879,ASYMPTOTIC_BOUND,native_math,native_math,inline,NO,UNKNOWN,REVIEW,REVIEW,PASS,PASS,PASS,PASS,O(n log n)
MATH-0488,2,Performance Comparison Chart,chapters/02-Divide-and-Conquer.qmd,2879,ASYMPTOTIC_BOUND,native_math,native_math,inline,NO,UNKNOWN,REVIEW,REVIEW,PASS,PASS,PASS,PASS,O(n^2)
MATH-0489,2,Performance Comparison Chart,chapters/02-Divide-and-Conquer.qmd,2879,ASYMPTOTIC_BOUND,native_math,native_math,inline,NO,UNKNOWN,REVIEW,REVIEW,PASS,PASS,PASS,PASS,O(log n)
MATH-0490,2,Performance Comparison Chart,chapters/02-Divide-and-Conquer.qmd,2880,ASYMPTOTIC_BOUND,native_math,native_math,inline,NO,UNKNOWN,REVIEW,REVIEW,PASS,PASS,PASS,PASS,O(n)
MATH-0491,2,Performance Comparison Chart,chapters/02-Divide-and-Conquer.qmd,2880,ASYMPTOTIC_BOUND,native_math,native_math,inline,NO,UNKNOWN,REVIEW,REVIEW,PASS,PASS,PASS,PASS,O(n log n)
MATH-0492,2,Performance Comparison Chart,chapters/02-Divide-and-Conquer.qmd,2880,ASYMPTOTIC_BOUND,native_math,native_math,inline,NO,UNKNOWN,REVIEW,REVIEW,PASS,PASS,PASS,PASS,O(n^2)
MATH-0493,2,Performance Comparison Chart,chapters/02-Divide-and-Conquer.qmd,2880,ASYMPTOTIC_BOUND,native_math,native_math,inline,NO,UNKNOWN,REVIEW,REVIEW,PASS,PASS,PASS,PASS,O(log n)
MATH-0494,2,Key Insights for Algorithm Design,chapters/02-Divide-and-Conquer.qmd,2927,ASYMPTOTIC_BOUND,native_math,native_math,inline,NO,UNKNOWN,REVIEW,REVIEW,PASS,PASS,PASS,PASS,O(1)
MATH-0495,2,Key Insights for Algorithm Design,chapters/02-Divide-and-Conquer.qmd,2927,ASYMPTOTIC_BOUND,native_math,native_math,inline,NO,UNKNOWN,REVIEW,REVIEW,PASS,PASS,PASS,PASS,O(n^2)
MATH-0496,2,Key Insights for Algorithm Design,chapters/02-Divide-and-Conquer.qmd,2927,ALGORITHM_FORMULA,text_or_ascii,native_math,inline,NO,UNKNOWN,REVIEW,REVIEW,PASS,PASS,PASS,PASS,**Lesson 2: The Combine Step Matters** The efficiency of merging or combining solutions determines whether divide and conquer helps. combine → amazing speedup. combine → no benefit.
MATH-0497,2,Theoretical Problems,chapters/02-Divide-and-Conquer.qmd,2967,RECURRENCE,text_or_ascii,native_math,inline,NO,UNKNOWN,REVIEW,REVIEW,PASS,PASS,PASS,PASS,a) T(n) = 3T(n/4) + n log n b) T(n) = 4T(n/2) + n² log n
MATH-0498,2,Theoretical Problems,chapters/02-Divide-and-Conquer.qmd,2968,RECURRENCE,text_or_ascii,native_math,inline,NO,UNKNOWN,REVIEW,REVIEW,PASS,PASS,PASS,PASS,c) T(n) = T(n/3) + T(2n/3) + n d) T(n) = 16T(n/4) + n e) T(n) = 7T(n/3) + n²
MATH-0499,2,Theoretical Problems,chapters/02-Divide-and-Conquer.qmd,3000,ASYMPTOTIC_BOUND,native_math,native_math,inline,NO,UNKNOWN,REVIEW,REVIEW,PASS,PASS,PASS,PASS,O(log n)
MATH-0500,2,Theoretical Problems,chapters/02-Divide-and-Conquer.qmd,3002,ASYMPTOTIC_BOUND,native_math,native_math,inline,NO,UNKNOWN,REVIEW,REVIEW,PASS,PASS,PASS,PASS,O(n log n)
MATH-0501,2,Programming Problems,chapters/02-Divide-and-Conquer.qmd,3066,ASYMPTOTIC_BOUND,native_math,native_math,inline,NO,UNKNOWN,REVIEW,REVIEW,PASS,PASS,PASS,PASS,O(n)
MATH-0502,2,Programming Problems,chapters/02-Divide-and-Conquer.qmd,3085,ASYMPTOTIC_BOUND,native_math,native_math,inline,NO,UNKNOWN,REVIEW,REVIEW,PASS,PASS,PASS,PASS,O(n)
MATH-0503,2,Programming Problems,chapters/02-Divide-and-Conquer.qmd,3085,ALGORITHM_FORMULA,text_or_ascii,native_math,inline,NO,UNKNOWN,REVIEW,REVIEW,PASS,PASS,PASS,PASS,"**Requirements:** a) Implement with randomized pivot selection b) Prove the average-case time complexity c) Compare empirically with sorting the array first d) Test on arrays of size 10³, 10⁴, 10⁵, 10⁶"
MATH-0504,2,Challenge Problems,chapters/02-Divide-and-Conquer.qmd,3119,ASYMPTOTIC_BOUND,native_math,native_math,inline,NO,UNKNOWN,REVIEW,REVIEW,PASS,PASS,PASS,PASS,"O(log(min(m,n)))"
MATH-0505,3,Why Data Structures Matter,chapters/03-Data-Structures-for-Efficiency.qmd,21,ASYMPTOTIC_BOUND,native_math,native_math,inline,NO,UNKNOWN,REVIEW,REVIEW,PASS,PASS,PASS,PASS,O(n)
MATH-0506,3,Why Data Structures Matter,chapters/03-Data-Structures-for-Efficiency.qmd,26,ASYMPTOTIC_BOUND,native_math,native_math,inline,NO,UNKNOWN,REVIEW,REVIEW,PASS,PASS,PASS,PASS,O(1)
MATH-0507,3,Why Data Structures Matter,chapters/03-Data-Structures-for-Efficiency.qmd,31,ASYMPTOTIC_BOUND,native_math,native_math,inline,NO,UNKNOWN,REVIEW,REVIEW,PASS,PASS,PASS,PASS,O(log n)
MATH-0508,3,The Binary Heap Structure,chapters/03-Data-Structures-for-Efficiency.qmd,109,INEQUALITY,text_or_ascii,native_math,inline,NO,UNKNOWN,REVIEW,REVIEW,PASS,PASS,PASS,PASS,- **Max Heap**: Parent ≥ all children
MATH-0509,3,The Binary Heap Structure,chapters/03-Data-Structures-for-Efficiency.qmd,110,INEQUALITY,text_or_ascii,native_math,inline,NO,UNKNOWN,REVIEW,REVIEW,PASS,PASS,PASS,PASS,- **Min Heap**: Parent ≤ all children
MATH-0510,3,The Binary Heap Structure,chapters/03-Data-Structures-for-Efficiency.qmd,116,OTHER,native_math,native_math,inline,NO,UNKNOWN,REVIEW,REVIEW,PASS,PASS,PASS,PASS,i
MATH-0511,3,The Binary Heap Structure,chapters/03-Data-Structures-for-Efficiency.qmd,116,ALGORITHM_FORMULA,native_math,native_math,inline,NO,UNKNOWN,REVIEW,REVIEW,PASS,PASS,PASS,PASS,(i-1)\mathbin{//}2
MATH-0512,3,The Binary Heap Structure,chapters/03-Data-Structures-for-Efficiency.qmd,116,OTHER,native_math,native_math,inline,NO,UNKNOWN,REVIEW,REVIEW,PASS,PASS,PASS,PASS,", and the right child is "
MATH-0513,3,The Magic of $O(n)$ Heap Construction,chapters/03-Data-Structures-for-Efficiency.qmd,233,ASYMPTOTIC_BOUND,native_math,native_math,inline,NO,UNKNOWN,REVIEW,REVIEW,PASS,PASS,PASS,PASS,O(n)
MATH-0514,3,The Magic of $O(n)$ Heap Construction,chapters/03-Data-Structures-for-Efficiency.qmd,235,ASYMPTOTIC_BOUND,native_math,native_math,inline,NO,UNKNOWN,REVIEW,REVIEW,PASS,PASS,PASS,PASS,O(n)
MATH-0515,3,The Magic of $O(n)$ Heap Construction,chapters/03-Data-Structures-for-Efficiency.qmd,235,ASYMPTOTIC_BOUND,native_math,native_math,inline,NO,UNKNOWN,REVIEW,REVIEW,PASS,PASS,PASS,PASS,O(n log n)
MATH-0516,3,The Magic of $O(n)$ Heap Construction,chapters/03-Data-Structures-for-Efficiency.qmd,248,SUMMATION,native_math,native_math,display,YES,UNKNOWN,PASS,PASS,PASS,PASS,PASS,PASS,\begin{aligned} W &=\sum_{i=0}^{h}2^i(h-i) \\ &=2^h\sum_{i=0}^{h}\frac{h-i}{2^{h-i}} \\ &=2^h\sum_{j=0}^{h}\frac{j}{2^j} \\ &\le 2^h\cdot2 \\ &=2n \\ &=O(n). \end{aligned} $$ {#eq-build-heap-work}
MATH-0517,3,The Magic of $O(n)$ Heap Construction,chapters/03-Data-Structures-for-Efficiency.qmd,260,OTHER,native_math,native_math,inline,NO,UNKNOWN,REVIEW,REVIEW,PASS,PASS,PASS,PASS,h
MATH-0518,3,The Magic of $O(n)$ Heap Construction,chapters/03-Data-Structures-for-Efficiency.qmd,260,OTHER,native_math,native_math,inline,NO,UNKNOWN,REVIEW,REVIEW,PASS,PASS,PASS,PASS,W
MATH-0519,3,The Magic of $O(n)$ Heap Construction,chapters/03-Data-Structures-for-Efficiency.qmd,260,SUMMATION,native_math,native_math,inline,NO,UNKNOWN,REVIEW,REVIEW,PASS,PASS,PASS,PASS,\sum_{j\ge0}j/2^j=2
MATH-0520,3,The Magic of $O(n)$ Heap Construction,chapters/03-Data-Structures-for-Efficiency.qmd,260,ASYMPTOTIC_BOUND,native_math,native_math,inline,NO,UNKNOWN,REVIEW,REVIEW,PASS,PASS,PASS,PASS,O(\log n)
MATH-0521,3,The Magic of $O(n)$ Heap Construction,chapters/03-Data-Structures-for-Efficiency.qmd,260,INEQUALITY,text_or_ascii,native_math,inline,NO,UNKNOWN,REVIEW,REVIEW,PASS,PASS,PASS,PASS,"Here is the heap height and is the total sift-down work. The final bound uses and $2^h\le n$ up to a constant factor, which explains why bottom-up heap construction is linear even though one individual sift can take time."
MATH-0522,3,The Balance Problem,chapters/03-Data-Structures-for-Efficiency.qmd,427,ASYMPTOTIC_BOUND,native_math,native_math,inline,NO,UNKNOWN,REVIEW,REVIEW,PASS,PASS,PASS,PASS,O(log n)
MATH-0523,3,AVL Trees: The First Balanced BST,chapters/03-Data-Structures-for-Efficiency.qmd,467,SET_NOTATION,text_or_ascii,native_math,inline,NO,UNKNOWN,REVIEW,REVIEW,PASS,PASS,PASS,PASS,"**Balance Factor**: BF(node) = height(left) - height(right) ∈ {-1, 0, 1}"
MATH-0524,3,Red-Black Trees: A Different Balance,chapters/03-Data-Structures-for-Efficiency.qmd,680,INEQUALITY,text_or_ascii,native_math,inline,NO,UNKNOWN,REVIEW,REVIEW,PASS,PASS,PASS,PASS,**Result**: Height ≤ 2 log(n+1)
MATH-0525,3,Red-Black Trees: A Different Balance,chapters/03-Data-Structures-for-Efficiency.qmd,684,OTHER,text_or_ascii,native_math,inline,NO,UNKNOWN,REVIEW,REVIEW,PASS,PASS,PASS,PASS,- AVL: Stricter balance → faster search (1.44 log n height)
MATH-0526,3,Red-Black Trees: A Different Balance,chapters/03-Data-Structures-for-Efficiency.qmd,685,ALGORITHM_FORMULA,text_or_ascii,native_math,inline,NO,UNKNOWN,REVIEW,REVIEW,PASS,PASS,PASS,PASS,- Red-Black: Looser balance → faster insert/delete (fewer rotations)
MATH-0527,3,Hash Tables - $O(1)$ Average Case Magic,chapters/03-Data-Structures-for-Efficiency.qmd,836,ASYMPTOTIC_BOUND,native_math,native_math,inline,NO,UNKNOWN,REVIEW,REVIEW,PASS,PASS,PASS,PASS,O(1)
MATH-0528,3,The Dream of Constant Time,chapters/03-Data-Structures-for-Efficiency.qmd,840,ASYMPTOTIC_BOUND,native_math,native_math,inline,NO,UNKNOWN,REVIEW,REVIEW,PASS,PASS,PASS,PASS,O(1)
MATH-0529,3,The Dream of Constant Time,chapters/03-Data-Structures-for-Efficiency.qmd,844,ALGORITHM_FORMULA,native_math,native_math,display,NO,UNKNOWN,PASS,PASS,PASS,PASS,PASS,PASS,"\operatorname{address}(k)=h(k)\bmod m,"
MATH-0530,3,The Dream of Constant Time,chapters/03-Data-Structures-for-Efficiency.qmd,848,OTHER,native_math,native_math,inline,NO,UNKNOWN,REVIEW,REVIEW,PASS,PASS,PASS,PASS,h
MATH-0531,3,The Dream of Constant Time,chapters/03-Data-Structures-for-Efficiency.qmd,848,OTHER,native_math,native_math,inline,NO,UNKNOWN,REVIEW,REVIEW,PASS,PASS,PASS,PASS,m
MATH-0532,3,Hash Function Design,chapters/03-Data-Structures-for-Efficiency.qmd,854,ALGORITHM_FORMULA,text_or_ascii,native_math,inline,NO,UNKNOWN,REVIEW,REVIEW,PASS,PASS,PASS,PASS,1. **Deterministic**: Same input → same output
MATH-0533,3,Hash Function Design,chapters/03-Data-Structures-for-Efficiency.qmd,856,ASYMPTOTIC_BOUND,native_math,native_math,inline,NO,UNKNOWN,REVIEW,REVIEW,PASS,PASS,PASS,PASS,O(1)
MATH-0534,3,Cuckoo Hashing - Worst-Case $O(1)$ Lookup,chapters/03-Data-Structures-for-Efficiency.qmd,1094,ASYMPTOTIC_BOUND,native_math,native_math,inline,NO,UNKNOWN,REVIEW,REVIEW,PASS,PASS,PASS,PASS,O(1)
MATH-0535,3,Beyond Worst-Case,chapters/03-Data-Structures-for-Efficiency.qmd,1249,ASYMPTOTIC_BOUND,native_math,native_math,inline,NO,UNKNOWN,REVIEW,REVIEW,PASS,PASS,PASS,PASS,O(1)
MATH-0536,3,Beyond Worst-Case,chapters/03-Data-Structures-for-Efficiency.qmd,1250,ASYMPTOTIC_BOUND,native_math,native_math,inline,NO,UNKNOWN,REVIEW,REVIEW,PASS,PASS,PASS,PASS,O(n)
MATH-0537,3,Beyond Worst-Case,chapters/03-Data-Structures-for-Efficiency.qmd,1251,ASYMPTOTIC_BOUND,native_math,native_math,inline,NO,UNKNOWN,REVIEW,REVIEW,PASS,PASS,PASS,PASS,O(1)
MATH-0538,3,Theoretical Problems,chapters/03-Data-Structures-for-Efficiency.qmd,2057,ASYMPTOTIC_BOUND,native_math,native_math,inline,NO,UNKNOWN,REVIEW,REVIEW,PASS,PASS,PASS,PASS,O(log* n)
MATH-0539,3,Theoretical Problems,chapters/03-Data-Structures-for-Efficiency.qmd,2057,ASYMPTOTIC_BOUND,native_math,native_math,inline,NO,UNKNOWN,REVIEW,REVIEW,PASS,PASS,PASS,PASS,O(log n)
MATH-0540,3,Theoretical Problems,chapters/03-Data-Structures-for-Efficiency.qmd,2057,ASYMPTOTIC_BOUND,native_math,native_math,inline,NO,UNKNOWN,REVIEW,REVIEW,PASS,PASS,PASS,PASS,O(1)
MATH-0541,3,Theoretical Problems,chapters/03-Data-Structures-for-Efficiency.qmd,2057,APPROXIMATION_RATIO,text_or_ascii,native_math,inline,NO,UNKNOWN,REVIEW,REVIEW,PASS,PASS,PASS,PASS,**3.3 Amortized Proofs** Prove using potential method: a) Union-Find with path compression is b) Splay tree operations are amortized c) Dynamic table with α-expansion has amortized insert
MATH-0542,3,Key Takeaways,chapters/03-Data-Structures-for-Efficiency.qmd,2121,ASYMPTOTIC_BOUND,native_math,native_math,inline,NO,UNKNOWN,REVIEW,REVIEW,PASS,PASS,PASS,PASS,O(n)
MATH-0543,3,Key Takeaways,chapters/03-Data-Structures-for-Efficiency.qmd,2121,ASYMPTOTIC_BOUND,native_math,native_math,inline,NO,UNKNOWN,REVIEW,REVIEW,PASS,PASS,PASS,PASS,O(log n)
MATH-0544,3,Key Takeaways,chapters/03-Data-Structures-for-Efficiency.qmd,2121,ASYMPTOTIC_BOUND,native_math,native_math,inline,NO,UNKNOWN,REVIEW,REVIEW,PASS,PASS,PASS,PASS,O(1)
MATH-0545,3,Key Takeaways,chapters/03-Data-Structures-for-Efficiency.qmd,2135,APPROXIMATION_RATIO,text_or_ascii,native_math,inline,NO,UNKNOWN,REVIEW,REVIEW,PASS,PASS,PASS,PASS,- Read-heavy? → Optimize search
MATH-0546,3,Key Takeaways,chapters/03-Data-Structures-for-Efficiency.qmd,2136,APPROXIMATION_RATIO,text_or_ascii,native_math,inline,NO,UNKNOWN,REVIEW,REVIEW,PASS,PASS,PASS,PASS,- Write-heavy? → Optimize insertion
MATH-0547,3,Key Takeaways,chapters/03-Data-Structures-for-Efficiency.qmd,2137,OTHER,text_or_ascii,native_math,inline,NO,UNKNOWN,REVIEW,REVIEW,PASS,PASS,PASS,PASS,- Mixed? → Balance both
MATH-0548,4,Introduction: The Power of Greed,chapters/04-Greedy-Algorithms.qmd,15,OTHER,text_or_ascii,native_math,inline,NO,UNKNOWN,REVIEW,REVIEW,PASS,PASS,PASS,PASS,"- First, a dollar bill ($1) → Remaining: $2.63"
MATH-0549,4,Introduction: The Power of Greed,chapters/04-Greedy-Algorithms.qmd,16,OTHER,text_or_ascii,native_math,inline,NO,UNKNOWN,REVIEW,REVIEW,PASS,PASS,PASS,PASS,- Another dollar → Remaining: $1.63
MATH-0550,4,Introduction: The Power of Greed,chapters/04-Greedy-Algorithms.qmd,17,OTHER,text_or_ascii,native_math,inline,NO,UNKNOWN,REVIEW,REVIEW,PASS,PASS,PASS,PASS,- Another dollar → Remaining: $0.63
MATH-0551,4,Introduction: The Power of Greed,chapters/04-Greedy-Algorithms.qmd,18,OTHER,text_or_ascii,native_math,inline,NO,UNKNOWN,REVIEW,REVIEW,PASS,PASS,PASS,PASS,- A half-dollar (50¢) → Remaining: $0.13
MATH-0552,4,Introduction: The Power of Greed,chapters/04-Greedy-Algorithms.qmd,19,OTHER,text_or_ascii,native_math,inline,NO,UNKNOWN,REVIEW,REVIEW,PASS,PASS,PASS,PASS,- A dime (10¢) → Remaining: $0.03
MATH-0553,4,Introduction: The Power of Greed,chapters/04-Greedy-Algorithms.qmd,20,OTHER,text_or_ascii,native_math,inline,NO,UNKNOWN,REVIEW,REVIEW,PASS,PASS,PASS,PASS,- Three pennies (3¢) → Done!
MATH-0554,4,The Greedy Paradigm,chapters/04-Greedy-Algorithms.qmd,54,ASYMPTOTIC_BOUND,native_math,native_math,inline,NO,UNKNOWN,REVIEW,REVIEW,PASS,PASS,PASS,PASS,O(n log n)
MATH-0555,4,The Greedy Paradigm,chapters/04-Greedy-Algorithms.qmd,56,ASYMPTOTIC_BOUND,native_math,native_math,inline,NO,UNKNOWN,REVIEW,REVIEW,PASS,PASS,PASS,PASS,O(1)
MATH-0556,5,Counting the Catastrophe,chapters/05-Dynamic-Programming.qmd,153,ASYMPTOTIC_BOUND,native_math,native_math,inline,NO,UNKNOWN,REVIEW,REVIEW,PASS,PASS,PASS,PASS,O(φ^n)
MATH-0557,5,Counting the Catastrophe,chapters/05-Dynamic-Programming.qmd,153,APPROXIMATION_RATIO,text_or_ascii,native_math,inline,NO,UNKNOWN,REVIEW,REVIEW,PASS,PASS,PASS,PASS,**Solution:** This is approximately where φ ≈ 1.618 (the golden ratio)
MATH-0558,5,Counting the Catastrophe,chapters/05-Dynamic-Programming.qmd,155,ASYMPTOTIC_BOUND,native_math,native_math,inline,NO,UNKNOWN,REVIEW,REVIEW,PASS,PASS,PASS,PASS,O(2^n)
MATH-0559,5,Counting the Catastrophe,chapters/05-Dynamic-Programming.qmd,166,OTHER,text_or_ascii,native_math,inline,NO,UNKNOWN,REVIEW,REVIEW,PASS,PASS,PASS,PASS,|100|~1.77 × 10²¹|~56 million years!|
MATH-0560,5,Enter Dynamic Programming: Memoization,chapters/05-Dynamic-Programming.qmd,230,ASYMPTOTIC_BOUND,native_math,native_math,inline,NO,UNKNOWN,REVIEW,REVIEW,PASS,PASS,PASS,PASS,O(n)
MATH-0561,5,Enter Dynamic Programming: Memoization,chapters/05-Dynamic-Programming.qmd,230,ASYMPTOTIC_BOUND,native_math,native_math,inline,NO,UNKNOWN,REVIEW,REVIEW,PASS,PASS,PASS,PASS,O(2^n)
MATH-0562,5,Space Optimization: Using Only What You Need,chapters/05-Dynamic-Programming.qmd,361,ASYMPTOTIC_BOUND,native_math,native_math,inline,NO,UNKNOWN,REVIEW,REVIEW,PASS,PASS,PASS,PASS,O(1)
MATH-0563,5,Space Optimization: Using Only What You Need,chapters/05-Dynamic-Programming.qmd,361,ASYMPTOTIC_BOUND,native_math,native_math,inline,NO,UNKNOWN,REVIEW,REVIEW,PASS,PASS,PASS,PASS,O(n)
MATH-0564,5,Comparing All Approaches,chapters/05-Dynamic-Programming.qmd,371,ASYMPTOTIC_BOUND,native_math,native_math,inline,NO,UNKNOWN,REVIEW,REVIEW,PASS,PASS,PASS,PASS,O(2^n)
MATH-0565,5,Comparing All Approaches,chapters/05-Dynamic-Programming.qmd,371,ASYMPTOTIC_BOUND,native_math,native_math,inline,NO,UNKNOWN,REVIEW,REVIEW,PASS,PASS,PASS,PASS,O(n)
MATH-0566,5,Comparing All Approaches,chapters/05-Dynamic-Programming.qmd,372,ASYMPTOTIC_BOUND,native_math,native_math,inline,NO,UNKNOWN,REVIEW,REVIEW,PASS,PASS,PASS,PASS,O(n)
MATH-0567,5,Comparing All Approaches,chapters/05-Dynamic-Programming.qmd,373,ASYMPTOTIC_BOUND,native_math,native_math,inline,NO,UNKNOWN,REVIEW,REVIEW,PASS,PASS,PASS,PASS,O(n)
MATH-0568,5,Comparing All Approaches,chapters/05-Dynamic-Programming.qmd,374,ASYMPTOTIC_BOUND,native_math,native_math,inline,NO,UNKNOWN,REVIEW,REVIEW,PASS,PASS,PASS,PASS,O(n)
MATH-0569,5,Comparing All Approaches,chapters/05-Dynamic-Programming.qmd,374,ASYMPTOTIC_BOUND,native_math,native_math,inline,NO,UNKNOWN,REVIEW,REVIEW,PASS,PASS,PASS,PASS,O(1)
MATH-0570,5,Step 5: Extract the Solution (Which Items to Take),chapters/05-Dynamic-Programming.qmd,653,FLOW_CONSTRAINT,technical_block,native_math,display,NO,UNKNOWN,PASS,PASS,PASS,PASS,PASS,PASS,"Start at dp[4][7] = 9 Step 1: dp[4][7] = 9, dp[3][7] = 9 → Same value, didn't take item 3 Step 2: dp[3][7] = 9, dp[2][7] = 5 → Different! Took item 2 (w=4, v=5) → New capacity: 7 - 4 = 3 Step 3: dp[2][3] = 4, dp[1][3] = 1 → Different! Took item 1 (w=3, v=4) → New capacity: 3 - 3 "
MATH-0571,5,Complexity Analysis,chapters/05-Dynamic-Programming.qmd,738,ASYMPTOTIC_BOUND,native_math,native_math,inline,NO,UNKNOWN,REVIEW,REVIEW,PASS,PASS,PASS,PASS,O(n × W)
MATH-0572,5,Complexity Analysis,chapters/05-Dynamic-Programming.qmd,742,ASYMPTOTIC_BOUND,native_math,native_math,inline,NO,UNKNOWN,REVIEW,REVIEW,PASS,PASS,PASS,PASS,O(1)
MATH-0573,5,Complexity Analysis,chapters/05-Dynamic-Programming.qmd,746,ASYMPTOTIC_BOUND,native_math,native_math,inline,NO,UNKNOWN,REVIEW,REVIEW,PASS,PASS,PASS,PASS,O(n × W)
MATH-0574,5,Complexity Analysis,chapters/05-Dynamic-Programming.qmd,747,ASYMPTOTIC_BOUND,native_math,native_math,inline,NO,UNKNOWN,REVIEW,REVIEW,PASS,PASS,PASS,PASS,O(W)
MATH-0575,5,Complexity Analysis,chapters/05-Dynamic-Programming.qmd,748,ASYMPTOTIC_BOUND,native_math,native_math,inline,NO,UNKNOWN,REVIEW,REVIEW,PASS,PASS,PASS,PASS,O(W)
MATH-0576,5,The Matrix Chain Problem,chapters/05-Dynamic-Programming.qmd,823,ALGORITHM_FORMULA,text_or_ascii,native_math,inline,NO,UNKNOWN,REVIEW,REVIEW,PASS,PASS,PASS,PASS,"**Given:** A chain of matrices A₁, A₂, ..., Aₙ with dimensions:"
MATH-0577,5,The Matrix Chain Problem,chapters/05-Dynamic-Programming.qmd,825,OTHER,text_or_ascii,native_math,inline,NO,UNKNOWN,REVIEW,REVIEW,PASS,PASS,PASS,PASS,- A₁: p₀ × p₁
MATH-0578,5,The Matrix Chain Problem,chapters/05-Dynamic-Programming.qmd,826,OTHER,text_or_ascii,native_math,inline,NO,UNKNOWN,REVIEW,REVIEW,PASS,PASS,PASS,PASS,- A₂: p₁ × p₂
MATH-0579,5,The Matrix Chain Problem,chapters/05-Dynamic-Programming.qmd,828,OTHER,text_or_ascii,native_math,inline,NO,UNKNOWN,REVIEW,REVIEW,PASS,PASS,PASS,PASS,- Aₙ: pₙ₋₁ × pₙ
MATH-0580,5,Developing the Solution,chapters/05-Dynamic-Programming.qmd,836,ALGORITHM_FORMULA,native_math,native_math,display,NO,UNKNOWN,PASS,PASS,PASS,PASS,PASS,PASS,A_{1:n}=\left(A_{1:k}\right)\left(A_{k+1:n}\right).
MATH-0581,5,Developing the Solution,chapters/05-Dynamic-Programming.qmd,844,ALGORITHM_FORMULA,text_or_ascii,native_math,inline,NO,UNKNOWN,REVIEW,REVIEW,PASS,PASS,PASS,PASS,"Let `M[i,j]` = minimum multiplications to compute Aᵢ through Aⱼ"
MATH-0582,5,Complexity Analysis,chapters/05-Dynamic-Programming.qmd,952,ASYMPTOTIC_BOUND,native_math,native_math,inline,NO,UNKNOWN,REVIEW,REVIEW,PASS,PASS,PASS,PASS,O(n^3)
MATH-0583,5,Complexity Analysis,chapters/05-Dynamic-Programming.qmd,954,ASYMPTOTIC_BOUND,native_math,native_math,inline,NO,UNKNOWN,REVIEW,REVIEW,PASS,PASS,PASS,PASS,O(n^2)
MATH-0584,5,Complexity Analysis,chapters/05-Dynamic-Programming.qmd,955,ASYMPTOTIC_BOUND,native_math,native_math,inline,NO,UNKNOWN,REVIEW,REVIEW,PASS,PASS,PASS,PASS,O(n)
MATH-0585,5,Complexity Analysis,chapters/05-Dynamic-Programming.qmd,957,ASYMPTOTIC_BOUND,native_math,native_math,inline,NO,UNKNOWN,REVIEW,REVIEW,PASS,PASS,PASS,PASS,O(n^2)
MATH-0586,5,Complexity Analysis,chapters/05-Dynamic-Programming.qmd,963,ALGORITHM_FORMULA,text_or_ascii,native_math,inline,NO,UNKNOWN,REVIEW,REVIEW,PASS,PASS,PASS,PASS,- Number of parenthesizations = Catalan number Cₙ₋₁ ≈ 4ⁿ/n^(3/2)
MATH-0587,5,Implementation Challenges,chapters/05-Dynamic-Programming.qmd,1862,ASYMPTOTIC_BOUND,native_math,native_math,inline,NO,UNKNOWN,REVIEW,REVIEW,PASS,PASS,PASS,PASS,O(n)
MATH-0588,5,Implementation Challenges,chapters/05-Dynamic-Programming.qmd,1862,ASYMPTOTIC_BOUND,native_math,native_math,inline,NO,UNKNOWN,REVIEW,REVIEW,PASS,PASS,PASS,PASS,O(n^2)
MATH-0589,6,Regular QuickSort: The Predictable Approach,chapters/06-Randomized-Algorithms.qmd,169,OTHER,text_or_ascii,native_math,inline,NO,UNKNOWN,REVIEW,REVIEW,PASS,PASS,PASS,PASS,"- First pivot: Ace (1) → Left pile: empty, Right pile: 51 cards"
MATH-0590,6,Regular QuickSort: The Predictable Approach,chapters/06-Randomized-Algorithms.qmd,170,OTHER,text_or_ascii,native_math,inline,NO,UNKNOWN,REVIEW,REVIEW,PASS,PASS,PASS,PASS,"- Next pivot: 2 → Left pile: empty, Right pile: 50 cards"
MATH-0591,6,Regular QuickSort: The Predictable Approach,chapters/06-Randomized-Algorithms.qmd,175,ASYMPTOTIC_BOUND,native_math,native_math,inline,NO,UNKNOWN,REVIEW,REVIEW,PASS,PASS,PASS,PASS,O(n^2)
MATH-0592,6,Why Random Pivots Save the Day,chapters/06-Randomized-Algorithms.qmd,199,ASYMPTOTIC_BOUND,native_math,native_math,inline,NO,UNKNOWN,REVIEW,REVIEW,PASS,PASS,PASS,PASS,O(log n)
MATH-0593,6,Why Random Pivots Save the Day,chapters/06-Randomized-Algorithms.qmd,200,ASYMPTOTIC_BOUND,native_math,native_math,inline,NO,UNKNOWN,REVIEW,REVIEW,PASS,PASS,PASS,PASS,O(n log n)
MATH-0594,6,Step-by-Step Example,chapters/06-Randomized-Algorithms.qmd,207,ALGORITHM_FORMULA,text_or_ascii,native_math,inline,NO,UNKNOWN,REVIEW,REVIEW,PASS,PASS,PASS,PASS,- Randomly choose position 3 → pivot = 9
MATH-0595,6,Step-by-Step Example,chapters/06-Randomized-Algorithms.qmd,212,ALGORITHM_FORMULA,text_or_ascii,native_math,inline,NO,UNKNOWN,REVIEW,REVIEW,PASS,PASS,PASS,PASS,- Random pivot: position 2 → pivot = 7
MATH-0596,6,Step-by-Step Example,chapters/06-Randomized-Algorithms.qmd,216,ALGORITHM_FORMULA,text_or_ascii,native_math,inline,NO,UNKNOWN,REVIEW,REVIEW,PASS,PASS,PASS,PASS,- Random pivot: position 1 → pivot = 3
MATH-0597,6,Why This Simple Change Is So Powerful,chapters/06-Randomized-Algorithms.qmd,261,PROBABILITY,text_or_ascii,native_math,inline,NO,UNKNOWN,REVIEW,REVIEW,PASS,PASS,PASS,PASS,- Expected depth of recursion ≈ 2 log₂ n (since we get good pivots half the time)
MATH-0598,6,Why This Simple Change Is So Powerful,chapters/06-Randomized-Algorithms.qmd,262,PROBABILITY,text_or_ascii,native_math,inline,NO,UNKNOWN,REVIEW,REVIEW,PASS,PASS,PASS,PASS,- Total expected comparisons ≈ 2n ln n ≈ 1.39n log₂ n
MATH-0599,6,Primality Testing: Is This Number Prime?,chapters/06-Randomized-Algorithms.qmd,278,ALGORITHM_FORMULA,text_or_ascii,native_math,inline,NO,UNKNOWN,REVIEW,REVIEW,PASS,PASS,PASS,PASS,**Naive Approach:** Try dividing by all numbers up to √n
MATH-0600,6,How Miller-Rabin Works (Intuitive Explanation),chapters/06-Randomized-Algorithms.qmd,302,PROBABILITY,text_or_ascii,native_math,inline,NO,UNKNOWN,REVIEW,REVIEW,PASS,PASS,PASS,PASS,"- After k tests, probability of being fooled ≤ (1/4)^k"
MATH-0601,6,The Birthday Paradox: When Intuition Fails,chapters/06-Randomized-Algorithms.qmd,399,OTHER,text_or_ascii,native_math,inline,NO,UNKNOWN,REVIEW,REVIEW,PASS,PASS,PASS,PASS,"- ""23 out of 365 days ≈ 6%? Very unlikely!"""
MATH-0602,6,Amplification: Making Algorithms More Reliable,chapters/06-Randomized-Algorithms.qmd,467,PROBABILITY,text_or_ascii,native_math,inline,NO,UNKNOWN,REVIEW,REVIEW,PASS,PASS,PASS,PASS,- Error probability ≤ p^(k/2) (approximately)
MATH-0603,6,The Naive Approach,chapters/06-Randomized-Algorithms.qmd,517,ASYMPTOTIC_BOUND,native_math,native_math,inline,NO,UNKNOWN,REVIEW,REVIEW,PASS,PASS,PASS,PASS,O(n log n)
MATH-0604,6,The Naive Approach,chapters/06-Randomized-Algorithms.qmd,518,ASYMPTOTIC_BOUND,native_math,native_math,inline,NO,UNKNOWN,REVIEW,REVIEW,PASS,PASS,PASS,PASS,O(1)
MATH-0605,6,The Naive Approach,chapters/06-Randomized-Algorithms.qmd,519,ASYMPTOTIC_BOUND,native_math,native_math,inline,NO,UNKNOWN,REVIEW,REVIEW,PASS,PASS,PASS,PASS,O(n log n)
MATH-0606,6,Why It's Fast,chapters/06-Randomized-Algorithms.qmd,554,ASYMPTOTIC_BOUND,native_math,native_math,inline,NO,UNKNOWN,REVIEW,REVIEW,PASS,PASS,PASS,PASS,O(n)
MATH-0607,6,Why It's Fast,chapters/06-Randomized-Algorithms.qmd,556,ASYMPTOTIC_BOUND,native_math,native_math,inline,NO,UNKNOWN,REVIEW,REVIEW,PASS,PASS,PASS,PASS,O(n log n)
MATH-0608,6,Practical Applications of QuickSelect,chapters/06-Randomized-Algorithms.qmd,604,ASYMPTOTIC_BOUND,native_math,native_math,inline,NO,UNKNOWN,REVIEW,REVIEW,PASS,PASS,PASS,PASS,O(n)
MATH-0609,6,Practical Applications of QuickSelect,chapters/06-Randomized-Algorithms.qmd,604,ASYMPTOTIC_BOUND,native_math,native_math,inline,NO,UNKNOWN,REVIEW,REVIEW,PASS,PASS,PASS,PASS,O(n log n)
MATH-0610,6,The Problem: Collisions,chapters/06-Randomized-Algorithms.qmd,639,ASYMPTOTIC_BOUND,native_math,native_math,inline,NO,UNKNOWN,REVIEW,REVIEW,PASS,PASS,PASS,PASS,O(1)
MATH-0611,6,The Problem: Collisions,chapters/06-Randomized-Algorithms.qmd,639,ASYMPTOTIC_BOUND,native_math,native_math,inline,NO,UNKNOWN,REVIEW,REVIEW,PASS,PASS,PASS,PASS,O(n)
MATH-0612,6,"What Makes a Hash Family ""Universal""?",chapters/06-Randomized-Algorithms.qmd,653,OTHER,native_math,native_math,inline,NO,UNKNOWN,REVIEW,REVIEW,PASS,PASS,PASS,PASS,x
MATH-0613,6,"What Makes a Hash Family ""Universal""?",chapters/06-Randomized-Algorithms.qmd,653,OTHER,native_math,native_math,inline,NO,UNKNOWN,REVIEW,REVIEW,PASS,PASS,PASS,PASS,y
MATH-0614,6,"What Makes a Hash Family ""Universal""?",chapters/06-Randomized-Algorithms.qmd,655,PROBABILITY,native_math,native_math,display,NO,UNKNOWN,PASS,PASS,PASS,PASS,PASS,PASS,"\Pr_{h}[h(x)=h(y)]\le\frac1m,"
MATH-0615,6,"What Makes a Hash Family ""Universal""?",chapters/06-Randomized-Algorithms.qmd,659,OTHER,native_math,native_math,inline,NO,UNKNOWN,REVIEW,REVIEW,PASS,PASS,PASS,PASS,m
MATH-0616,6,"What Makes a Hash Family ""Universal""?",chapters/06-Randomized-Algorithms.qmd,659,OTHER,native_math,native_math,inline,NO,UNKNOWN,REVIEW,REVIEW,PASS,PASS,PASS,PASS,h
MATH-0617,6,The Carter-Wegman Construction,chapters/06-Randomized-Algorithms.qmd,667,ALGORITHM_FORMULA,native_math,native_math,display,YES,UNKNOWN,PASS,PASS,PASS,PASS,PASS,PASS,"h_{a,b}(x)=\bigl((ax+b)\bmod p\bigr)\bmod m. $$ {#eq-universal-hash-family}"
MATH-0618,6,The Carter-Wegman Construction,chapters/06-Randomized-Algorithms.qmd,671,OTHER,native_math,native_math,inline,NO,UNKNOWN,REVIEW,REVIEW,PASS,PASS,PASS,PASS,p
MATH-0619,6,The Carter-Wegman Construction,chapters/06-Randomized-Algorithms.qmd,671,OTHER,native_math,native_math,inline,NO,UNKNOWN,REVIEW,REVIEW,PASS,PASS,PASS,PASS,a
MATH-0620,6,The Carter-Wegman Construction,chapters/06-Randomized-Algorithms.qmd,671,OTHER,native_math,native_math,inline,NO,UNKNOWN,REVIEW,REVIEW,PASS,PASS,PASS,PASS,"\{1,2,\ldots,p-1\}"
MATH-0621,6,The Carter-Wegman Construction,chapters/06-Randomized-Algorithms.qmd,671,OTHER,native_math,native_math,inline,NO,UNKNOWN,REVIEW,REVIEW,PASS,PASS,PASS,PASS,b
MATH-0622,6,The Carter-Wegman Construction,chapters/06-Randomized-Algorithms.qmd,671,OTHER,native_math,native_math,inline,NO,UNKNOWN,REVIEW,REVIEW,PASS,PASS,PASS,PASS,"\{0,1,\ldots,p-1\}"
MATH-0623,6,Understanding Bloom Filter Parameters,chapters/06-Randomized-Algorithms.qmd,817,ALGORITHM_FORMULA,text_or_ascii,native_math,inline,NO,UNKNOWN,REVIEW,REVIEW,PASS,PASS,PASS,PASS,- Bits needed: m = -n × ln(p) / (ln(2)²)
MATH-0624,6,High Probability Bounds,chapters/06-Randomized-Algorithms.qmd,1274,ASYMPTOTIC_BOUND,native_math,native_math,inline,NO,UNKNOWN,REVIEW,REVIEW,PASS,PASS,PASS,PASS,O(n log n)
MATH-0625,6,High Probability Bounds,chapters/06-Randomized-Algorithms.qmd,1274,PROBABILITY,text_or_ascii,native_math,inline,NO,UNKNOWN,REVIEW,REVIEW,PASS,PASS,PASS,PASS,"**High Probability Statement:** ""The algorithm finishes in time with probability ≥ 1 - 1/n²"""
MATH-0626,6,Markov's Inequality: The Weakest Bound,chapters/06-Randomized-Algorithms.qmd,1288,PROBABILITY,text_or_ascii,native_math,inline,NO,UNKNOWN,REVIEW,REVIEW,PASS,PASS,PASS,PASS,P(X ≥ k × E[X]) ≤ 1/k
MATH-0627,6,Markov's Inequality: The Weakest Bound,chapters/06-Randomized-Algorithms.qmd,1295,PROBABILITY,text_or_ascii,native_math,inline,NO,UNKNOWN,REVIEW,REVIEW,PASS,PASS,PASS,PASS,- P(≥ 1000 comparisons) ≤ 1/10 = 10%
MATH-0628,6,Markov's Inequality: The Weakest Bound,chapters/06-Randomized-Algorithms.qmd,1296,PROBABILITY,text_or_ascii,native_math,inline,NO,UNKNOWN,REVIEW,REVIEW,PASS,PASS,PASS,PASS,- P(≥ 10000 comparisons) ≤ 1/100 = 1%
MATH-0629,6,Chernoff Bounds: Much Stronger Guarantees,chapters/06-Randomized-Algorithms.qmd,1304,PROBABILITY,text_or_ascii,native_math,inline,NO,UNKNOWN,REVIEW,REVIEW,PASS,PASS,PASS,PASS,- Probability of ≥ 600 heads ≈ 0.0000000002%
MATH-0630,6,Chernoff Bounds: Much Stronger Guarantees,chapters/06-Randomized-Algorithms.qmd,1305,PROBABILITY,text_or_ascii,native_math,inline,NO,UNKNOWN,REVIEW,REVIEW,PASS,PASS,PASS,PASS,- Probability of ≥ 700 heads ≈ 10^-88 (essentially impossible!)
MATH-0631,6,The Elegant Randomized Solution,chapters/06-Randomized-Algorithms.qmd,1458,INEQUALITY,text_or_ascii,native_math,inline,NO,UNKNOWN,REVIEW,REVIEW,PASS,PASS,PASS,PASS,- Single run: ≥ 2/n² (seems small!)
MATH-0632,6,The Elegant Randomized Solution,chapters/06-Randomized-Algorithms.qmd,1459,PROBABILITY,text_or_ascii,native_math,inline,NO,UNKNOWN,REVIEW,REVIEW,PASS,PASS,PASS,PASS,- But run n² log n times: Success probability > 1 - 1/n
MATH-0633,6,The Problem,chapters/06-Randomized-Algorithms.qmd,1601,COMPLEXITY_EXPRESSION,text_or_ascii,native_math,inline,NO,UNKNOWN,REVIEW,REVIEW,PASS,PASS,PASS,PASS,Calculate the area under a complex curve or the value of π.
MATH-0634,6,Estimating π with Random Points,chapters/06-Randomized-Algorithms.qmd,1607,OTHER,text_or_ascii,native_math,inline,NO,UNKNOWN,REVIEW,REVIEW,PASS,PASS,PASS,PASS,#### Estimating π with Random Points
MATH-0635,6,Estimating π with Random Points,chapters/06-Randomized-Algorithms.qmd,1611,ALGORITHM_FORMULA,text_or_ascii,native_math,inline,NO,UNKNOWN,REVIEW,REVIEW,PASS,PASS,PASS,PASS,- Circle of radius 1 inside (area = π)
MATH-0636,6,Estimating π with Random Points,chapters/06-Randomized-Algorithms.qmd,1612,APPROXIMATION_RATIO,text_or_ascii,native_math,inline,NO,UNKNOWN,REVIEW,REVIEW,PASS,PASS,PASS,PASS,- Ratio of circle to square = π/4
MATH-0637,6,Estimating π with Random Points,chapters/06-Randomized-Algorithms.qmd,1617,ALGORITHM_FORMULA,text_or_ascii,native_math,inline,NO,UNKNOWN,REVIEW,REVIEW,PASS,PASS,PASS,PASS,3. π ≈ 4 × (points in circle) / (total points)
MATH-0638,6,The Problem,chapters/06-Randomized-Algorithms.qmd,1697,ALGORITHM_FORMULA,text_or_ascii,native_math,inline,NO,UNKNOWN,REVIEW,REVIEW,PASS,PASS,PASS,PASS,- Random choice alone: Maximum load ≈ log n / log log n
MATH-0639,6,The Problem,chapters/06-Randomized-Algorithms.qmd,1698,OTHER,text_or_ascii,native_math,inline,NO,UNKNOWN,REVIEW,REVIEW,PASS,PASS,PASS,PASS,- Power of two choices: Maximum load ≈ log log n (MUCH better!)
MATH-0640,7,The Birthday Party Planning Problem,chapters/07-Computational-Complexity.qmd,80,ASYMPTOTIC_BOUND,native_math,native_math,inline,NO,UNKNOWN,REVIEW,REVIEW,PASS,PASS,PASS,PASS,O(n)
MATH-0641,7,The Birthday Party Planning Problem,chapters/07-Computational-Complexity.qmd,86,ASYMPTOTIC_BOUND,native_math,native_math,inline,NO,UNKNOWN,REVIEW,REVIEW,PASS,PASS,PASS,PASS,O(n^2)
MATH-0642,7,The Birthday Party Planning Problem,chapters/07-Computational-Complexity.qmd,92,ASYMPTOTIC_BOUND,native_math,native_math,inline,NO,UNKNOWN,REVIEW,REVIEW,PASS,PASS,PASS,PASS,O(n!)
MATH-0643,7,The Birthday Party Planning Problem,chapters/07-Computational-Complexity.qmd,96,ASYMPTOTIC_BOUND,native_math,native_math,inline,NO,UNKNOWN,REVIEW,REVIEW,PASS,PASS,PASS,PASS,O(n)
MATH-0644,7,The Birthday Party Planning Problem,chapters/07-Computational-Complexity.qmd,96,ASYMPTOTIC_BOUND,native_math,native_math,inline,NO,UNKNOWN,REVIEW,REVIEW,PASS,PASS,PASS,PASS,O(n^2)
MATH-0645,7,The Birthday Party Planning Problem,chapters/07-Computational-Complexity.qmd,96,ASYMPTOTIC_BOUND,native_math,native_math,inline,NO,UNKNOWN,REVIEW,REVIEW,PASS,PASS,PASS,PASS,O(n!)
MATH-0646,7,The Birthday Party Planning Problem,chapters/07-Computational-Complexity.qmd,100,OTHER,text_or_ascii,native_math,inline,NO,UNKNOWN,REVIEW,REVIEW,PASS,PASS,PASS,PASS,| 30 | 30 steps | 900 steps | 2.7 × 10³² steps |
MATH-0647,7,Polynomial vs Exponential: The Great Divide,chapters/07-Computational-Complexity.qmd,112,ASYMPTOTIC_BOUND,native_math,native_math,inline,NO,UNKNOWN,REVIEW,REVIEW,PASS,PASS,PASS,PASS,O(n)
MATH-0648,7,Polynomial vs Exponential: The Great Divide,chapters/07-Computational-Complexity.qmd,112,ASYMPTOTIC_BOUND,native_math,native_math,inline,NO,UNKNOWN,REVIEW,REVIEW,PASS,PASS,PASS,PASS,O(n^2)
MATH-0649,7,Polynomial vs Exponential: The Great Divide,chapters/07-Computational-Complexity.qmd,112,ASYMPTOTIC_BOUND,native_math,native_math,inline,NO,UNKNOWN,REVIEW,REVIEW,PASS,PASS,PASS,PASS,O(n^3)
MATH-0650,7,Polynomial vs Exponential: The Great Divide,chapters/07-Computational-Complexity.qmd,112,ASYMPTOTIC_BOUND,native_math,native_math,inline,NO,UNKNOWN,REVIEW,REVIEW,PASS,PASS,PASS,PASS,O(n¹⁰⁰)
MATH-0651,7,Polynomial vs Exponential: The Great Divide,chapters/07-Computational-Complexity.qmd,113,OTHER,text_or_ascii,native_math,inline,NO,UNKNOWN,REVIEW,REVIEW,PASS,PASS,PASS,PASS,- Doubles input → time increases by fixed factor
MATH-0652,7,Polynomial vs Exponential: The Great Divide,chapters/07-Computational-Complexity.qmd,117,ASYMPTOTIC_BOUND,native_math,native_math,inline,NO,UNKNOWN,REVIEW,REVIEW,PASS,PASS,PASS,PASS,O(2^n)
MATH-0653,7,Polynomial vs Exponential: The Great Divide,chapters/07-Computational-Complexity.qmd,117,ASYMPTOTIC_BOUND,native_math,native_math,inline,NO,UNKNOWN,REVIEW,REVIEW,PASS,PASS,PASS,PASS,O(n!)
MATH-0654,7,Polynomial vs Exponential: The Great Divide,chapters/07-Computational-Complexity.qmd,117,ASYMPTOTIC_BOUND,native_math,native_math,inline,NO,UNKNOWN,REVIEW,REVIEW,PASS,PASS,PASS,PASS,O(n^n)
MATH-0655,7,Examples of Problems in P,chapters/07-Computational-Complexity.qmd,151,ASYMPTOTIC_BOUND,native_math,native_math,inline,NO,UNKNOWN,REVIEW,REVIEW,PASS,PASS,PASS,PASS,O(n log n)
MATH-0656,7,Examples of Problems in P,chapters/07-Computational-Complexity.qmd,156,ASYMPTOTIC_BOUND,native_math,native_math,inline,NO,UNKNOWN,REVIEW,REVIEW,PASS,PASS,PASS,PASS,O(E log V)
MATH-0657,7,Examples of Problems in P,chapters/07-Computational-Complexity.qmd,161,ASYMPTOTIC_BOUND,native_math,native_math,inline,NO,UNKNOWN,REVIEW,REVIEW,PASS,PASS,PASS,PASS,O(log⁶ n)
MATH-0658,7,Examples of Problems in P,chapters/07-Computational-Complexity.qmd,166,NUMERICAL_FORMULA,native_math,native_math,inline,NO,UNKNOWN,REVIEW,REVIEW,PASS,PASS,PASS,PASS,O(VE^2)
MATH-0659,7,Why We Think P ≠ NP,chapters/07-Computational-Complexity.qmd,210,OTHER,text_or_ascii,native_math,inline,NO,UNKNOWN,REVIEW,REVIEW,PASS,PASS,PASS,PASS,### Why We Think P ≠ NP
MATH-0660,7,Why We Think P ≠ NP,chapters/07-Computational-Complexity.qmd,212,OTHER,text_or_ascii,native_math,inline,NO,UNKNOWN,REVIEW,REVIEW,PASS,PASS,PASS,PASS,Most computer scientists believe P ≠ NP. Here's why:
MATH-0661,7,What Makes a Problem NP-Complete?,chapters/07-Computational-Complexity.qmd,249,OTHER,text_or_ascii,native_math,inline,NO,UNKNOWN,REVIEW,REVIEW,PASS,PASS,PASS,PASS,- Beat one boss → beat them all
MATH-0662,7,Formal Reduction,chapters/07-Computational-Complexity.qmd,270,INEQUALITY,text_or_ascii,native_math,inline,NO,UNKNOWN,REVIEW,REVIEW,PASS,PASS,PASS,PASS,To show Problem A reduces to Problem B (written A ≤ₚ B):
MATH-0663,7,Why SAT is Special,chapters/07-Computational-Complexity.qmd,306,OTHER,text_or_ascii,native_math,inline,NO,UNKNOWN,REVIEW,REVIEW,PASS,PASS,PASS,PASS,3. The formula is satisfiable ↔ the program accepts
MATH-0664,7,3-SAT: The Special Case,chapters/07-Computational-Complexity.qmd,377,OTHER,native_math,native_math,display,NO,UNKNOWN,PASS,PASS,PASS,PASS,PASS,PASS,(x_1\lor x_2\lor x_3) \land(\neg x_1\lor x_3\lor x_4) \land(x_2\lor\neg x_3\lor\neg x_4).
MATH-0665,7,Step 5: Prove Polynomial Time,chapters/07-Computational-Complexity.qmd,478,ASYMPTOTIC_BOUND,native_math,native_math,inline,NO,UNKNOWN,REVIEW,REVIEW,PASS,PASS,PASS,PASS,O(clauses + variables)
MATH-0666,7,Step 5: Prove Polynomial Time,chapters/07-Computational-Complexity.qmd,479,ASYMPTOTIC_BOUND,native_math,native_math,inline,NO,UNKNOWN,REVIEW,REVIEW,PASS,PASS,PASS,PASS,O(clauses × 3)
MATH-0667,7,Strategy 2: Fixed-Parameter Tractability,chapters/07-Computational-Complexity.qmd,529,INEQUALITY,text_or_ascii,native_math,inline,NO,UNKNOWN,REVIEW,REVIEW,PASS,PASS,PASS,PASS,- Brute force: try all (n choose k) ≤ n^10 combinations
MATH-0668,7,The Good,chapters/07-Computational-Complexity.qmd,650,OTHER,text_or_ascii,native_math,inline,NO,UNKNOWN,REVIEW,REVIEW,PASS,PASS,PASS,PASS,- Protein folding solved → cure diseases
MATH-0669,7,The Good,chapters/07-Computational-Complexity.qmd,651,OTHER,text_or_ascii,native_math,inline,NO,UNKNOWN,REVIEW,REVIEW,PASS,PASS,PASS,PASS,- Materials science → room-temperature superconductors
MATH-0670,7,The Good,chapters/07-Computational-Complexity.qmd,652,OTHER,text_or_ascii,native_math,inline,NO,UNKNOWN,REVIEW,REVIEW,PASS,PASS,PASS,PASS,- Drug discovery → personalized medicine for everyone
MATH-0671,7,If P ≠ NP: Status Quo (Probably),chapters/07-Computational-Complexity.qmd,671,PROBABILITY,text_or_ascii,native_math,inline,NO,UNKNOWN,REVIEW,REVIEW,PASS,PASS,PASS,PASS,### If P ≠ NP: Status Quo (Probably)
MATH-0672,7,NP-Hard: Even Harder Than NP-Complete,chapters/07-Computational-Complexity.qmd,699,INEQUALITY,text_or_ascii,native_math,inline,NO,UNKNOWN,REVIEW,REVIEW,PASS,PASS,PASS,PASS,"- Decision TSP: ""Is there a route ≤ 100 miles?"" (NP-complete)"
MATH-0673,7,The Complexity Hierarchy,chapters/07-Computational-Complexity.qmd,728,PROBABILITY,technical_block,native_math,display,NO,UNKNOWN,PASS,PASS,PASS,PASS,PASS,PASS,ELEMENTARY | EXP (Exponential Time) | PSPACE (Polynomial Space) | ? | NP ∩ co-NP / \ NP co-NP \ / P (Polynomial Time) | LOG (Logarithmic Space)
MATH-0674,7,The Complexity Hierarchy,chapters/07-Computational-Complexity.qmd,746,SET_NOTATION,text_or_ascii,native_math,inline,NO,UNKNOWN,REVIEW,REVIEW,PASS,PASS,PASS,PASS,We know: P ⊆ NP ⊆ PSPACE ⊆ EXP
MATH-0675,7,Analysis Problems,chapters/07-Computational-Complexity.qmd,911,ASYMPTOTIC_BOUND,native_math,native_math,inline,NO,UNKNOWN,REVIEW,REVIEW,PASS,PASS,PASS,PASS,O(n^100)
MATH-0676,7,Analysis Problems,chapters/07-Computational-Complexity.qmd,912,ASYMPTOTIC_BOUND,native_math,native_math,inline,NO,UNKNOWN,REVIEW,REVIEW,PASS,PASS,PASS,PASS,O(2^{\sqrt n})
MATH-0677,7,Analysis Problems,chapters/07-Computational-Complexity.qmd,913,ASYMPTOTIC_BOUND,native_math,native_math,inline,NO,UNKNOWN,REVIEW,REVIEW,PASS,PASS,PASS,PASS,O(n^log n)
MATH-0678,7,Key Takeaways,chapters/07-Computational-Complexity.qmd,961,OTHER,text_or_ascii,native_math,inline,NO,UNKNOWN,REVIEW,REVIEW,PASS,PASS,PASS,PASS,- NP-complete ≠ impossible
MATH-0679,8,The Approximation Guarantee,chapters/08-Approximation-Algorithms.qmd,38,APPROXIMATION_RATIO,text_or_ascii,native_math,inline,NO,UNKNOWN,REVIEW,REVIEW,PASS,PASS,PASS,PASS,- Algorithm solution ≤ α × optimal solution
MATH-0680,8,The Approximation Guarantee,chapters/08-Approximation-Algorithms.qmd,41,APPROXIMATION_RATIO,text_or_ascii,native_math,inline,NO,UNKNOWN,REVIEW,REVIEW,PASS,PASS,PASS,PASS,- Algorithm solution ≥ (1/α) × optimal solution
MATH-0681,8,The Approximation Guarantee,chapters/08-Approximation-Algorithms.qmd,43,APPROXIMATION_RATIO,text_or_ascii,native_math,inline,NO,UNKNOWN,REVIEW,REVIEW,PASS,PASS,PASS,PASS,Where α is the approximation ratio (α ≥ 1).
MATH-0682,8,The Approximation Guarantee,chapters/08-Approximation-Algorithms.qmd,46,APPROXIMATION_RATIO,text_or_ascii,native_math,inline,NO,UNKNOWN,REVIEW,REVIEW,PASS,PASS,PASS,PASS,- 2-approximation for TSP means: your route ≤ 2 × shortest route
MATH-0683,8,The Approximation Guarantee,chapters/08-Approximation-Algorithms.qmd,47,APPROXIMATION_RATIO,text_or_ascii,native_math,inline,NO,UNKNOWN,REVIEW,REVIEW,PASS,PASS,PASS,PASS,- 0.5-approximation for Max-Cut means: your cut ≥ 0.5 × maximum cut
MATH-0684,8,"Output: Stands at: [2, 7, 11], Number of stands: 3",chapters/08-Approximation-Algorithms.qmd,119,APPROXIMATION_RATIO,text_or_ascii,native_math,inline,NO,UNKNOWN,REVIEW,REVIEW,PASS,PASS,PASS,PASS,- Therefore: our solution ≤ 2 × optimal
MATH-0685,8,Constant Factor Approximation,chapters/08-Approximation-Algorithms.qmd,128,APPROXIMATION_RATIO,text_or_ascii,native_math,inline,NO,UNKNOWN,REVIEW,REVIEW,PASS,PASS,PASS,PASS,- Your solution ≤ 2 × optimal
MATH-0686,8,Logarithmic Approximation,chapters/08-Approximation-Algorithms.qmd,136,ASYMPTOTIC_BOUND,native_math,native_math,inline,NO,UNKNOWN,REVIEW,REVIEW,PASS,PASS,PASS,PASS,O(log n)
MATH-0687,8,Logarithmic Approximation,chapters/08-Approximation-Algorithms.qmd,137,APPROXIMATION_RATIO,text_or_ascii,native_math,inline,NO,UNKNOWN,REVIEW,REVIEW,PASS,PASS,PASS,PASS,- Your solution ≤ (ln n) × optimal
MATH-0688,8,Polynomial Approximation Schemes (PTAS),chapters/08-Approximation-Algorithms.qmd,145,APPROXIMATION_RATIO,text_or_ascii,native_math,inline,NO,UNKNOWN,REVIEW,REVIEW,PASS,PASS,PASS,PASS,**Example:** (1 + ε)-approximation for Knapsack
MATH-0689,8,Polynomial Approximation Schemes (PTAS),chapters/08-Approximation-Algorithms.qmd,146,INEQUALITY,text_or_ascii,native_math,inline,NO,UNKNOWN,REVIEW,REVIEW,PASS,PASS,PASS,PASS,- Choose any ε > 0
MATH-0690,8,Polynomial Approximation Schemes (PTAS),chapters/08-Approximation-Algorithms.qmd,147,ALGORITHM_FORMULA,text_or_ascii,native_math,inline,NO,UNKNOWN,REVIEW,REVIEW,PASS,PASS,PASS,PASS,- Get solution within (1 + ε) factor
MATH-0691,8,Polynomial Approximation Schemes (PTAS),chapters/08-Approximation-Algorithms.qmd,148,ASYMPTOTIC_BOUND,native_math,native_math,inline,NO,UNKNOWN,REVIEW,REVIEW,PASS,PASS,PASS,PASS,O(n^(1/ε))
MATH-0692,8,Polynomial Approximation Schemes (PTAS),chapters/08-Approximation-Algorithms.qmd,148,OTHER,text_or_ascii,native_math,inline,NO,UNKNOWN,REVIEW,REVIEW,PASS,PASS,PASS,PASS,- Runtime like - polynomial for fixed ε
MATH-0693,8,Clique Problem,chapters/08-Approximation-Algorithms.qmd,164,INEQUALITY,text_or_ascii,native_math,inline,NO,UNKNOWN,REVIEW,REVIEW,PASS,PASS,PASS,PASS,**Cannot approximate within n^(1-ε) for any ε > 0** (unless P = NP)
MATH-0694,8,The Naive Approach,chapters/08-Approximation-Algorithms.qmd,223,ASYMPTOTIC_BOUND,native_math,native_math,inline,NO,UNKNOWN,REVIEW,REVIEW,PASS,PASS,PASS,PASS,O(2^n × m)
MATH-0695,8,Why This is a 2-Approximation,chapters/08-Approximation-Algorithms.qmd,283,APPROXIMATION_RATIO,text_or_ascii,native_math,inline,NO,UNKNOWN,REVIEW,REVIEW,PASS,PASS,PASS,PASS,- Therefore: OPT ≥ |M|
MATH-0696,8,Why This is a 2-Approximation,chapters/08-Approximation-Algorithms.qmd,286,APPROXIMATION_RATIO,text_or_ascii,native_math,inline,NO,UNKNOWN,REVIEW,REVIEW,PASS,PASS,PASS,PASS,- Our size / OPT ≤ 2|M| / |M| = 2 ✓
MATH-0697,8,Why This is a 2-Approximation,chapters/08-Approximation-Algorithms.qmd,288,APPROXIMATION_RATIO,native_math,native_math,inline,NO,UNKNOWN,REVIEW,REVIEW,PASS,PASS,PASS,PASS,\mathrm{OPT}\ge3
MATH-0698,8,Why This is a 2-Approximation,chapters/08-Approximation-Algorithms.qmd,290,APPROXIMATION_RATIO,native_math,native_math,display,NO,UNKNOWN,PASS,PASS,PASS,PASS,PASS,PASS,\frac{|C|}{\mathrm{OPT}}\le\frac{6}{3}=2.
MATH-0699,8,Can We Do Better Than 2?,chapters/08-Approximation-Algorithms.qmd,319,INEQUALITY,text_or_ascii,native_math,inline,NO,UNKNOWN,REVIEW,REVIEW,PASS,PASS,PASS,PASS,**The Unique Games Conjecture** suggests we cannot approximate Vertex Cover better than 2 - ε for any ε > 0.
MATH-0700,8,TSP with Triangle Inequality,chapters/08-Approximation-Algorithms.qmd,365,INEQUALITY,text_or_ascii,native_math,inline,NO,UNKNOWN,REVIEW,REVIEW,PASS,PASS,PASS,PASS,"**Triangle Inequality:** dist(A,C) ≤ dist(A,B) + dist(B,C)"
MATH-0701,8,Why This is a 2-Approximation,chapters/08-Approximation-Algorithms.qmd,465,APPROXIMATION_RATIO,text_or_ascii,native_math,inline,NO,UNKNOWN,REVIEW,REVIEW,PASS,PASS,PASS,PASS,1. **MST weight ≤ OPT**
MATH-0702,8,Why This is a 2-Approximation,chapters/08-Approximation-Algorithms.qmd,468,APPROXIMATION_RATIO,text_or_ascii,native_math,inline,NO,UNKNOWN,REVIEW,REVIEW,PASS,PASS,PASS,PASS,- So: weight(MST) ≤ weight(OPT)
MATH-0703,8,Why This is a 2-Approximation,chapters/08-Approximation-Algorithms.qmd,476,INEQUALITY,text_or_ascii,native_math,inline,NO,UNKNOWN,REVIEW,REVIEW,PASS,PASS,PASS,PASS,- Final tour ≤ DFS traversal
MATH-0704,8,Why This is a 2-Approximation,chapters/08-Approximation-Algorithms.qmd,479,APPROXIMATION_RATIO,text_or_ascii,native_math,inline,NO,UNKNOWN,REVIEW,REVIEW,PASS,PASS,PASS,PASS,- Tour ≤ 2 × MST ≤ 2 × OPT ✓
MATH-0705,8,Christofides Algorithm: 1.5-Approximation,chapters/08-Approximation-Algorithms.qmd,594,APPROXIMATION_RATIO,text_or_ascii,native_math,inline,NO,UNKNOWN,REVIEW,REVIEW,PASS,PASS,PASS,PASS,1. MST weight ≤ OPT (as before)
MATH-0706,8,Christofides Algorithm: 1.5-Approximation,chapters/08-Approximation-Algorithms.qmd,595,APPROXIMATION_RATIO,text_or_ascii,native_math,inline,NO,UNKNOWN,REVIEW,REVIEW,PASS,PASS,PASS,PASS,2. Matching weight ≤ OPT/2 (clever argument using optimal tour on odd vertices)
MATH-0707,8,Christofides Algorithm: 1.5-Approximation,chapters/08-Approximation-Algorithms.qmd,596,APPROXIMATION_RATIO,text_or_ascii,native_math,inline,NO,UNKNOWN,REVIEW,REVIEW,PASS,PASS,PASS,PASS,3. Eulerian tour = MST + matching ≤ 1.5 × OPT
MATH-0708,8,Christofides Algorithm: 1.5-Approximation,chapters/08-Approximation-Algorithms.qmd,597,APPROXIMATION_RATIO,text_or_ascii,native_math,inline,NO,UNKNOWN,REVIEW,REVIEW,PASS,PASS,PASS,PASS,"4. Shortcuts only improve, so final tour ≤ 1.5 × OPT ✓"
MATH-0709,8,Why ln(n) Approximation?,chapters/08-Approximation-Algorithms.qmd,669,INEQUALITY,text_or_ascii,native_math,inline,NO,UNKNOWN,REVIEW,REVIEW,PASS,PASS,PASS,PASS,- Some set must cover ≥ |uncovered|/k elements
MATH-0710,8,Why ln(n) Approximation?,chapters/08-Approximation-Algorithms.qmd,673,APPROXIMATION_RATIO,text_or_ascii,native_math,inline,NO,UNKNOWN,REVIEW,REVIEW,PASS,PASS,PASS,PASS,"- After t iterations, uncovered ≤ n × (1 - 1/OPT)^t"
MATH-0711,8,Why ln(n) Approximation?,chapters/08-Approximation-Algorithms.qmd,679,APPROXIMATION_RATIO,native_math,native_math,inline,NO,UNKNOWN,REVIEW,REVIEW,PASS,PASS,PASS,PASS,O(OPT × ln(n))
MATH-0712,8,MAX-CUT: A Simple Randomized Algorithm,chapters/08-Approximation-Algorithms.qmd,826,INEQUALITY,text_or_ascii,native_math,inline,NO,UNKNOWN,REVIEW,REVIEW,PASS,PASS,PASS,PASS,- Maximum possible cut ≤ |E|
MATH-0713,8,MAX-CUT: A Simple Randomized Algorithm,chapters/08-Approximation-Algorithms.qmd,827,PROBABILITY,text_or_ascii,native_math,inline,NO,UNKNOWN,REVIEW,REVIEW,PASS,PASS,PASS,PASS,- Therefore: expected cut ≥ 0.5 × MAX-CUT ✓
MATH-0714,8,The Integrality Gap,chapters/08-Approximation-Algorithms.qmd,1065,APPROXIMATION_RATIO,native_math,native_math,display,YES,UNKNOWN,PASS,PASS,PASS,PASS,PASS,PASS,\operatorname{gap}(I)=\frac{\operatorname{OPT}_{\mathrm{integer}}(I)} {\operatorname{OPT}_{\mathrm{fractional}}(I)}. $$ {#eq-integrality-gap}
MATH-0715,8,Example,chapters/08-Approximation-Algorithms.qmd,1160,INEQUALITY,text_or_ascii,native_math,inline,NO,UNKNOWN,REVIEW,REVIEW,PASS,PASS,PASS,PASS,2. **Error per item ≤ K**
MATH-0716,8,Example,chapters/08-Approximation-Algorithms.qmd,1161,INEQUALITY,text_or_ascii,native_math,inline,NO,UNKNOWN,REVIEW,REVIEW,PASS,PASS,PASS,PASS,3. **Total error ≤ n × K = ε × max_value**
MATH-0717,8,Example,chapters/08-Approximation-Algorithms.qmd,1162,APPROXIMATION_RATIO,text_or_ascii,native_math,inline,NO,UNKNOWN,REVIEW,REVIEW,PASS,PASS,PASS,PASS,4. **Approximation ratio ≤ (1 + ε)**
MATH-0718,8,Conceptual Understanding,chapters/08-Approximation-Algorithms.qmd,1471,ALGORITHM_FORMULA,text_or_ascii,native_math,inline,NO,UNKNOWN,REVIEW,REVIEW,PASS,PASS,PASS,PASS,b) Graph coloring (within n^(1-ε))
MATH-0719,8,Conceptual Understanding,chapters/08-Approximation-Algorithms.qmd,1472,ALGORITHM_FORMULA,text_or_ascii,native_math,inline,NO,UNKNOWN,REVIEW,REVIEW,PASS,PASS,PASS,PASS,c) Maximum independent set (within n^(1-ε))
MATH-0720,8,Decision Framework,chapters/08-Approximation-Algorithms.qmd,1593,APPROXIMATION_RATIO,text_or_ascii,native_math,inline,NO,UNKNOWN,REVIEW,REVIEW,PASS,PASS,PASS,PASS,- Need guarantee? → Approximation algorithm
MATH-0721,8,Decision Framework,chapters/08-Approximation-Algorithms.qmd,1594,OTHER,text_or_ascii,native_math,inline,NO,UNKNOWN,REVIEW,REVIEW,PASS,PASS,PASS,PASS,- Need speed? → Simple greedy
MATH-0722,8,Decision Framework,chapters/08-Approximation-Algorithms.qmd,1595,OTHER,text_or_ascii,native_math,inline,NO,UNKNOWN,REVIEW,REVIEW,PASS,PASS,PASS,PASS,- Need quality? → LP relaxation or PTAS
MATH-0723,8,Decision Framework,chapters/08-Approximation-Algorithms.qmd,1596,OTHER,text_or_ascii,native_math,inline,NO,UNKNOWN,REVIEW,REVIEW,PASS,PASS,PASS,PASS,- Instance-specific? → Heuristics
MATH-0724,9,The Two Sacred Rules of Flow,chapters/09-Advanced-Graph-Algorithms.qmd,57,FLOW_CONSTRAINT,text_or_ascii,native_math,inline,NO,UNKNOWN,REVIEW,REVIEW,PASS,PASS,PASS,PASS,"Formally: 0 ≤ f(u,v) ≤ c(u,v) for every edge."
MATH-0725,9,The Two Sacred Rules of Flow,chapters/09-Advanced-Graph-Algorithms.qmd,65,SUMMATION,text_or_ascii,native_math,inline,NO,UNKNOWN,REVIEW,REVIEW,PASS,PASS,PASS,PASS,Formally: Σ flow-in = Σ flow-out for every vertex except s and t.
MATH-0726,9,A Simple Example,chapters/09-Advanced-Graph-Algorithms.qmd,77,FLOW_CONSTRAINT,text_or_ascii,native_math,inline,NO,UNKNOWN,REVIEW,REVIEW,PASS,PASS,PASS,PASS,**Wrong!** Look at edge s→b. It only has capacity 5. So the bottom path can only carry 5 units.
MATH-0727,9,A Simple Example,chapters/09-Advanced-Graph-Algorithms.qmd,82,OTHER,text_or_ascii,native_math,inline,NO,UNKNOWN,REVIEW,REVIEW,PASS,PASS,PASS,PASS,- Send 10 units along s → a → t
MATH-0728,9,A Simple Example,chapters/09-Advanced-Graph-Algorithms.qmd,83,OTHER,text_or_ascii,native_math,inline,NO,UNKNOWN,REVIEW,REVIEW,PASS,PASS,PASS,PASS,- Send 5 units along s → b → t
MATH-0729,9,What's a Cut?,chapters/09-Advanced-Graph-Algorithms.qmd,121,FLOW_CONSTRAINT,text_or_ascii,native_math,inline,NO,UNKNOWN,REVIEW,REVIEW,PASS,PASS,PASS,PASS,"In this example, cutting between {s,a,b} and {t} means we cut edges a→t and b→t, giving us a cut capacity of 10 + 15 = 25."
MATH-0730,9,Let's Trace Through an Example Step by Step,chapters/09-Advanced-Graph-Algorithms.qmd,183,ALGORITHM_FORMULA,text_or_ascii,native_math,inline,NO,UNKNOWN,REVIEW,REVIEW,PASS,PASS,PASS,PASS,"**Round 1**: ""I'll try the path s → v1 → t"""
MATH-0731,9,Let's Trace Through an Example Step by Step,chapters/09-Advanced-Graph-Algorithms.qmd,187,FLOW_CONSTRAINT,text_or_ascii,native_math,inline,NO,UNKNOWN,REVIEW,REVIEW,PASS,PASS,PASS,PASS,"- Update: s→v1 now has flow 12, v1→t has flow 12"
MATH-0732,9,Let's Trace Through an Example Step by Step,chapters/09-Advanced-Graph-Algorithms.qmd,190,ALGORITHM_FORMULA,text_or_ascii,native_math,inline,NO,UNKNOWN,REVIEW,REVIEW,PASS,PASS,PASS,PASS,"**Round 2**: ""Hmm, can I find another path? Yes! s → v1 → v3 → v4 → t"""
MATH-0733,9,Let's Trace Through an Example Step by Step,chapters/09-Advanced-Graph-Algorithms.qmd,192,FLOW_CONSTRAINT,text_or_ascii,native_math,inline,NO,UNKNOWN,REVIEW,REVIEW,PASS,PASS,PASS,PASS,"- Wait, s→v1 already has flow 12 and capacity 16, so residual capacity is 4"
MATH-0734,9,Let's Trace Through an Example Step by Step,chapters/09-Advanced-Graph-Algorithms.qmd,197,ALGORITHM_FORMULA,text_or_ascii,native_math,inline,NO,UNKNOWN,REVIEW,REVIEW,PASS,PASS,PASS,PASS,"**Round 3**: ""Let me try s → v2 → v3 → v4 → t"""
MATH-0735,9,Let's Trace Through an Example Step by Step,chapters/09-Advanced-Graph-Algorithms.qmd,200,FLOW_CONSTRAINT,text_or_ascii,native_math,inline,NO,UNKNOWN,REVIEW,REVIEW,PASS,PASS,PASS,PASS,(Note: v3→v4 now has residual capacity 3 because we already pushed 4)
MATH-0736,9,Let's Trace Through an Example Step by Step,chapters/09-Advanced-Graph-Algorithms.qmd,204,ALGORITHM_FORMULA,text_or_ascii,native_math,inline,NO,UNKNOWN,REVIEW,REVIEW,PASS,PASS,PASS,PASS,"**Round 4**: ""What about s → v2 → v4 → t?"""
MATH-0737,9,Edmonds-Karp: Breadth-First Augmenting Paths,chapters/09-Advanced-Graph-Algorithms.qmd,229,NUMERICAL_FORMULA,native_math,native_math,inline,NO,UNKNOWN,REVIEW,REVIEW,PASS,PASS,PASS,PASS,O(VE^2)
MATH-0738,9,Edmonds-Karp: Breadth-First Augmenting Paths,chapters/09-Advanced-Graph-Algorithms.qmd,232,ASYMPTOTIC_BOUND,native_math,native_math,inline,NO,UNKNOWN,REVIEW,REVIEW,PASS,PASS,PASS,PASS,O(VE)
MATH-0739,9,Why BFS Makes All the Difference,chapters/09-Advanced-Graph-Algorithms.qmd,431,ASYMPTOTIC_BOUND,native_math,native_math,inline,NO,UNKNOWN,REVIEW,REVIEW,PASS,PASS,PASS,PASS,O(VE)
MATH-0740,9,A Completely Different Philosophy,chapters/09-Advanced-Graph-Algorithms.qmd,447,ASYMPTOTIC_BOUND,native_math,native_math,inline,NO,UNKNOWN,REVIEW,REVIEW,PASS,PASS,PASS,PASS,O(V^3)
MATH-0741,9,A Completely Different Philosophy,chapters/09-Advanced-Graph-Algorithms.qmd,447,NUMERICAL_FORMULA,native_math,native_math,inline,NO,UNKNOWN,REVIEW,REVIEW,PASS,PASS,PASS,PASS,O(VE^2)
MATH-0742,9,The Key Concepts,chapters/09-Advanced-Graph-Algorithms.qmd,455,FLOW_CONSTRAINT,text_or_ascii,native_math,inline,NO,UNKNOWN,REVIEW,REVIEW,PASS,PASS,PASS,PASS,"**Height function**: h(v) is an estimate of the distance from v to the sink. We maintain: h(s) = n, h(t) = 0, and h(u) ≤ h(v) + 1 for edges (u,v) with residual capacity."
MATH-0743,9,The Algorithm,chapters/09-Advanced-Graph-Algorithms.qmd,489,FLOW_CONSTRAINT,technical_block,native_math,display,NO,UNKNOWN,PASS,PASS,PASS,PASS,PASS,PASS,"δ = min(e(u), c_f(u,v)) # amount to push f(u,v) += δ e(u) -= δ e(v) += δ"
MATH-0744,9,Which Algorithm Should You Use?,chapters/09-Advanced-Graph-Algorithms.qmd,661,NUMERICAL_FORMULA,native_math,native_math,inline,NO,UNKNOWN,REVIEW,REVIEW,PASS,PASS,PASS,PASS,O(VE^2)
MATH-0745,9,Which Algorithm Should You Use?,chapters/09-Advanced-Graph-Algorithms.qmd,664,ASYMPTOTIC_BOUND,native_math,native_math,inline,NO,UNKNOWN,REVIEW,REVIEW,PASS,PASS,PASS,PASS,O(V^3)
MATH-0746,9,The Matching Problem,chapters/09-Advanced-Graph-Algorithms.qmd,683,OTHER,text_or_ascii,native_math,inline,NO,UNKNOWN,REVIEW,REVIEW,PASS,PASS,PASS,PASS,- Job candidates ↔ job positions
MATH-0747,9,The Matching Problem,chapters/09-Advanced-Graph-Algorithms.qmd,684,OTHER,text_or_ascii,native_math,inline,NO,UNKNOWN,REVIEW,REVIEW,PASS,PASS,PASS,PASS,- Students ↔ schools
MATH-0748,9,The Matching Problem,chapters/09-Advanced-Graph-Algorithms.qmd,685,OTHER,text_or_ascii,native_math,inline,NO,UNKNOWN,REVIEW,REVIEW,PASS,PASS,PASS,PASS,- Tasks ↔ workers
MATH-0749,9,The Matching Problem,chapters/09-Advanced-Graph-Algorithms.qmd,686,OTHER,text_or_ascii,native_math,inline,NO,UNKNOWN,REVIEW,REVIEW,PASS,PASS,PASS,PASS,- Organs ↔ transplant recipients
MATH-0750,9,Hall's Marriage Theorem,chapters/09-Advanced-Graph-Algorithms.qmd,825,INEQUALITY,text_or_ascii,native_math,inline,NO,UNKNOWN,REVIEW,REVIEW,PASS,PASS,PASS,PASS,"*For every subset S of left vertices, |N(S)| ≥ |S|*"
MATH-0751,9,Hall's Marriage Theorem,chapters/09-Advanced-Graph-Algorithms.qmd,832,OTHER,technical_block,native_math,display,NO,UNKNOWN,PASS,PASS,PASS,PASS,PASS,PASS,L1 --→ R1 L2 --→ R1 L3 --→ R2
MATH-0752,9,The Setup,chapters/09-Advanced-Graph-Algorithms.qmd,866,SUMMATION,native_math,native_math,display,YES,UNKNOWN,PASS,PASS,PASS,PASS,PASS,PASS,"\min \sum_{(u,v)\in E} a(u,v)\,f(u,v), $$ {#eq-min-cost-flow-objective}"
MATH-0753,9,The Setup,chapters/09-Advanced-Graph-Algorithms.qmd,870,OTHER,native_math,native_math,inline,NO,UNKNOWN,REVIEW,REVIEW,PASS,PASS,PASS,PASS,"a(u,v)"
MATH-0754,9,The Setup,chapters/09-Advanced-Graph-Algorithms.qmd,870,FLOW_CONSTRAINT,native_math,native_math,inline,NO,UNKNOWN,REVIEW,REVIEW,PASS,PASS,PASS,PASS,"f(u,v)"
MATH-0755,9,The Setup,chapters/09-Advanced-Graph-Algorithms.qmd,870,OTHER,native_math,native_math,inline,NO,UNKNOWN,REVIEW,REVIEW,PASS,PASS,PASS,PASS,"(u,v)"
MATH-0756,9,Summary and Key Takeaways,chapters/09-Advanced-Graph-Algorithms.qmd,1754,NUMERICAL_FORMULA,native_math,native_math,inline,NO,UNKNOWN,REVIEW,REVIEW,PASS,PASS,PASS,PASS,O(VE^2)
MATH-0757,9,Summary and Key Takeaways,chapters/09-Advanced-Graph-Algorithms.qmd,1754,ALGORITHM_FORMULA,text_or_ascii,native_math,inline,NO,UNKNOWN,REVIEW,REVIEW,PASS,PASS,PASS,PASS,2. **Edmonds-Karp**: Use BFS for paths → time
MATH-0758,9,Summary and Key Takeaways,chapters/09-Advanced-Graph-Algorithms.qmd,1755,ASYMPTOTIC_BOUND,native_math,native_math,inline,NO,UNKNOWN,REVIEW,REVIEW,PASS,PASS,PASS,PASS,O(V^3)
MATH-0759,9,Summary and Key Takeaways,chapters/09-Advanced-Graph-Algorithms.qmd,1755,ALGORITHM_FORMULA,text_or_ascii,native_math,inline,NO,UNKNOWN,REVIEW,REVIEW,PASS,PASS,PASS,PASS,"3. **Push-Relabel**: Local ""push excess downhill"" approach → time"
MATH-0760,9,Warm-Up Problems,chapters/09-Advanced-Graph-Algorithms.qmd,1795,ALGORITHM_FORMULA,text_or_ascii,native_math,inline,NO,UNKNOWN,REVIEW,REVIEW,PASS,PASS,PASS,PASS,2. **Residual Network**: Draw the residual network after pushing 5 units along s→a→t in the above network.
MATH-0761,9,Implementation Challenges,chapters/09-Advanced-Graph-Algorithms.qmd,1801,FLOW_CONSTRAINT,text_or_ascii,native_math,inline,NO,UNKNOWN,REVIEW,REVIEW,PASS,PASS,PASS,PASS,"4. **Scaling Edmonds-Karp**: Implement the capacity-scaling variant that only uses edges with residual capacity ≥ Δ, halving Δ each phase."
MATH-0762,9,Theoretical Questions,chapters/09-Advanced-Graph-Algorithms.qmd,1824,ASYMPTOTIC_BOUND,native_math,native_math,inline,NO,UNKNOWN,REVIEW,REVIEW,PASS,PASS,PASS,PASS,\Omega(E)
MATH-0763,10,Introduction: The Search for Patterns,chapters/10-String-Processing-Algorithms.qmd,27,ASYMPTOTIC_BOUND,native_math,native_math,inline,NO,UNKNOWN,REVIEW,REVIEW,PASS,PASS,PASS,PASS,O(nm)
MATH-0764,10,Introduction: The Search for Patterns,chapters/10-String-Processing-Algorithms.qmd,27,ASYMPTOTIC_BOUND,native_math,native_math,inline,NO,UNKNOWN,REVIEW,REVIEW,PASS,PASS,PASS,PASS,O(n+m)
MATH-0765,10,The Naive Approach,chapters/10-String-Processing-Algorithms.qmd,82,ASYMPTOTIC_BOUND,native_math,native_math,inline,NO,UNKNOWN,REVIEW,REVIEW,PASS,PASS,PASS,PASS,O(nm)
MATH-0766,10,The Naive Approach,chapters/10-String-Processing-Algorithms.qmd,84,ASYMPTOTIC_BOUND,native_math,native_math,inline,NO,UNKNOWN,REVIEW,REVIEW,PASS,PASS,PASS,PASS,O(m)
MATH-0767,10,Computing the Failure Function,chapters/10-String-Processing-Algorithms.qmd,214,ALGORITHM_FORMULA,technical_block,native_math,display,NO,UNKNOWN,PASS,PASS,PASS,PASS,PASS,PASS,"Initial: failure = [0, 0, 0, 0, 0, 0], length = 0, i = 1 i=1: pattern[1]='A' == pattern[0]='A' length = 1, failure[1] = 1 → failure = [0, 1, 0, 0, 0, 0] i=2: pattern[2]='B' != pattern[1]='A' length becomes 0 failure[2] = 0 → failure = [0, 1, 0, 0, 0, 0] i=3: pattern[3]='A' == pat"
MATH-0768,10,Computing the Failure Function,chapters/10-String-Processing-Algorithms.qmd,239,ASYMPTOTIC_BOUND,native_math,native_math,inline,NO,UNKNOWN,REVIEW,REVIEW,PASS,PASS,PASS,PASS,O(m)
MATH-0769,10,Complete KMP Example Trace,chapters/10-String-Processing-Algorithms.qmd,341,ASYMPTOTIC_BOUND,native_math,native_math,inline,NO,UNKNOWN,REVIEW,REVIEW,PASS,PASS,PASS,PASS,O(n + m)
MATH-0770,10,The Hashing Idea,chapters/10-String-Processing-Algorithms.qmd,536,OTHER,text_or_ascii,native_math,inline,NO,UNKNOWN,REVIEW,REVIEW,PASS,PASS,PASS,PASS,2. Compute hash values for all substrings of text
MATH-0771,10,The Hashing Idea,chapters/10-String-Processing-Algorithms.qmd,541,ASYMPTOTIC_BOUND,native_math,native_math,inline,NO,UNKNOWN,REVIEW,REVIEW,PASS,PASS,PASS,PASS,O(1)
MATH-0772,10,Rolling Hash Function,chapters/10-String-Processing-Algorithms.qmd,545,ASYMPTOTIC_BOUND,native_math,native_math,inline,NO,UNKNOWN,REVIEW,REVIEW,PASS,PASS,PASS,PASS,O(1)
MATH-0773,10,Rolling Hash Function,chapters/10-String-Processing-Algorithms.qmd,549,ALGORITHM_FORMULA,technical_block,native_math,display,NO,UNKNOWN,PASS,PASS,PASS,PASS,PASS,PASS,"For string ""ABC"" with A=1, B=2, C=3, base d=10: hash(""ABC"") = 1×10² + 2×10¹ + 3×10⁰ = 123 For string ""BCD"" with B=2, C=3, D=4: hash(""BCD"") = 2×10² + 3×10¹ + 4×10⁰ = 234"
MATH-0774,10,Rolling Hash Function,chapters/10-String-Processing-Algorithms.qmd,558,ALGORITHM_FORMULA,technical_block,native_math,display,NO,UNKNOWN,PASS,PASS,PASS,PASS,PASS,PASS,"If we know hash(""ABC"") = 123, we can compute hash(""BCD""): 1. Subtract contribution of 'A': 123 - 1×10² = 23 2. Shift left (multiply by base): 23 × 10 = 230 3. Add new character 'D': 230 + 4 = 234"
MATH-0775,10,Rolling Hash Function,chapters/10-String-Processing-Algorithms.qmd,568,ALGORITHM_FORMULA,native_math,native_math,display,NO,UNKNOWN,PASS,PASS,PASS,PASS,PASS,PASS,H(s_{1:m})=\left(H(s_{0:m-1})-s_0d^{m-1}\right)d+s_m.
MATH-0776,10,Dealing with Large Numbers,chapters/10-String-Processing-Algorithms.qmd,576,SUMMATION,native_math,native_math,display,YES,UNKNOWN,PASS,PASS,PASS,PASS,PASS,PASS,H(s)=\left(\sum_{i=0}^{m-1}s_i d^{m-1-i}\right)\bmod q. $$ {#eq-rabin-karp-hash}
MATH-0777,10,Dealing with Large Numbers,chapters/10-String-Processing-Algorithms.qmd,580,OTHER,native_math,native_math,inline,NO,UNKNOWN,REVIEW,REVIEW,PASS,PASS,PASS,PASS,d
MATH-0778,10,Dealing with Large Numbers,chapters/10-String-Processing-Algorithms.qmd,580,OTHER,native_math,native_math,inline,NO,UNKNOWN,REVIEW,REVIEW,PASS,PASS,PASS,PASS,m
MATH-0779,10,Dealing with Large Numbers,chapters/10-String-Processing-Algorithms.qmd,580,OTHER,native_math,native_math,inline,NO,UNKNOWN,REVIEW,REVIEW,PASS,PASS,PASS,PASS,q
MATH-0780,10,When to Use Rabin-Karp,chapters/10-String-Processing-Algorithms.qmd,830,ASYMPTOTIC_BOUND,native_math,native_math,inline,NO,UNKNOWN,REVIEW,REVIEW,PASS,PASS,PASS,PASS,O(nm)
MATH-0781,10,The Suffix Array,chapters/10-String-Processing-Algorithms.qmd,867,ASYMPTOTIC_BOUND,native_math,native_math,inline,NO,UNKNOWN,REVIEW,REVIEW,PASS,PASS,PASS,PASS,O(m log n)
MATH-0782,10,Building a Suffix Array (Naive),chapters/10-String-Processing-Algorithms.qmd,896,ASYMPTOTIC_BOUND,native_math,native_math,inline,NO,UNKNOWN,REVIEW,REVIEW,PASS,PASS,PASS,PASS,O(n)
MATH-0783,10,Building a Suffix Array (Naive),chapters/10-String-Processing-Algorithms.qmd,896,ASYMPTOTIC_BOUND,native_math,native_math,inline,NO,UNKNOWN,REVIEW,REVIEW,PASS,PASS,PASS,PASS,O(n^2 log n)
MATH-0784,10,Building a Suffix Array Efficiently,chapters/10-String-Processing-Algorithms.qmd,900,ASYMPTOTIC_BOUND,native_math,native_math,inline,NO,UNKNOWN,REVIEW,REVIEW,PASS,PASS,PASS,PASS,O(n log n)
MATH-0785,10,Building a Suffix Array Efficiently,chapters/10-String-Processing-Algorithms.qmd,900,ASYMPTOTIC_BOUND,native_math,native_math,inline,NO,UNKNOWN,REVIEW,REVIEW,PASS,PASS,PASS,PASS,O(n)
MATH-0786,10,What's a Suffix Tree?,chapters/10-String-Processing-Algorithms.qmd,1192,ASYMPTOTIC_BOUND,native_math,native_math,inline,NO,UNKNOWN,REVIEW,REVIEW,PASS,PASS,PASS,PASS,O(n)
MATH-0787,10,What's a Suffix Tree?,chapters/10-String-Processing-Algorithms.qmd,1193,ASYMPTOTIC_BOUND,native_math,native_math,inline,NO,UNKNOWN,REVIEW,REVIEW,PASS,PASS,PASS,PASS,O(m)
MATH-0788,10,When to Use Suffix Trees vs Arrays,chapters/10-String-Processing-Algorithms.qmd,1212,ASYMPTOTIC_BOUND,native_math,native_math,inline,NO,UNKNOWN,REVIEW,REVIEW,PASS,PASS,PASS,PASS,O(m)
MATH-0789,10,When to Use Suffix Trees vs Arrays,chapters/10-String-Processing-Algorithms.qmd,1214,ASYMPTOTIC_BOUND,native_math,native_math,inline,NO,UNKNOWN,REVIEW,REVIEW,PASS,PASS,PASS,PASS,O(n)
MATH-0790,10,When to Use Suffix Trees vs Arrays,chapters/10-String-Processing-Algorithms.qmd,1221,ASYMPTOTIC_BOUND,native_math,native_math,inline,NO,UNKNOWN,REVIEW,REVIEW,PASS,PASS,PASS,PASS,O(m log n)
MATH-0791,10,Summary and Key Takeaways,chapters/10-String-Processing-Algorithms.qmd,2003,ASYMPTOTIC_BOUND,native_math,native_math,inline,NO,UNKNOWN,REVIEW,REVIEW,PASS,PASS,PASS,PASS,O(nm)
MATH-0792,10,Summary and Key Takeaways,chapters/10-String-Processing-Algorithms.qmd,2004,ASYMPTOTIC_BOUND,native_math,native_math,inline,NO,UNKNOWN,REVIEW,REVIEW,PASS,PASS,PASS,PASS,O(n+m)
MATH-0793,10,Summary and Key Takeaways,chapters/10-String-Processing-Algorithms.qmd,2005,ASYMPTOTIC_BOUND,native_math,native_math,inline,NO,UNKNOWN,REVIEW,REVIEW,PASS,PASS,PASS,PASS,O(n+m)
MATH-0794,10,Summary and Key Takeaways,chapters/10-String-Processing-Algorithms.qmd,2006,ASYMPTOTIC_BOUND,native_math,native_math,inline,NO,UNKNOWN,REVIEW,REVIEW,PASS,PASS,PASS,PASS,O(n log n)
MATH-0795,10,Summary and Key Takeaways,chapters/10-String-Processing-Algorithms.qmd,2006,ASYMPTOTIC_BOUND,native_math,native_math,inline,NO,UNKNOWN,REVIEW,REVIEW,PASS,PASS,PASS,PASS,O(m log n)
MATH-0796,10,Implementation Challenges,chapters/10-String-Processing-Algorithms.qmd,2045,ASYMPTOTIC_BOUND,native_math,native_math,inline,NO,UNKNOWN,REVIEW,REVIEW,PASS,PASS,PASS,PASS,O(n + m + z)
MATH-0797,10,Advanced Topics,chapters/10-String-Processing-Algorithms.qmd,2064,ASYMPTOTIC_BOUND,native_math,native_math,inline,NO,UNKNOWN,REVIEW,REVIEW,PASS,PASS,PASS,PASS,O(1)
MATH-0798,10,Research Extensions,chapters/10-String-Processing-Algorithms.qmd,2070,INEQUALITY,text_or_ascii,native_math,inline,NO,UNKNOWN,REVIEW,REVIEW,PASS,PASS,PASS,PASS,13. **Approximate Matching**: Implement an algorithm for finding patterns with edit distance ≤ k.
MATH-0799,11,Introduction: The Algorithm That Changed Everything,chapters/11-Numerical-Algorithms.qmd,22,ASYMPTOTIC_BOUND,native_math,native_math,inline,NO,UNKNOWN,REVIEW,REVIEW,PASS,PASS,PASS,PASS,O(n log n)
MATH-0800,11,Introduction: The Algorithm That Changed Everything,chapters/11-Numerical-Algorithms.qmd,22,ASYMPTOTIC_BOUND,native_math,native_math,inline,NO,UNKNOWN,REVIEW,REVIEW,PASS,PASS,PASS,PASS,O(n^2)
MATH-0801,11,The Mathematical Foundation,chapters/11-Numerical-Algorithms.qmd,62,OTHER,native_math,native_math,inline,NO,UNKNOWN,REVIEW,REVIEW,PASS,PASS,PASS,PASS,N
MATH-0802,11,The Mathematical Foundation,chapters/11-Numerical-Algorithms.qmd,62,OTHER,native_math,native_math,inline,NO,UNKNOWN,REVIEW,REVIEW,PASS,PASS,PASS,PASS,"x_0,x_1,\ldots,x_{N-1}"
MATH-0803,11,The Mathematical Foundation,chapters/11-Numerical-Algorithms.qmd,64,SUMMATION,native_math,native_math,display,YES,UNKNOWN,PASS,PASS,PASS,PASS,PASS,PASS,"X_k=\sum_{n=0}^{N-1}x_n e^{-2\pi i kn/N}, \qquad k=0,1,\ldots,N-1. $$ {#eq-discrete-fourier-transform}"
MATH-0804,11,The Mathematical Foundation,chapters/11-Numerical-Algorithms.qmd,69,OTHER,native_math,native_math,inline,NO,UNKNOWN,REVIEW,REVIEW,PASS,PASS,PASS,PASS,X_k
MATH-0805,11,The Mathematical Foundation,chapters/11-Numerical-Algorithms.qmd,69,OTHER,native_math,native_math,inline,NO,UNKNOWN,REVIEW,REVIEW,PASS,PASS,PASS,PASS,k
MATH-0806,11,The Mathematical Foundation,chapters/11-Numerical-Algorithms.qmd,69,OTHER,native_math,native_math,inline,NO,UNKNOWN,REVIEW,REVIEW,PASS,PASS,PASS,PASS,x_n
MATH-0807,11,The Mathematical Foundation,chapters/11-Numerical-Algorithms.qmd,69,OTHER,native_math,native_math,inline,NO,UNKNOWN,REVIEW,REVIEW,PASS,PASS,PASS,PASS,n
MATH-0808,11,The Mathematical Foundation,chapters/11-Numerical-Algorithms.qmd,69,NUMERICAL_FORMULA,native_math,native_math,inline,NO,UNKNOWN,REVIEW,REVIEW,PASS,PASS,PASS,PASS,e^{-2\pi i kn/N}
MATH-0809,11,The Mathematical Foundation,chapters/11-Numerical-Algorithms.qmd,73,NUMERICAL_FORMULA,native_math,native_math,inline,NO,UNKNOWN,REVIEW,REVIEW,PASS,PASS,PASS,PASS,e^{i\theta}=\cos\theta+i\sin\theta
MATH-0810,11,The Mathematical Foundation,chapters/11-Numerical-Algorithms.qmd,73,OTHER,native_math,native_math,inline,NO,UNKNOWN,REVIEW,REVIEW,PASS,PASS,PASS,PASS,k
MATH-0811,11,The Naive DFT: $O(N^2)$,chapters/11-Numerical-Algorithms.qmd,75,ASYMPTOTIC_BOUND,native_math,native_math,inline,NO,UNKNOWN,REVIEW,REVIEW,PASS,PASS,PASS,PASS,O(N^2)
MATH-0812,11,The Recursive Algorithm,chapters/11-Numerical-Algorithms.qmd,136,ASYMPTOTIC_BOUND,native_math,native_math,display,NO,UNKNOWN,PASS,PASS,PASS,PASS,PASS,PASS,T(N)=2T\!\left(\frac N2\right)+O(N)=O(N\log N)
MATH-0813,11,The Recursive Algorithm,chapters/11-Numerical-Algorithms.qmd,143,APPROXIMATION_RATIO,text_or_ascii,native_math,inline,NO,UNKNOWN,REVIEW,REVIEW,PASS,PASS,PASS,PASS,"- Naive: 1,000,000² = 1,000,000,000,000 operations"
MATH-0814,11,The Recursive Algorithm,chapters/11-Numerical-Algorithms.qmd,144,APPROXIMATION_RATIO,text_or_ascii,native_math,inline,NO,UNKNOWN,REVIEW,REVIEW,PASS,PASS,PASS,PASS,"- FFT: 1,000,000 × log₂(1,000,000) ≈ 20,000,000 operations"
MATH-0815,11,Iterative FFT (Cooley-Tukey),chapters/11-Numerical-Algorithms.qmd,231,ASYMPTOTIC_BOUND,native_math,native_math,inline,NO,UNKNOWN,REVIEW,REVIEW,PASS,PASS,PASS,PASS,O(N log N)
MATH-0816,11,Iterative FFT (Cooley-Tukey),chapters/11-Numerical-Algorithms.qmd,231,ASYMPTOTIC_BOUND,native_math,native_math,inline,NO,UNKNOWN,REVIEW,REVIEW,PASS,PASS,PASS,PASS,O(N)
MATH-0817,11,The Problem,chapters/11-Numerical-Algorithms.qmd,550,SUMMATION,native_math,native_math,display,NO,UNKNOWN,PASS,PASS,PASS,PASS,PASS,PASS,"A(x)=\sum_{i=0}^{n}a_i x^i, \qquad B(x)=\sum_{j=0}^{m}b_j x^j."
MATH-0818,11,The Problem,chapters/11-Numerical-Algorithms.qmd,577,ALGORITHM_FORMULA,native_math,native_math,inline,NO,UNKNOWN,REVIEW,REVIEW,PASS,PASS,PASS,PASS,A(x)=1+2x+3x^2
MATH-0819,11,The Problem,chapters/11-Numerical-Algorithms.qmd,577,ALGORITHM_FORMULA,native_math,native_math,inline,NO,UNKNOWN,REVIEW,REVIEW,PASS,PASS,PASS,PASS,B(x)=4+5x+6x^2
MATH-0820,11,The Problem,chapters/11-Numerical-Algorithms.qmd,579,ALGORITHM_FORMULA,native_math,native_math,display,NO,UNKNOWN,PASS,PASS,PASS,PASS,PASS,PASS,C(x)=A(x)B(x)=4+13x+28x^2+27x^3+18x^4.
MATH-0821,11,The Problem,chapters/11-Numerical-Algorithms.qmd,583,OTHER,native_math,native_math,inline,NO,UNKNOWN,REVIEW,REVIEW,PASS,PASS,PASS,PASS,"[4,13,28,27,18]"
MATH-0822,11,The FFT Trick,chapters/11-Numerical-Algorithms.qmd,595,NUMERICAL_FORMULA,native_math,native_math,display,YES,UNKNOWN,PASS,PASS,PASS,PASS,PASS,PASS,"\operatorname{FFT}(A*B) =\operatorname{FFT}(A)\odot\operatorname{FFT}(B), $$ {#eq-convolution-theorem}"
MATH-0823,11,The FFT Trick,chapters/11-Numerical-Algorithms.qmd,600,ALGORITHM_FORMULA,native_math,native_math,inline,NO,UNKNOWN,REVIEW,REVIEW,PASS,PASS,PASS,PASS,*
MATH-0824,11,The FFT Trick,chapters/11-Numerical-Algorithms.qmd,600,OTHER,native_math,native_math,inline,NO,UNKNOWN,REVIEW,REVIEW,PASS,PASS,PASS,PASS,\odot
MATH-0825,11,The FFT Trick,chapters/11-Numerical-Algorithms.qmd,603,ASYMPTOTIC_BOUND,native_math,native_math,inline,NO,UNKNOWN,REVIEW,REVIEW,PASS,PASS,PASS,PASS,O(n^2)
MATH-0826,11,The FFT Trick,chapters/11-Numerical-Algorithms.qmd,604,ASYMPTOTIC_BOUND,native_math,native_math,inline,NO,UNKNOWN,REVIEW,REVIEW,PASS,PASS,PASS,PASS,O(n log n)
MATH-0827,11,Application: Big Integer Multiplication,chapters/11-Numerical-Algorithms.qmd,709,ASYMPTOTIC_BOUND,native_math,native_math,inline,NO,UNKNOWN,REVIEW,REVIEW,PASS,PASS,PASS,PASS,O(n log n)
MATH-0828,11,Matrix Multiplication: The Naive Way,chapters/11-Numerical-Algorithms.qmd,809,ASYMPTOTIC_BOUND,native_math,native_math,inline,NO,UNKNOWN,REVIEW,REVIEW,PASS,PASS,PASS,PASS,O(n^3)
MATH-0829,11,Strassen's Algorithm: $O(n^2.807)$,chapters/11-Numerical-Algorithms.qmd,815,ASYMPTOTIC_BOUND,native_math,native_math,inline,NO,UNKNOWN,REVIEW,REVIEW,PASS,PASS,PASS,PASS,O(n^2.807)
MATH-0830,11,Strassen's Algorithm: $O(n^2.807)$,chapters/11-Numerical-Algorithms.qmd,821,MATRIX,native_math,native_math,display,NO,UNKNOWN,PASS,PASS,PASS,PASS,PASS,PASS,\begin{bmatrix}a&b\\c&d\end{bmatrix} \begin{bmatrix}e&f\\g&h\end{bmatrix} = \begin{bmatrix}ae+bg&af+bh\\ce+dg&cf+dh\end{bmatrix}.
MATH-0831,11,Strassen's Algorithm: $O(n^2.807)$,chapters/11-Numerical-Algorithms.qmd,830,ALGORITHM_FORMULA,native_math,native_math,display,NO,UNKNOWN,PASS,PASS,PASS,PASS,PASS,PASS,"\begin{aligned} M_1&=(a+d)(e+h), & M_2&=(c+d)e,\\ M_3&=a(f-h), & M_4&=d(g-e),\\ M_5&=(a+b)h, & M_6&=(c-a)(e+f),\\ M_7&=(b-d)(g+h), \end{aligned}"
MATH-0832,11,Strassen's Algorithm: $O(n^2.807)$,chapters/11-Numerical-Algorithms.qmd,841,ALGORITHM_FORMULA,native_math,native_math,display,NO,UNKNOWN,PASS,PASS,PASS,PASS,PASS,PASS,"\begin{aligned} C_{11}&=M_1+M_4-M_5+M_7, & C_{12}&=M_3+M_5,\\ C_{21}&=M_2+M_4, & C_{22}&=M_1-M_2+M_3+M_6. \end{aligned}"
MATH-0833,11,Strassen's Algorithm: $O(n^2.807)$,chapters/11-Numerical-Algorithms.qmd,848,ASYMPTOTIC_BOUND,native_math,native_math,inline,NO,UNKNOWN,REVIEW,REVIEW,PASS,PASS,PASS,PASS,O(n^{\log_2 7})\approx O(n^{2.807})
MATH-0834,11,Summary and Key Takeaways,chapters/11-Numerical-Algorithms.qmd,2430,ASYMPTOTIC_BOUND,native_math,native_math,inline,NO,UNKNOWN,REVIEW,REVIEW,PASS,PASS,PASS,PASS,O(n log n)
MATH-0835,11,Summary and Key Takeaways,chapters/11-Numerical-Algorithms.qmd,2431,ASYMPTOTIC_BOUND,native_math,native_math,inline,NO,UNKNOWN,REVIEW,REVIEW,PASS,PASS,PASS,PASS,O(n log n)
MATH-0836,11,Conceptual Understanding,chapters/11-Numerical-Algorithms.qmd,2457,ASYMPTOTIC_BOUND,native_math,native_math,inline,NO,UNKNOWN,REVIEW,REVIEW,PASS,PASS,PASS,PASS,O(n log n)
MATH-0837,11,Further Reading,chapters/11-Numerical-Algorithms.qmd,2509,ASYMPTOTIC_BOUND,native_math,native_math,inline,NO,UNKNOWN,REVIEW,REVIEW,PASS,PASS,PASS,PASS,O(log n)
MATH-0838,12,Introduction: Beyond the Basics,chapters/12-Advanced-Data-Structures.qmd,13,ASYMPTOTIC_BOUND,native_math,native_math,inline,NO,UNKNOWN,REVIEW,REVIEW,PASS,PASS,PASS,PASS,O(log n)
MATH-0839,12,The Problem,chapters/12-Advanced-Data-Structures.qmd,47,ASYMPTOTIC_BOUND,native_math,native_math,inline,NO,UNKNOWN,REVIEW,REVIEW,PASS,PASS,PASS,PASS,O(n)
MATH-0840,12,The Problem,chapters/12-Advanced-Data-Structures.qmd,48,ASYMPTOTIC_BOUND,native_math,native_math,inline,NO,UNKNOWN,REVIEW,REVIEW,PASS,PASS,PASS,PASS,O(1)
MATH-0841,12,The Problem,chapters/12-Advanced-Data-Structures.qmd,52,ASYMPTOTIC_BOUND,native_math,native_math,inline,NO,UNKNOWN,REVIEW,REVIEW,PASS,PASS,PASS,PASS,O(1)
MATH-0842,12,The Problem,chapters/12-Advanced-Data-Structures.qmd,52,ASYMPTOTIC_BOUND,native_math,native_math,inline,NO,UNKNOWN,REVIEW,REVIEW,PASS,PASS,PASS,PASS,O(n)
MATH-0843,12,The Problem,chapters/12-Advanced-Data-Structures.qmd,54,ASYMPTOTIC_BOUND,native_math,native_math,inline,NO,UNKNOWN,REVIEW,REVIEW,PASS,PASS,PASS,PASS,O(log n)
MATH-0844,12,The Segment Tree Idea,chapters/12-Advanced-Data-Structures.qmd,65,OTHER,native_math,native_math,inline,NO,UNKNOWN,REVIEW,REVIEW,PASS,PASS,PASS,PASS,"[L,R]"
MATH-0845,12,The Segment Tree Idea,chapters/12-Advanced-Data-Structures.qmd,65,ASYMPTOTIC_BOUND,native_math,native_math,inline,NO,UNKNOWN,REVIEW,REVIEW,PASS,PASS,PASS,PASS,O(\log n)
MATH-0846,12,The Segment Tree Idea,chapters/12-Advanced-Data-Structures.qmd,65,OTHER,native_math,native_math,inline,NO,UNKNOWN,REVIEW,REVIEW,PASS,PASS,PASS,PASS,\circ
MATH-0847,12,The Segment Tree Idea,chapters/12-Advanced-Data-Structures.qmd,67,ALGORITHM_FORMULA,native_math,native_math,display,NO,UNKNOWN,PASS,PASS,PASS,PASS,PASS,PASS,"A_L\circ A_{L+1}\circ\cdots\circ A_R,"
MATH-0848,12,Lazy Propagation: Range Updates,chapters/12-Advanced-Data-Structures.qmd,271,ASYMPTOTIC_BOUND,native_math,native_math,inline,NO,UNKNOWN,REVIEW,REVIEW,PASS,PASS,PASS,PASS,O(n log n)
MATH-0849,12,Lazy Propagation: Range Updates,chapters/12-Advanced-Data-Structures.qmd,271,OTHER,text_or_ascii,native_math,inline,NO,UNKNOWN,REVIEW,REVIEW,PASS,PASS,PASS,PASS,Naive approach: Update each element individually →
MATH-0850,12,Lazy Propagation: Range Updates,chapters/12-Advanced-Data-Structures.qmd,273,ASYMPTOTIC_BOUND,native_math,native_math,inline,NO,UNKNOWN,REVIEW,REVIEW,PASS,PASS,PASS,PASS,O(log n)
MATH-0851,12,Lazy Propagation: Range Updates,chapters/12-Advanced-Data-Structures.qmd,273,ALGORITHM_FORMULA,text_or_ascii,native_math,inline,NO,UNKNOWN,REVIEW,REVIEW,PASS,PASS,PASS,PASS,**Lazy propagation**: Defer updates until necessary → !
MATH-0852,12,The Inspiration,chapters/12-Advanced-Data-Structures.qmd,516,ASYMPTOTIC_BOUND,native_math,native_math,inline,NO,UNKNOWN,REVIEW,REVIEW,PASS,PASS,PASS,PASS,O(log n)
MATH-0853,12,The Brilliant Idea,chapters/12-Advanced-Data-Structures.qmd,537,ALGORITHM_FORMULA,native_math,native_math,inline,NO,UNKNOWN,REVIEW,REVIEW,PASS,PASS,PASS,PASS,\operatorname{lowbit}(i)=i\mathbin{\&}(-i)
MATH-0854,12,The Brilliant Idea,chapters/12-Advanced-Data-Structures.qmd,539,SUMMATION,native_math,native_math,display,YES,UNKNOWN,PASS,PASS,PASS,PASS,PASS,PASS,\operatorname{BIT}[i] =\sum_{j=i-\operatorname{lowbit}(i)+1}^{i}A[j]. $$ {#eq-fenwick-invariant}
MATH-0855,12,The Brilliant Idea,chapters/12-Advanced-Data-Structures.qmd,544,ALGORITHM_FORMULA,native_math,native_math,inline,NO,UNKNOWN,REVIEW,REVIEW,PASS,PASS,PASS,PASS,\operatorname{lowbit}(i)=2^k
MATH-0856,12,The Brilliant Idea,chapters/12-Advanced-Data-Structures.qmd,544,OTHER,native_math,native_math,inline,NO,UNKNOWN,REVIEW,REVIEW,PASS,PASS,PASS,PASS,i
MATH-0857,12,The Brilliant Idea,chapters/12-Advanced-Data-Structures.qmd,544,OTHER,native_math,native_math,inline,NO,UNKNOWN,REVIEW,REVIEW,PASS,PASS,PASS,PASS,k
MATH-0858,12,The Problem,chapters/12-Advanced-Data-Structures.qmd,991,ASYMPTOTIC_BOUND,native_math,native_math,inline,NO,UNKNOWN,REVIEW,REVIEW,PASS,PASS,PASS,PASS,O(n)
MATH-0859,12,The Problem,chapters/12-Advanced-Data-Structures.qmd,991,ALGORITHM_FORMULA,text_or_ascii,native_math,inline,NO,UNKNOWN,REVIEW,REVIEW,PASS,PASS,PASS,PASS,**Naive approach**: Copy entire data structure for each version → space per version!
MATH-0860,12,The Problem,chapters/12-Advanced-Data-Structures.qmd,993,ASYMPTOTIC_BOUND,native_math,native_math,inline,NO,UNKNOWN,REVIEW,REVIEW,PASS,PASS,PASS,PASS,O(1)
MATH-0861,12,The Problem,chapters/12-Advanced-Data-Structures.qmd,993,ASYMPTOTIC_BOUND,native_math,native_math,inline,NO,UNKNOWN,REVIEW,REVIEW,PASS,PASS,PASS,PASS,O(log n)
MATH-0862,12,The Problem,chapters/12-Advanced-Data-Structures.qmd,993,ALGORITHM_FORMULA,text_or_ascii,native_math,inline,NO,UNKNOWN,REVIEW,REVIEW,PASS,PASS,PASS,PASS,**Persistent data structures**: Share common parts between versions → or space per version!
MATH-0863,12,The Problem,chapters/12-Advanced-Data-Structures.qmd,1426,ASYMPTOTIC_BOUND,native_math,native_math,inline,NO,UNKNOWN,REVIEW,REVIEW,PASS,PASS,PASS,PASS,O(n)
MATH-0864,12,The Problem,chapters/12-Advanced-Data-Structures.qmd,1426,ALGORITHM_FORMULA,text_or_ascii,native_math,inline,NO,UNKNOWN,REVIEW,REVIEW,PASS,PASS,PASS,PASS,"**Naive**: Store array → 125 MB, but rank/select are slow ()"
MATH-0865,12,The Problem,chapters/12-Advanced-Data-Structures.qmd,1428,ASYMPTOTIC_BOUND,native_math,native_math,inline,NO,UNKNOWN,REVIEW,REVIEW,PASS,PASS,PASS,PASS,O(1)
MATH-0866,12,Wavelet Tree,chapters/12-Advanced-Data-Structures.qmd,1608,ASYMPTOTIC_BOUND,native_math,native_math,inline,NO,UNKNOWN,REVIEW,REVIEW,PASS,PASS,PASS,PASS,O(log σ)
MATH-0867,12,The Cache Problem,chapters/12-Advanced-Data-Structures.qmd,1861,ALGORITHM_FORMULA,text_or_ascii,native_math,inline,NO,UNKNOWN,REVIEW,REVIEW,PASS,PASS,PASS,PASS,**Traditional approach**: Tune algorithms for specific cache size → doesn't work across different machines!
MATH-0868,12,Summary and Key Takeaways,chapters/12-Advanced-Data-Structures.qmd,2458,ASYMPTOTIC_BOUND,native_math,native_math,inline,NO,UNKNOWN,REVIEW,REVIEW,PASS,PASS,PASS,PASS,O(log n)
MATH-0869,12,Summary and Key Takeaways,chapters/12-Advanced-Data-Structures.qmd,2460,ASYMPTOTIC_BOUND,native_math,native_math,inline,NO,UNKNOWN,REVIEW,REVIEW,PASS,PASS,PASS,PASS,O(log n)
MATH-0870,12,Summary and Key Takeaways,chapters/12-Advanced-Data-Structures.qmd,2461,ASYMPTOTIC_BOUND,native_math,native_math,inline,NO,UNKNOWN,REVIEW,REVIEW,PASS,PASS,PASS,PASS,O(1)
MATH-0871,12,Summary and Key Takeaways,chapters/12-Advanced-Data-Structures.qmd,2461,ASYMPTOTIC_BOUND,native_math,native_math,inline,NO,UNKNOWN,REVIEW,REVIEW,PASS,PASS,PASS,PASS,O(log σ)
MATH-0872,12,Summary and Key Takeaways,chapters/12-Advanced-Data-Structures.qmd,2462,ALGORITHM_FORMULA,text_or_ascii,native_math,inline,NO,UNKNOWN,REVIEW,REVIEW,PASS,PASS,PASS,PASS,5. **Cache-Oblivious**: Automatically efficient for all cache sizes
MATH-0873,12,Understanding,chapters/12-Advanced-Data-Structures.qmd,2488,ASYMPTOTIC_BOUND,native_math,native_math,inline,NO,UNKNOWN,REVIEW,REVIEW,PASS,PASS,PASS,PASS,O(n)
MATH-0874,12,Understanding,chapters/12-Advanced-Data-Structures.qmd,2488,ASYMPTOTIC_BOUND,native_math,native_math,inline,NO,UNKNOWN,REVIEW,REVIEW,PASS,PASS,PASS,PASS,O(4n)
MATH-0875,12,Implementation,chapters/12-Advanced-Data-Structures.qmd,2498,ASYMPTOTIC_BOUND,native_math,native_math,inline,NO,UNKNOWN,REVIEW,REVIEW,PASS,PASS,PASS,PASS,O(1)
MATH-0876,12,Applications,chapters/12-Advanced-Data-Structures.qmd,2504,ASYMPTOTIC_BOUND,native_math,native_math,inline,NO,UNKNOWN,REVIEW,REVIEW,PASS,PASS,PASS,PASS,O(n log n)
MATH-0877,12,Advanced,chapters/12-Advanced-Data-Structures.qmd,2514,ASYMPTOTIC_BOUND,native_math,native_math,inline,NO,UNKNOWN,REVIEW,REVIEW,PASS,PASS,PASS,PASS,O(log n + k)
MATH-0878,13,Beyond Worst-Case Analysis: Algorithms for the Real World,chapters/13-Research-Industry-Applications.qmd,23,ASYMPTOTIC_BOUND,native_math,native_math,inline,NO,UNKNOWN,REVIEW,REVIEW,PASS,PASS,PASS,PASS,O(n^2)
MATH-0879,13,**Fine-Grained Complexity**,chapters/13-Research-Industry-Applications.qmd,116,ASYMPTOTIC_BOUND,native_math,native_math,inline,NO,UNKNOWN,REVIEW,REVIEW,PASS,PASS,PASS,PASS,O(n^2)
MATH-0880,13,**Fine-Grained Complexity**,chapters/13-Research-Industry-Applications.qmd,121,ASYMPTOTIC_BOUND,native_math,native_math,inline,NO,UNKNOWN,REVIEW,REVIEW,PASS,PASS,PASS,PASS,\Omega(n^2)
MATH-0881,13,**Fine-Grained Complexity**,chapters/13-Research-Industry-Applications.qmd,122,ASYMPTOTIC_BOUND,native_math,native_math,inline,NO,UNKNOWN,REVIEW,REVIEW,PASS,PASS,PASS,PASS,\Omega(n^2)
MATH-0882,13,**Shor's Algorithm and Public-Key Cryptography**,chapters/13-Research-Industry-Applications.qmd,142,ALGORITHM_FORMULA,text_or_ascii,native_math,inline,NO,UNKNOWN,REVIEW,REVIEW,PASS,PASS,PASS,PASS,1. Factoring N reduces to finding the period of a function f(x) = a^x mod N
MATH-0883,13,**Grover's Algorithm: Quantum Search**,chapters/13-Research-Industry-Applications.qmd,150,ASYMPTOTIC_BOUND,native_math,native_math,inline,NO,UNKNOWN,REVIEW,REVIEW,PASS,PASS,PASS,PASS,O(\sqrt N)
MATH-0884,13,**Grover's Algorithm: Quantum Search**,chapters/13-Research-Industry-Applications.qmd,156,OTHER,text_or_ascii,native_math,inline,NO,UNKNOWN,REVIEW,REVIEW,PASS,PASS,PASS,PASS,- Symmetric cryptography: Need to double key sizes (AES-128 → AES-256)
MATH-0885,13,**Grover's Algorithm: Quantum Search**,chapters/13-Research-Industry-Applications.qmd,157,PROBABILITY,text_or_ascii,native_math,inline,NO,UNKNOWN,REVIEW,REVIEW,PASS,PASS,PASS,PASS,"- NP-complete problems: Get √ speedup (not enough to solve them efficiently, but still significant)"
MATH-0886,13,**The Limitations**,chapters/13-Research-Industry-Applications.qmd,176,ASYMPTOTIC_BOUND,native_math,native_math,inline,NO,UNKNOWN,REVIEW,REVIEW,PASS,PASS,PASS,PASS,\Omega(n log n)
MATH-0887,13,**The Limitations**,chapters/13-Research-Industry-Applications.qmd,176,OTHER,text_or_ascii,native_math,inline,NO,UNKNOWN,REVIEW,REVIEW,PASS,PASS,PASS,PASS,- Sorting: Still (maybe √n speedup on some measures)
MATH-0888,13,**The Concept**,chapters/13-Research-Industry-Applications.qmd,191,OTHER,text_or_ascii,native_math,inline,NO,UNKNOWN,REVIEW,REVIEW,PASS,PASS,PASS,PASS,"Traditional algorithms: Designed by humans, work for all inputs, worst-case guarantees."
MATH-0889,13,**The Concept**,chapters/13-Research-Industry-Applications.qmd,201,ASYMPTOTIC_BOUND,native_math,native_math,inline,NO,UNKNOWN,REVIEW,REVIEW,PASS,PASS,PASS,PASS,O(α)
MATH-0890,13,**Learned Index Structures**,chapters/13-Research-Industry-Applications.qmd,207,ASYMPTOTIC_BOUND,native_math,native_math,inline,NO,UNKNOWN,REVIEW,REVIEW,PASS,PASS,PASS,PASS,O(log n)
MATH-0891,13,**Learned Index Structures**,chapters/13-Research-Industry-Applications.qmd,209,ASYMPTOTIC_BOUND,native_math,native_math,inline,NO,UNKNOWN,REVIEW,REVIEW,PASS,PASS,PASS,PASS,O(1)
MATH-0892,13,**Learned Index Structures**,chapters/13-Research-Industry-Applications.qmd,212,OTHER,technical_block,native_math,display,NO,UNKNOWN,PASS,PASS,PASS,PASS,PASS,PASS,"Prediction: NN(key) → approximate position Verify: Check nearby positions Fallback: If not found quickly, use B-tree"
MATH-0893,13,**Differential Privacy**,chapters/13-Research-Industry-Applications.qmd,277,NUMERICAL_FORMULA,text_or_ascii,native_math,inline,NO,UNKNOWN,REVIEW,REVIEW,PASS,PASS,PASS,PASS,**Definition**: An algorithm is ε-differentially private if changing one person's data changes the output distribution by at most e^ε [@dwork2006privacy].
MATH-0894,13,**The Algorithms**,chapters/13-Research-Industry-Applications.qmd,299,OTHER,native_math,native_math,inline,NO,UNKNOWN,REVIEW,REVIEW,PASS,PASS,PASS,PASS,f
MATH-0895,13,**The Algorithms**,chapters/13-Research-Industry-Applications.qmd,301,ALGORITHM_FORMULA,native_math,native_math,display,NO,UNKNOWN,PASS,PASS,PASS,PASS,PASS,PASS,"\mathcal M(D)=f(D)+Z, \qquad Z\sim\operatorname{Laplace}\!\left(0,\frac{\Delta f}{\epsilon}\right),"
MATH-0896,13,**The Algorithms**,chapters/13-Research-Industry-Applications.qmd,306,OTHER,native_math,native_math,inline,NO,UNKNOWN,REVIEW,REVIEW,PASS,PASS,PASS,PASS,\Delta f
MATH-0897,13,**The Algorithms**,chapters/13-Research-Industry-Applications.qmd,306,INEQUALITY,native_math,native_math,inline,NO,UNKNOWN,REVIEW,REVIEW,PASS,PASS,PASS,PASS,\epsilon>0
MATH-0898,13,**The Algorithms**,chapters/13-Research-Industry-Applications.qmd,309,PROBABILITY,native_math,native_math,display,NO,UNKNOWN,PASS,PASS,PASS,PASS,PASS,PASS,"\Pr[\mathcal M(D)=o]\propto \exp\!\left(\frac{\epsilon\,q(D,o)}{2\Delta q}\right),"
MATH-0899,13,**The Algorithms**,chapters/13-Research-Industry-Applications.qmd,314,OTHER,native_math,native_math,inline,NO,UNKNOWN,REVIEW,REVIEW,PASS,PASS,PASS,PASS,"q(D,o)"
MATH-0900,13,**The Algorithms**,chapters/13-Research-Industry-Applications.qmd,314,OTHER,native_math,native_math,inline,NO,UNKNOWN,REVIEW,REVIEW,PASS,PASS,PASS,PASS,\Delta q
MATH-0901,13,**The Cost of Privacy**,chapters/13-Research-Industry-Applications.qmd,320,ALGORITHM_FORMULA,text_or_ascii,native_math,inline,NO,UNKNOWN,REVIEW,REVIEW,PASS,PASS,PASS,PASS,"**Accuracy vs. Privacy tradeoff**: More privacy (smaller ε) means more noise, less accurate results."
MATH-0902,13,**The Cost of Privacy**,chapters/13-Research-Industry-Applications.qmd,322,OTHER,text_or_ascii,native_math,inline,NO,UNKNOWN,REVIEW,REVIEW,PASS,PASS,PASS,PASS,"The meaning of a numerical ε value depends on the threat model, unit of privacy, composition across releases, and the consequences of disclosure. It should therefore be justified for the application rather than classified by a universal table of “strong” or “weak” values."
MATH-0903,13,**The Cost of Privacy**,chapters/13-Research-Industry-Applications.qmd,324,ALGORITHM_FORMULA,text_or_ascii,native_math,inline,NO,UNKNOWN,REVIEW,REVIEW,PASS,PASS,PASS,PASS,**Composition**: Privacy budget depletes with each query. Answer n queries → effective privacy ≈ √n × ε (with advanced composition).
MATH-0904,13,**Defining Fairness**,chapters/13-Research-Industry-Applications.qmd,352,OTHER,text_or_ascii,native_math,inline,NO,UNKNOWN,REVIEW,REVIEW,PASS,PASS,PASS,PASS,"- Formally: d(x₁, x₂) small → |f(x₁) - f(x₂)| small"
MATH-0905,13,**Defining Fairness**,chapters/13-Research-Industry-Applications.qmd,356,PROBABILITY,text_or_ascii,native_math,inline,NO,UNKNOWN,REVIEW,REVIEW,PASS,PASS,PASS,PASS,- Formally: P(Ŷ=1|A=a) = P(Ŷ=1|A=b) for protected attribute A
MATH-0906,13,**Defining Fairness**,chapters/13-Research-Industry-Applications.qmd,357,OTHER,text_or_ascii,native_math,inline,NO,UNKNOWN,REVIEW,REVIEW,PASS,PASS,PASS,PASS,- Example: Loan approval rate same for all races
MATH-0907,13,**Defining Fairness**,chapters/13-Research-Industry-Applications.qmd,361,PROBABILITY,text_or_ascii,native_math,inline,NO,UNKNOWN,REVIEW,REVIEW,PASS,PASS,PASS,PASS,"- Formally: P(Ŷ=1|Y=1,A=a) = P(Ŷ=1|Y=1,A=b)"
MATH-0908,13,**Defining Fairness**,chapters/13-Research-Industry-Applications.qmd,362,OTHER,text_or_ascii,native_math,inline,NO,UNKNOWN,REVIEW,REVIEW,PASS,PASS,PASS,PASS,"- Example: Among qualified applicants, approval rate same for all races"
MATH-0909,13,**Defining Fairness**,chapters/13-Research-Industry-Applications.qmd,366,PROBABILITY,text_or_ascii,native_math,inline,NO,UNKNOWN,REVIEW,REVIEW,PASS,PASS,PASS,PASS,"- Formally: P(Y=1|Ŷ=p,A=a) = P(Y=1|Ŷ=p,A=b) = p"
MATH-0910,13,**Defining Fairness**,chapters/13-Research-Industry-Applications.qmd,367,OTHER,text_or_ascii,native_math,inline,NO,UNKNOWN,REVIEW,REVIEW,PASS,PASS,PASS,PASS,"- Example: If algorithm says 70% risk, actual risk should be 70% for all groups"
MATH-0911,13,**Research Questions**,chapters/13-Research-Industry-Applications.qmd,397,ALGORITHM_FORMULA,text_or_ascii,native_math,inline,NO,UNKNOWN,REVIEW,REVIEW,PASS,PASS,PASS,PASS,**Feedback loops**: Biased predictions → biased actions → biased future data → more biased predictions. How to break the cycle?
MATH-0912,13,**Backpropagation: The Learning Algorithm**,chapters/13-Research-Industry-Applications.qmd,417,OTHER,native_math,native_math,inline,NO,UNKNOWN,REVIEW,REVIEW,PASS,PASS,PASS,PASS,f(x;\theta)
MATH-0913,13,**Backpropagation: The Learning Algorithm**,chapters/13-Research-Industry-Applications.qmd,417,OTHER,native_math,native_math,inline,NO,UNKNOWN,REVIEW,REVIEW,PASS,PASS,PASS,PASS,\theta
MATH-0914,13,**Backpropagation: The Learning Algorithm**,chapters/13-Research-Industry-Applications.qmd,417,OTHER,native_math,native_math,inline,NO,UNKNOWN,REVIEW,REVIEW,PASS,PASS,PASS,PASS,"L(f(x;\theta),y)"
MATH-0915,13,**Backpropagation: The Learning Algorithm**,chapters/13-Research-Industry-Applications.qmd,419,ALGORITHM_FORMULA,native_math,native_math,inline,NO,UNKNOWN,REVIEW,REVIEW,PASS,PASS,PASS,PASS,\partial L/\partial\theta_i
MATH-0916,13,**Backpropagation: The Learning Algorithm**,chapters/13-Research-Industry-Applications.qmd,422,ALGORITHM_FORMULA,native_math,native_math,display,NO,UNKNOWN,PASS,PASS,PASS,PASS,PASS,PASS,\frac{\partial L}{\partial\theta_i} \approx \frac{L(\theta+\epsilon e_i)-L(\theta)}{\epsilon}.
MATH-0917,13,**Backpropagation: The Learning Algorithm**,chapters/13-Research-Industry-Applications.qmd,434,ALGORITHM_FORMULA,native_math,native_math,display,NO,UNKNOWN,PASS,PASS,PASS,PASS,PASS,PASS,"\begin{aligned} h_1&=\sigma(W_1x+b_1),\\ h_2&=\sigma(W_2h_1+b_2),\\ &\ \vdots\\ \widehat y&=\sigma(W_nh_{n-1}+b_n),\\ L&=(\widehat y-y)^2. \end{aligned}"
MATH-0918,13,**Backpropagation: The Learning Algorithm**,chapters/13-Research-Industry-Applications.qmd,445,ALGORITHM_FORMULA,native_math,native_math,display,NO,UNKNOWN,PASS,PASS,PASS,PASS,PASS,PASS,"\begin{aligned} \frac{\partial L}{\partial\widehat y}&=2(\widehat y-y),\\ \frac{\partial L}{\partial W_n} &=\frac{\partial L}{\partial\widehat y} \frac{\partial\widehat y}{\partial W_n},\\ \frac{\partial L}{\partial h_{n-1}} &=\frac{\partial L}{\partial\widehat y} \frac{\partial\"
MATH-0919,13,**Backpropagation: The Learning Algorithm**,chapters/13-Research-Industry-Applications.qmd,459,ASYMPTOTIC_BOUND,native_math,native_math,inline,NO,UNKNOWN,REVIEW,REVIEW,PASS,PASS,PASS,PASS,O(E)
MATH-0920,13,**Backpropagation: The Learning Algorithm**,chapters/13-Research-Industry-Applications.qmd,459,ALGORITHM_FORMULA,text_or_ascii,native_math,inline,NO,UNKNOWN,REVIEW,REVIEW,PASS,PASS,PASS,PASS,**Time complexity**: where E = number of edges in network (typically E ≈ n for n parameters).
MATH-0921,13,**Stochastic Gradient Descent: The Optimization Workhorse**,chapters/13-Research-Industry-Applications.qmd,467,OTHER,native_math,native_math,inline,NO,UNKNOWN,REVIEW,REVIEW,PASS,PASS,PASS,PASS,\theta\leftarrow\theta-\eta\nabla L(\theta)
MATH-0922,13,**Stochastic Gradient Descent: The Optimization Workhorse**,chapters/13-Research-Industry-Applications.qmd,467,INEQUALITY,native_math,native_math,inline,NO,UNKNOWN,REVIEW,REVIEW,PASS,PASS,PASS,PASS,\eta>0
MATH-0923,13,**Stochastic Gradient Descent: The Optimization Workhorse**,chapters/13-Research-Industry-Applications.qmd,472,OTHER,native_math,native_math,inline,NO,UNKNOWN,REVIEW,REVIEW,PASS,PASS,PASS,PASS,"(x,y)"
MATH-0924,13,**Stochastic Gradient Descent: The Optimization Workhorse**,chapters/13-Research-Industry-Applications.qmd,472,OTHER,native_math,native_math,inline,NO,UNKNOWN,REVIEW,REVIEW,PASS,PASS,PASS,PASS,"\nabla_\theta L(f(x;\theta),y)"
MATH-0925,13,**Stochastic Gradient Descent: The Optimization Workhorse**,chapters/13-Research-Industry-Applications.qmd,474,OTHER,native_math,native_math,display,NO,UNKNOWN,PASS,PASS,PASS,PASS,PASS,PASS,\theta\leftarrow\theta-\eta\nabla_\theta L.
MATH-0926,13,**Modern Optimizers**,chapters/13-Research-Industry-Applications.qmd,488,ALGORITHM_FORMULA,native_math,native_math,display,NO,UNKNOWN,PASS,PASS,PASS,PASS,PASS,PASS,"v\leftarrow\beta v+\nabla L, \qquad \theta\leftarrow\theta-\eta v."
MATH-0927,13,**Modern Optimizers**,chapters/13-Research-Industry-Applications.qmd,496,ALGORITHM_FORMULA,native_math,native_math,display,NO,UNKNOWN,PASS,PASS,PASS,PASS,PASS,PASS,"\begin{aligned} m_t&\leftarrow\beta_1m_{t-1}+(1-\beta_1)g_t,\\ v_t&\leftarrow\beta_2v_{t-1}+(1-\beta_2)g_t^2,\\ \widehat m_t&=\frac{m_t}{1-\beta_1^t}, &\widehat v_t&=\frac{v_t}{1-\beta_2^t},\\ \theta_t&\leftarrow\theta_{t-1}-\eta \frac{\widehat m_t}{\sqrt{\widehat v_t}+\epsilon}."
MATH-0928,13,**Modern Optimizers**,chapters/13-Research-Industry-Applications.qmd,507,ALGORITHM_FORMULA,native_math,native_math,inline,NO,UNKNOWN,REVIEW,REVIEW,PASS,PASS,PASS,PASS,g_t=\nabla_\theta L_t
MATH-0929,13,**The Self-Attention Mechanism**,chapters/13-Research-Industry-Applications.qmd,531,ALGORITHM_FORMULA,native_math,native_math,display,NO,UNKNOWN,PASS,PASS,PASS,PASS,PASS,PASS,"Q_i=W_Qx_i,\qquad K_i=W_Kx_i,\qquad V_i=W_Vx_i."
MATH-0930,13,**The Self-Attention Mechanism**,chapters/13-Research-Industry-Applications.qmd,535,OTHER,native_math,native_math,inline,NO,UNKNOWN,REVIEW,REVIEW,PASS,PASS,PASS,PASS,Q_i
MATH-0931,13,**The Self-Attention Mechanism**,chapters/13-Research-Industry-Applications.qmd,535,OTHER,native_math,native_math,inline,NO,UNKNOWN,REVIEW,REVIEW,PASS,PASS,PASS,PASS,i
MATH-0932,13,**The Self-Attention Mechanism**,chapters/13-Research-Industry-Applications.qmd,535,OTHER,native_math,native_math,inline,NO,UNKNOWN,REVIEW,REVIEW,PASS,PASS,PASS,PASS,K_i
MATH-0933,13,**The Self-Attention Mechanism**,chapters/13-Research-Industry-Applications.qmd,535,OTHER,native_math,native_math,inline,NO,UNKNOWN,REVIEW,REVIEW,PASS,PASS,PASS,PASS,V_i
MATH-0934,13,**The Self-Attention Mechanism**,chapters/13-Research-Industry-Applications.qmd,538,ALGORITHM_FORMULA,native_math,native_math,display,NO,UNKNOWN,PASS,PASS,PASS,PASS,PASS,PASS,s_{ij}=\frac{Q_i\cdot K_j}{\sqrt d}.
MATH-0935,13,**The Self-Attention Mechanism**,chapters/13-Research-Industry-Applications.qmd,543,PROBABILITY,native_math,native_math,display,NO,UNKNOWN,PASS,PASS,PASS,PASS,PASS,PASS,\alpha_{ij}=\frac{\exp(s_{ij})}{\sum_k\exp(s_{ik})}.
MATH-0936,13,**The Self-Attention Mechanism**,chapters/13-Research-Industry-Applications.qmd,548,SUMMATION,native_math,native_math,display,YES,UNKNOWN,PASS,PASS,PASS,PASS,PASS,PASS,\operatorname{output}_i=\sum_j\alpha_{ij}V_j. $$ {#eq-scaled-dot-product-attention}
MATH-0937,13,**The Self-Attention Mechanism**,chapters/13-Research-Industry-Applications.qmd,552,OTHER,native_math,native_math,inline,NO,UNKNOWN,REVIEW,REVIEW,PASS,PASS,PASS,PASS,\alpha_{ij}
MATH-0938,13,**The Self-Attention Mechanism**,chapters/13-Research-Industry-Applications.qmd,552,OTHER,native_math,native_math,inline,NO,UNKNOWN,REVIEW,REVIEW,PASS,PASS,PASS,PASS,j
MATH-0939,13,**The Self-Attention Mechanism**,chapters/13-Research-Industry-Applications.qmd,552,ALGORITHM_FORMULA,text_or_ascii,native_math,inline,NO,UNKNOWN,REVIEW,REVIEW,PASS,PASS,PASS,PASS,The weights are nonnegative and sum to one over . The $1/\sqrt d$ scale controls dot-product magnitude; the mechanism still has quadratic pairwise cost in the sequence length.
MATH-0940,13,**The Self-Attention Mechanism**,chapters/13-Research-Industry-Applications.qmd,556,ASYMPTOTIC_BOUND,native_math,native_math,inline,NO,UNKNOWN,REVIEW,REVIEW,PASS,PASS,PASS,PASS,O(n^2d)
MATH-0941,13,**Multi-Head Attention**,chapters/13-Research-Industry-Applications.qmd,564,ALGORITHM_FORMULA,native_math,native_math,display,NO,UNKNOWN,PASS,PASS,PASS,PASS,PASS,PASS,"\operatorname{head}_i=\operatorname{Attention}(Q_i,K_i,V_i), \qquad \operatorname{output}=\operatorname{Concat}(\operatorname{head}_1,\ldots,\operatorname{head}_h)W_O."
MATH-0942,13,**The Full Transformer Architecture**,chapters/13-Research-Industry-Applications.qmd,615,ALGORITHM_FORMULA,text_or_ascii,native_math,inline,NO,UNKNOWN,REVIEW,REVIEW,PASS,PASS,PASS,PASS,Power law: Loss ∝ N^(-α) where N is model size.
MATH-0943,13,**Efficient Transformers**,chapters/13-Research-Industry-Applications.qmd,621,ALGORITHM_FORMULA,text_or_ascii,native_math,inline,NO,UNKNOWN,REVIEW,REVIEW,PASS,PASS,PASS,PASS,**The n² problem**: Standard attention is quadratic in sequence length.
MATH-0944,13,**Efficient Transformers**,chapters/13-Research-Industry-Applications.qmd,628,ASYMPTOTIC_BOUND,native_math,native_math,inline,NO,UNKNOWN,REVIEW,REVIEW,PASS,PASS,PASS,PASS,O(n\sqrt n)
MATH-0945,13,**Efficient Transformers**,chapters/13-Research-Industry-Applications.qmd,628,ASYMPTOTIC_BOUND,native_math,native_math,inline,NO,UNKNOWN,REVIEW,REVIEW,PASS,PASS,PASS,PASS,O(n log n)
MATH-0946,13,**Efficient Transformers**,chapters/13-Research-Industry-Applications.qmd,631,ASYMPTOTIC_BOUND,native_math,native_math,inline,NO,UNKNOWN,REVIEW,REVIEW,PASS,PASS,PASS,PASS,O(nd)
MATH-0947,13,**The RL Framework**,chapters/13-Research-Industry-Applications.qmd,654,OTHER,native_math,native_math,inline,NO,UNKNOWN,REVIEW,REVIEW,PASS,PASS,PASS,PASS,V(s)
MATH-0948,13,**The RL Framework**,chapters/13-Research-Industry-Applications.qmd,654,OTHER,native_math,native_math,inline,NO,UNKNOWN,REVIEW,REVIEW,PASS,PASS,PASS,PASS,s
MATH-0949,13,**The RL Framework**,chapters/13-Research-Industry-Applications.qmd,656,OTHER,native_math,native_math,inline,NO,UNKNOWN,REVIEW,REVIEW,PASS,PASS,PASS,PASS,"Q(s,a)"
MATH-0950,13,**The RL Framework**,chapters/13-Research-Industry-Applications.qmd,656,OTHER,native_math,native_math,inline,NO,UNKNOWN,REVIEW,REVIEW,PASS,PASS,PASS,PASS,a
MATH-0951,13,**The RL Framework**,chapters/13-Research-Industry-Applications.qmd,656,OTHER,native_math,native_math,inline,NO,UNKNOWN,REVIEW,REVIEW,PASS,PASS,PASS,PASS,s
MATH-0952,13,**The RL Framework**,chapters/13-Research-Industry-Applications.qmd,659,APPROXIMATION_RATIO,native_math,native_math,display,YES,UNKNOWN,PASS,PASS,PASS,PASS,PASS,PASS,"Q(s,a)=r+\gamma\max_{a'}Q(s',a'). $$ {#eq-bellman-optimality}"
MATH-0953,13,**The RL Framework**,chapters/13-Research-Industry-Applications.qmd,663,OTHER,native_math,native_math,inline,NO,UNKNOWN,REVIEW,REVIEW,PASS,PASS,PASS,PASS,s'
MATH-0954,13,**The RL Framework**,chapters/13-Research-Industry-Applications.qmd,663,INEQUALITY,text_or_ascii,native_math,inline,NO,UNKNOWN,REVIEW,REVIEW,PASS,PASS,PASS,PASS,Here is the next state and $0\le\gamma<1$ is the discount factor. The equation assumes the Markov state captures the information needed to model the next-state distribution.
MATH-0955,13,**Q-Learning: The Classic Algorithm**,chapters/13-Research-Industry-Applications.qmd,672,PROBABILITY,technical_block,native_math,display,NO,UNKNOWN,PASS,PASS,PASS,PASS,PASS,PASS,"Initialize Q(s,a) arbitrarily Loop: Observe state s Choose action a (ε-greedy: random with probability ε) Take action, observe reward r and next state s' Update: Q(s,a) ← Q(s,a) + α[r + γ max_a' Q(s',a') - Q(s,a)]"
MATH-0956,13,**Q-Learning: The Classic Algorithm**,chapters/13-Research-Industry-Applications.qmd,683,APPROXIMATION_RATIO,text_or_ascii,native_math,inline,NO,UNKNOWN,REVIEW,REVIEW,PASS,PASS,PASS,PASS,**Exploration vs. exploitation**: ε-greedy balances trying new actions (exploration) with using known good actions (exploitation).
MATH-0957,13,**Deep Q-Networks (DQN)**,chapters/13-Research-Industry-Applications.qmd,689,ALGORITHM_FORMULA,text_or_ascii,native_math,inline,NO,UNKNOWN,REVIEW,REVIEW,PASS,PASS,PASS,PASS,"**The scaling problem**: Q-learning stores Q(s,a) in table. For Atari games: 10^9 states × 18 actions = 18 billion entries!"
MATH-0958,13,**Deep Q-Networks (DQN)**,chapters/13-Research-Industry-Applications.qmd,692,ALGORITHM_FORMULA,native_math,native_math,display,NO,UNKNOWN,PASS,PASS,PASS,PASS,PASS,PASS,"Q(s,a;\theta)\approx Q^*(s,a)."
MATH-0959,13,**Deep Q-Networks (DQN)**,chapters/13-Research-Industry-Applications.qmd,697,ALGORITHM_FORMULA,native_math,native_math,display,NO,UNKNOWN,PASS,PASS,PASS,PASS,PASS,PASS,"L(\theta)=\left[r+\gamma\max_{a'}Q(s',a';\theta^-)-Q(s,a;\theta)\right]^2,"
MATH-0960,13,**Deep Q-Networks (DQN)**,chapters/13-Research-Industry-Applications.qmd,701,ALGORITHM_FORMULA,native_math,native_math,inline,NO,UNKNOWN,REVIEW,REVIEW,PASS,PASS,PASS,PASS,\theta^-
MATH-0961,13,**Policy Gradient Methods**,chapters/13-Research-Industry-Applications.qmd,717,PROBABILITY,text_or_ascii,native_math,inline,NO,UNKNOWN,REVIEW,REVIEW,PASS,PASS,PASS,PASS,**Alternative approach**: Learn policy π(a|s) directly (probability of action a in state s).
MATH-0962,13,**Policy Gradient Methods**,chapters/13-Research-Industry-Applications.qmd,720,ALGORITHM_FORMULA,native_math,native_math,display,NO,UNKNOWN,PASS,PASS,PASS,PASS,PASS,PASS,"\nabla J(\theta) =\mathbb E\!\left[R\,\nabla_\theta\log\pi(a\mid s;\theta)\right],"
MATH-0963,13,**Policy Gradient Methods**,chapters/13-Research-Industry-Applications.qmd,725,OTHER,native_math,native_math,inline,NO,UNKNOWN,REVIEW,REVIEW,PASS,PASS,PASS,PASS,R
MATH-0964,13,**Policy Gradient Methods**,chapters/13-Research-Industry-Applications.qmd,730,OTHER,native_math,native_math,inline,NO,UNKNOWN,REVIEW,REVIEW,PASS,PASS,PASS,PASS,\pi(a\mid s;\theta)
MATH-0965,13,**Policy Gradient Methods**,chapters/13-Research-Industry-Applications.qmd,730,OTHER,native_math,native_math,inline,NO,UNKNOWN,REVIEW,REVIEW,PASS,PASS,PASS,PASS,V(s;w)
MATH-0966,13,**Proximal Policy Optimization (PPO)**,chapters/13-Research-Industry-Applications.qmd,741,ALGORITHM_FORMULA,native_math,native_math,display,YES,UNKNOWN,PASS,PASS,PASS,PASS,PASS,PASS,"\max_\theta\;\mathbb E\!\left[ \min\!\left(r_t(\theta)A_t, \operatorname{clip}(r_t(\theta),1-\epsilon,1+\epsilon)A_t\right) \right], $$ {#eq-ppo-clipped-objective}"
MATH-0967,13,**Proximal Policy Optimization (PPO)**,chapters/13-Research-Industry-Applications.qmd,748,ALGORITHM_FORMULA,native_math,native_math,inline,NO,UNKNOWN,REVIEW,REVIEW,PASS,PASS,PASS,PASS,r_t(\theta)=\pi_\theta(a_t\mid s_t)/\pi_{\mathrm{old}}(a_t\mid s_t)
MATH-0968,13,**Proximal Policy Optimization (PPO)**,chapters/13-Research-Industry-Applications.qmd,748,OTHER,native_math,native_math,inline,NO,UNKNOWN,REVIEW,REVIEW,PASS,PASS,PASS,PASS,A_t
MATH-0969,13,**Proximal Policy Optimization (PPO)**,chapters/13-Research-Industry-Applications.qmd,748,OTHER,native_math,native_math,inline,NO,UNKNOWN,REVIEW,REVIEW,PASS,PASS,PASS,PASS,\epsilon
MATH-0970,13,**The MapReduce Paradigm**,chapters/13-Research-Industry-Applications.qmd,815,OTHER,technical_block,native_math,display,NO,UNKNOWN,PASS,PASS,PASS,PASS,PASS,PASS,"Input: Millions of documents Map phase: Document 1 → (""hello"", 1), (""world"", 1), (""hello"", 1) Document 2 → (""world"", 1), (""foo"", 1) ... Shuffle phase (automatic): (""hello"", [1, 1, ...]) (""world"", [1, 1, ...]) (""foo"", [1, ...]) Reduce phase: (""hello"", [1, 1, ...]) → (""hello"", 4521"
MATH-0971,13,**Count-Min Sketch**,chapters/13-Research-Industry-Applications.qmd,914,ASYMPTOTIC_BOUND,native_math,native_math,inline,NO,UNKNOWN,REVIEW,REVIEW,PASS,PASS,PASS,PASS,O(n)
MATH-0972,13,**Count-Min Sketch**,chapters/13-Research-Industry-Applications.qmd,914,ALGORITHM_FORMULA,text_or_ascii,native_math,inline,NO,UNKNOWN,REVIEW,REVIEW,PASS,PASS,PASS,PASS,"**Naive approach**: Hash table → space where n = number of distinct items. If n = billions, you're out of memory."
MATH-0973,13,**Count-Min Sketch**,chapters/13-Research-Industry-Applications.qmd,930,INEQUALITY,text_or_ascii,native_math,inline,NO,UNKNOWN,REVIEW,REVIEW,PASS,PASS,PASS,PASS,- True count ≤ returned count (never underestimate)
MATH-0974,13,**Count-Min Sketch**,chapters/13-Research-Industry-Applications.qmd,931,PROBABILITY,text_or_ascii,native_math,inline,NO,UNKNOWN,REVIEW,REVIEW,PASS,PASS,PASS,PASS,- With high probability: returned count ≤ true count + ε × total_items
MATH-0975,13,**Count-Min Sketch**,chapters/13-Research-Industry-Applications.qmd,932,ASYMPTOTIC_BOUND,native_math,native_math,inline,NO,UNKNOWN,REVIEW,REVIEW,PASS,PASS,PASS,PASS,O((1/ε) × log(1/δ))
MATH-0976,13,**Count-Min Sketch**,chapters/13-Research-Industry-Applications.qmd,932,PROBABILITY,text_or_ascii,native_math,inline,NO,UNKNOWN,REVIEW,REVIEW,PASS,PASS,PASS,PASS,- Space: where δ = failure probability
MATH-0977,13,**HyperLogLog**,chapters/13-Research-Industry-Applications.qmd,945,ASYMPTOTIC_BOUND,native_math,native_math,inline,NO,UNKNOWN,REVIEW,REVIEW,PASS,PASS,PASS,PASS,O(n)
MATH-0978,13,**HyperLogLog**,chapters/13-Research-Industry-Applications.qmd,945,ALGORITHM_FORMULA,text_or_ascii,native_math,inline,NO,UNKNOWN,REVIEW,REVIEW,PASS,PASS,PASS,PASS,**Naive approach**: Hash set → space.
MATH-0979,13,**HyperLogLog**,chapters/13-Research-Industry-Applications.qmd,961,PROBABILITY,text_or_ascii,native_math,inline,NO,UNKNOWN,REVIEW,REVIEW,PASS,PASS,PASS,PASS,"**Why it works**: If you've seen n distinct items, you expect one hash to have log₂(n) leading zeros."
MATH-0980,13,**HyperLogLog**,chapters/13-Research-Industry-Applications.qmd,963,ALGORITHM_FORMULA,text_or_ascii,native_math,inline,NO,UNKNOWN,REVIEW,REVIEW,PASS,PASS,PASS,PASS,**Accuracy**: Error ≈ 1.04/√m where m = number of buckets.
MATH-0981,13,**Bloom Filters**,chapters/13-Research-Industry-Applications.qmd,992,PROBABILITY,text_or_ascii,native_math,inline,NO,UNKNOWN,REVIEW,REVIEW,PASS,PASS,PASS,PASS,- False positive probability ≈ (1 - e^(-kn/m))^k
MATH-0982,13,**RSA and Its Security Assumption**,chapters/13-Research-Industry-Applications.qmd,1088,OTHER,native_math,native_math,inline,NO,UNKNOWN,REVIEW,REVIEW,PASS,PASS,PASS,PASS,p
MATH-0983,13,**RSA and Its Security Assumption**,chapters/13-Research-Industry-Applications.qmd,1088,OTHER,native_math,native_math,inline,NO,UNKNOWN,REVIEW,REVIEW,PASS,PASS,PASS,PASS,q
MATH-0984,13,**RSA and Its Security Assumption**,chapters/13-Research-Industry-Applications.qmd,1088,ALGORITHM_FORMULA,native_math,native_math,inline,NO,UNKNOWN,REVIEW,REVIEW,PASS,PASS,PASS,PASS,N=pq
MATH-0985,13,**RSA and Its Security Assumption**,chapters/13-Research-Industry-Applications.qmd,1088,ALGORITHM_FORMULA,native_math,native_math,inline,NO,UNKNOWN,REVIEW,REVIEW,PASS,PASS,PASS,PASS,\varphi(N)=(p-1)(q-1)
MATH-0986,13,**RSA and Its Security Assumption**,chapters/13-Research-Industry-Applications.qmd,1088,OTHER,native_math,native_math,inline,NO,UNKNOWN,REVIEW,REVIEW,PASS,PASS,PASS,PASS,e
MATH-0987,13,**RSA and Its Security Assumption**,chapters/13-Research-Industry-Applications.qmd,1088,OTHER,native_math,native_math,inline,NO,UNKNOWN,REVIEW,REVIEW,PASS,PASS,PASS,PASS,d
MATH-0988,13,**RSA and Its Security Assumption**,chapters/13-Research-Industry-Applications.qmd,1090,OTHER,native_math,native_math,display,NO,UNKNOWN,PASS,PASS,PASS,PASS,PASS,PASS,ed\equiv1\pmod{\varphi(N)}.
MATH-0989,13,**RSA and Its Security Assumption**,chapters/13-Research-Industry-Applications.qmd,1094,OTHER,native_math,native_math,inline,NO,UNKNOWN,REVIEW,REVIEW,PASS,PASS,PASS,PASS,"(N,e)"
MATH-0990,13,**RSA and Its Security Assumption**,chapters/13-Research-Industry-Applications.qmd,1094,OTHER,native_math,native_math,inline,NO,UNKNOWN,REVIEW,REVIEW,PASS,PASS,PASS,PASS,"(N,d)"
MATH-0991,13,**RSA and Its Security Assumption**,chapters/13-Research-Industry-Applications.qmd,1096,ALGORITHM_FORMULA,native_math,native_math,inline,NO,UNKNOWN,REVIEW,REVIEW,PASS,PASS,PASS,PASS,c\equiv m^e\pmod N
MATH-0992,13,**RSA and Its Security Assumption**,chapters/13-Research-Industry-Applications.qmd,1098,ALGORITHM_FORMULA,native_math,native_math,inline,NO,UNKNOWN,REVIEW,REVIEW,PASS,PASS,PASS,PASS,m\equiv c^d\pmod N
MATH-0993,13,**RSA and Its Security Assumption**,chapters/13-Research-Industry-Applications.qmd,1101,ALGORITHM_FORMULA,native_math,native_math,display,NO,UNKNOWN,PASS,PASS,PASS,PASS,PASS,PASS,"(m^e)^d\equiv m^{ed}\equiv m\pmod N,"
MATH-0994,13,**RSA and Its Security Assumption**,chapters/13-Research-Industry-Applications.qmd,1105,OTHER,native_math,native_math,inline,NO,UNKNOWN,REVIEW,REVIEW,PASS,PASS,PASS,PASS,ed\equiv1\pmod{\varphi(N)}
MATH-0995,13,**RSA and Its Security Assumption**,chapters/13-Research-Industry-Applications.qmd,1105,OTHER,native_math,native_math,inline,NO,UNKNOWN,REVIEW,REVIEW,PASS,PASS,PASS,PASS,N
MATH-0996,13,**The Byzantine Generals Problem**,chapters/13-Research-Industry-Applications.qmd,1136,INEQUALITY,text_or_ascii,native_math,inline,NO,UNKNOWN,REVIEW,REVIEW,PASS,PASS,PASS,PASS,**Classical result**: Need n ≥ 3f + 1 generals to tolerate f traitors.
MATH-0997,13,**Interactive Zero-Knowledge**,chapters/13-Research-Industry-Applications.qmd,1213,PROBABILITY,technical_block,native_math,display,NO,UNKNOWN,PASS,PASS,PASS,PASS,PASS,PASS,"Prover knows valid coloring of graph Verifier wants to verify, but not learn coloring Repeat many times: 1. Prover randomly permutes colors, commits to new coloring 2. Verifier randomly picks an edge 3. Prover reveals colors of both endpoints 4. Verifier checks: different colors?"
MATH-0998,13,**Non-Interactive Zero-Knowledge (SNARKs)**,chapters/13-Research-Industry-Applications.qmd,1244,PROOF_EXPRESSION,technical_block,native_math,display,NO,UNKNOWN,PASS,PASS,PASS,PASS,PASS,PASS,"1. Convert statement to arithmetic circuit 2. Use cryptographic pairing to create proof 3. Proof: π = combination of circuit values and randomness 4. Verification: Check pairing equation e(π, g) = e(h, vk)"
MATH-0999,13,**Case Study: Algorithmic Hiring**,chapters/13-Research-Industry-Applications.qmd,1302,ALGORITHM_FORMULA,text_or_ascii,native_math,inline,NO,UNKNOWN,REVIEW,REVIEW,PASS,PASS,PASS,PASS,**The problem**: Historical hires were biased → algorithm learned bias.
MATH-1000,13,Privacy vs. Utility,chapters/13-Research-Industry-Applications.qmd,1349,ALGORITHM_FORMULA,text_or_ascii,native_math,inline,NO,UNKNOWN,REVIEW,REVIEW,PASS,PASS,PASS,PASS,**The fundamental tradeoff**: More data and less privacy → better algorithms. But at what cost?
MATH-1001,13,**Predictive Policing**,chapters/13-Research-Industry-Applications.qmd,1422,OTHER,text_or_ascii,native_math,inline,NO,UNKNOWN,REVIEW,REVIEW,PASS,PASS,PASS,PASS,- More patrols in minority neighborhoods → more arrests → algorithm predicts more crime in those areas → more patrols (feedback loop)
MATH-1002,13,Analysis,chapters/13-Research-Industry-Applications.qmd,1765,PROBABILITY,text_or_ascii,native_math,inline,NO,UNKNOWN,REVIEW,REVIEW,PASS,PASS,PASS,PASS,"6. **Privacy-Utility Tradeoff**: For Census data with differential privacy (ε=1), calculate expected error in population count."
MATH-1003,14,**For Graph Algorithms**,chapters/14-Project-Development.qmd,512,ASYMPTOTIC_BOUND,native_math,native_math,inline,NO,UNKNOWN,REVIEW,REVIEW,PASS,PASS,PASS,PASS,O(V^2)
MATH-1004,14,**For Graph Algorithms**,chapters/14-Project-Development.qmd,512,ASYMPTOTIC_BOUND,native_math,native_math,inline,NO,UNKNOWN,REVIEW,REVIEW,PASS,PASS,PASS,PASS,O(V+E)
MATH-1005,14,**For Graph Algorithms**,chapters/14-Project-Development.qmd,512,ALGORITHM_FORMULA,text_or_ascii,native_math,inline,NO,UNKNOWN,REVIEW,REVIEW,PASS,PASS,PASS,PASS,"**Impact**: Can change complexity class (e.g., → for sparse graphs)."
MATH-1006,14,**For Dynamic Programming**,chapters/14-Project-Development.qmd,518,ASYMPTOTIC_BOUND,native_math,native_math,inline,NO,UNKNOWN,REVIEW,REVIEW,PASS,PASS,PASS,PASS,O(n^2)
MATH-1007,14,**For Dynamic Programming**,chapters/14-Project-Development.qmd,518,ASYMPTOTIC_BOUND,native_math,native_math,inline,NO,UNKNOWN,REVIEW,REVIEW,PASS,PASS,PASS,PASS,O(n)
MATH-1008,14,**For Dynamic Programming**,chapters/14-Project-Development.qmd,518,ALGORITHM_FORMULA,text_or_ascii,native_math,inline,NO,UNKNOWN,REVIEW,REVIEW,PASS,PASS,PASS,PASS,"**Impact**: space → space, enables solving larger instances."
MATH-1009,14,Documentation Best Practices,chapters/14-Project-Development.qmd,706,ASYMPTOTIC_BOUND,native_math,native_math,inline,NO,UNKNOWN,REVIEW,REVIEW,PASS,PASS,PASS,PASS,O(n)
MATH-1010,14,Documentation Best Practices,chapters/14-Project-Development.qmd,706,ASYMPTOTIC_BOUND,native_math,native_math,inline,NO,UNKNOWN,REVIEW,REVIEW,PASS,PASS,PASS,PASS,O(log n)
MATH-1011,14,Good: Each test stands alone,chapters/14-Project-Development.qmd,888,ALGORITHM_FORMULA,text_or_ascii,native_math,inline,NO,UNKNOWN,REVIEW,REVIEW,PASS,PASS,PASS,PASS,**2. Repeatable**: Same input → same output
MATH-1012,14,Slide Design Principles,chapters/14-Project-Development.qmd,1140,ALGORITHM_FORMULA,text_or_ascii,native_math,inline,NO,UNKNOWN,REVIEW,REVIEW,PASS,PASS,PASS,PASS,**More text ≠ better**:
MATH-1013,15,The Five-Minute Demo Structure,chapters/15-Final-Presentations.qmd,84,ASYMPTOTIC_BOUND,native_math,native_math,inline,NO,UNKNOWN,REVIEW,REVIEW,PASS,PASS,PASS,PASS,O(n^2)
MATH-1014,15,Related Fields to Explore,chapters/15-Final-Presentations.qmd,740,APPROXIMATION_RATIO,text_or_ascii,native_math,inline,NO,UNKNOWN,REVIEW,REVIEW,PASS,PASS,PASS,PASS,- You've learned optimization → now learn what we're optimizing!
MATH-1015,15,Related Fields to Explore,chapters/15-Final-Presentations.qmd,746,OTHER,text_or_ascii,native_math,inline,NO,UNKNOWN,REVIEW,REVIEW,PASS,PASS,PASS,PASS,- You've seen RSA and hashing → learn the full landscape
MATH-1016,15,Related Fields to Explore,chapters/15-Final-Presentations.qmd,752,OTHER,text_or_ascii,native_math,inline,NO,UNKNOWN,REVIEW,REVIEW,PASS,PASS,PASS,PASS,- You've learned string algorithms → apply them to DNA
MATH-1017,15,Related Fields to Explore,chapters/15-Final-Presentations.qmd,758,OTHER,text_or_ascii,native_math,inline,NO,UNKNOWN,REVIEW,REVIEW,PASS,PASS,PASS,PASS,- You've learned data structures → see them in production systems
MATH-1018,15,Related Fields to Explore,chapters/15-Final-Presentations.qmd,764,OTHER,text_or_ascii,native_math,inline,NO,UNKNOWN,REVIEW,REVIEW,PASS,PASS,PASS,PASS,- You've analyzed algorithms → now explore limits of computation
