chapter,section,source_file,item_type,description,claimed_algorithm,claimed_complexity,implementation_language,implementation_present,runnable,verification_status,citation_required,source_required,severity,recommended_action,notes
1,Why Study Advanced Algorithms? {.unnumbered},/Users/medina/Projects/oer-books/advanced-algorithms-book/chapters/01-introduction.qmd,MATHEMATICAL_CLAIM,"🚗 Navigation Apps: When you use Google Maps or Waze, you're using sophisticated shortest-path algorithms that consider millions of roads, traffic patterns, and real-time conditions to find your optimal route in milliseconds.",,,,NO,NO,MANUAL REVIEW,YES,YES,MEDIUM,Verify assumptions and terminology,line 20
1,Beyond the Textbook Definition,/Users/medina/Projects/oer-books/advanced-algorithms-book/chapters/01-introduction.qmd,PSEUDOCODE,Fenced block at lines 48-56,,,UNLABELED,YES,NO,SEE code-verification-results.csv,NO,NO,LOW,Use block-level verification record,Safe automated classification plus targeted tests; unexecuted blocks remain manual review.
1,Algorithms vs. Programs: A Crucial Distinction,/Users/medina/Projects/oer-books/advanced-algorithms-book/chapters/01-introduction.qmd,PSEUDOCODE,Fenced block at lines 79-81,,,UNLABELED,YES,NO,SEE code-verification-results.csv,NO,NO,LOW,Use block-level verification record,Safe automated classification plus targeted tests; unexecuted blocks remain manual review.
1,Algorithms vs. Programs: A Crucial Distinction,/Users/medina/Projects/oer-books/advanced-algorithms-book/chapters/01-introduction.qmd,CODE,Fenced block at lines 87-92,,,python,YES,CANDIDATE,SEE code-verification-results.csv,NO,NO,LOW,Use block-level verification record,Safe automated classification plus targeted tests; unexecuted blocks remain manual review.
1,Algorithms vs. Programs: A Crucial Distinction,/Users/medina/Projects/oer-books/advanced-algorithms-book/chapters/01-introduction.qmd,CODE,Fenced block at lines 98-106,,,java,YES,CANDIDATE,SEE code-verification-results.csv,NO,NO,LOW,Use block-level verification record,Safe automated classification plus targeted tests; unexecuted blocks remain manual review.
1,Algorithms vs. Programs: A Crucial Distinction,/Users/medina/Projects/oer-books/advanced-algorithms-book/chapters/01-introduction.qmd,CODE,Fenced block at lines 112-120,,,javascript,YES,CANDIDATE,SEE code-verification-results.csv,NO,NO,LOW,Use block-level verification record,Safe automated classification plus targeted tests; unexecuted blocks remain manual review.
1,Real-World Analogy: Following Directions,/Users/medina/Projects/oer-books/advanced-algorithms-book/chapters/01-introduction.qmd,MATHEMATICAL_CLAIM,"The first set of directions is algorithmic—precise, unambiguous, and guaranteed to work if followed correctly. The second set might work sometimes, but it's unreliable and leaves too much room for interpretation.",,,,NO,NO,MANUAL REVIEW,NO,NO,LOW,Verify assumptions and terminology,line 145
1,Criterion 1: Correctness—Getting the Right Answer,/Users/medina/Projects/oer-books/advanced-algorithms-book/chapters/01-introduction.qmd,PSEUDOCODE,Fenced block at lines 162-165,,,UNLABELED,YES,NO,SEE code-verification-results.csv,NO,NO,LOW,Use block-level verification record,Safe automated classification plus targeted tests; unexecuted blocks remain manual review.
1,Criterion 1: Correctness—Getting the Right Answer,/Users/medina/Projects/oer-books/advanced-algorithms-book/chapters/01-introduction.qmd,PROOF,Proof of Correctness for FindMaximumScore:,,,,NO,NO,MANUAL REVIEW,NO,NO,LOW,Verify assumptions and terminology,line 181
1,Criterion 2: Efficiency—Getting There Fast,/Users/medina/Projects/oer-books/advanced-algorithms-book/chapters/01-introduction.qmd,PSEUDOCODE,Fenced block at lines 208-212,,,UNLABELED,YES,NO,SEE code-verification-results.csv,NO,NO,LOW,Use block-level verification record,Safe automated classification plus targeted tests; unexecuted blocks remain manual review.
1,Criterion 2: Efficiency—Getting There Fast,/Users/medina/Projects/oer-books/advanced-algorithms-book/chapters/01-introduction.qmd,PSEUDOCODE,Fenced block at lines 218-224,,,UNLABELED,YES,NO,SEE code-verification-results.csv,NO,NO,LOW,Use block-level verification record,Safe automated classification plus targeted tests; unexecuted blocks remain manual review.
1,Criterion 3: Clarity and Elegance,/Users/medina/Projects/oer-books/advanced-algorithms-book/chapters/01-introduction.qmd,CODE,Fenced block at lines 245-248,,,python,YES,CANDIDATE,SEE code-verification-results.csv,NO,NO,LOW,Use block-level verification record,Safe automated classification plus targeted tests; unexecuted blocks remain manual review.
1,Criterion 3: Clarity and Elegance,/Users/medina/Projects/oer-books/advanced-algorithms-book/chapters/01-introduction.qmd,CODE,Fenced block at lines 254-257,,,python,YES,CANDIDATE,SEE code-verification-results.csv,NO,NO,LOW,Use block-level verification record,Safe automated classification plus targeted tests; unexecuted blocks remain manual review.
1,Criterion 4: Robustness,/Users/medina/Projects/oer-books/advanced-algorithms-book/chapters/01-introduction.qmd,MATHEMATICAL_CLAIM,A robust algorithm handles unexpected situations gracefully. This includes:,,,,NO,NO,MANUAL REVIEW,NO,NO,LOW,Verify assumptions and terminology,line 271
1,Criterion 4: Robustness,/Users/medina/Projects/oer-books/advanced-algorithms-book/chapters/01-introduction.qmd,CODE,Fenced block at lines 276-287,,,python,YES,CANDIDATE,SEE code-verification-results.csv,NO,NO,LOW,Use block-level verification record,Safe automated classification plus targeted tests; unexecuted blocks remain manual review.
1,Criterion 4: Robustness,/Users/medina/Projects/oer-books/advanced-algorithms-book/chapters/01-introduction.qmd,CODE,Fenced block at lines 293-298,,,python,YES,CANDIDATE,SEE code-verification-results.csv,NO,NO,LOW,Use block-level verification record,Safe automated classification plus targeted tests; unexecuted blocks remain manual review.
1,Balancing the Criteria,/Users/medina/Projects/oer-books/advanced-algorithms-book/chapters/01-introduction.qmd,MATHEMATICAL_CLAIM,- Robustness: Must handle edge cases and unexpected inputs safely,,,,NO,NO,MANUAL REVIEW,NO,NO,LOW,Verify assumptions and terminology,line 319
1,Step 3: Choose a Strategy,/Users/medina/Projects/oer-books/advanced-algorithms-book/chapters/01-introduction.qmd,MATHEMATICAL_CLAIM,"3. Greedy Make the locally optimal choice at each step. For duplicates: Process elements one by one, keeping track of what we've seen.",,,,NO,NO,MANUAL REVIEW,NO,NO,LOW,Verify assumptions and terminology,line 402
1,Step 3: Choose a Strategy,/Users/medina/Projects/oer-books/advanced-algorithms-book/chapters/01-introduction.qmd,PSEUDOCODE,Fenced block at lines 413-420,,,UNLABELED,YES,NO,SEE code-verification-results.csv,NO,NO,LOW,Use block-level verification record,Safe automated classification plus targeted tests; unexecuted blocks remain manual review.
1,Step 3: Choose a Strategy,/Users/medina/Projects/oer-books/advanced-algorithms-book/chapters/01-introduction.qmd,PSEUDOCODE,Fenced block at lines 426-427,,,UNLABELED,YES,NO,SEE code-verification-results.csv,NO,NO,LOW,Use block-level verification record,Safe automated classification plus targeted tests; unexecuted blocks remain manual review.
1,Step 4: Design the Algorithm,/Users/medina/Projects/oer-books/advanced-algorithms-book/chapters/01-introduction.qmd,PSEUDOCODE,Fenced block at lines 437-450,,,UNLABELED,YES,NO,SEE code-verification-results.csv,NO,NO,LOW,Use block-level verification record,Safe automated classification plus targeted tests; unexecuted blocks remain manual review.
1,Step 5: Trace Through Examples,/Users/medina/Projects/oer-books/advanced-algorithms-book/chapters/01-introduction.qmd,MATHEMATICAL_CLAIM,This matches our expected output! Let's quickly check an edge case:,,,,NO,NO,MANUAL REVIEW,NO,NO,LOW,Verify assumptions and terminology,line 472
1,Step 6: Analyze Complexity,/Users/medina/Projects/oer-books/advanced-algorithms-book/chapters/01-introduction.qmd,MATHEMATICAL_CLAIM,Step 6: Analyze Complexity,,,,NO,NO,MANUAL REVIEW,NO,NO,LOW,Verify assumptions and terminology,line 482
1,Step 6: Analyze Complexity,/Users/medina/Projects/oer-books/advanced-algorithms-book/chapters/01-introduction.qmd,MATHEMATICAL_CLAIM,Time Complexity:,,,,NO,NO,MANUAL REVIEW,NO,NO,LOW,Verify assumptions and terminology,line 486
1,Step 6: Analyze Complexity,/Users/medina/Projects/oer-books/advanced-algorithms-book/chapters/01-introduction.qmd,COMPLEXITY,- We process each element exactly once: O(n),,O(n),,NO,NO,REVIEWED,NO,NO,LOW,Verify assumptions and terminology,line 488
1,Step 6: Analyze Complexity,/Users/medina/Projects/oer-books/advanced-algorithms-book/chapters/01-introduction.qmd,COMPLEXITY,"- Each hash table operation (lookup, insert, update) takes O(1) on average",,O(1),,NO,NO,REVIEWED,NO,NO,LOW,Verify assumptions and terminology,line 489
1,Step 6: Analyze Complexity,/Users/medina/Projects/oer-books/advanced-algorithms-book/chapters/01-introduction.qmd,COMPLEXITY,- Total: O(n) ✓,,O(n),,NO,NO,REVIEWED,NO,NO,LOW,Verify assumptions and terminology,line 490
1,Step 6: Analyze Complexity,/Users/medina/Projects/oer-books/advanced-algorithms-book/chapters/01-introduction.qmd,MATHEMATICAL_CLAIM,Space Complexity:,,,,NO,NO,MANUAL REVIEW,NO,NO,LOW,Verify assumptions and terminology,line 492
1,Step 6: Analyze Complexity,/Users/medina/Projects/oer-books/advanced-algorithms-book/chapters/01-introduction.qmd,COMPLEXITY,- Hash table stores at most n elements: O(n),,O(n),,NO,NO,REVIEWED,NO,NO,LOW,Verify assumptions and terminology,line 494
1,Step 6: Analyze Complexity,/Users/medina/Projects/oer-books/advanced-algorithms-book/chapters/01-introduction.qmd,COMPLEXITY,- Result list stores at most n elements: O(n),,O(n),,NO,NO,REVIEWED,NO,NO,LOW,Verify assumptions and terminology,line 495
1,Step 6: Analyze Complexity,/Users/medina/Projects/oer-books/advanced-algorithms-book/chapters/01-introduction.qmd,COMPLEXITY,- Total: O(n) ✓,,O(n),,NO,NO,REVIEWED,NO,NO,LOW,Verify assumptions and terminology,line 496
1,Step 6: Analyze Complexity,/Users/medina/Projects/oer-books/advanced-algorithms-book/chapters/01-introduction.qmd,COMPLEXITY,This is quite efficient! We can't do better than O(n) time because we must examine every element at least once.,,O(n),,NO,NO,REVIEWED,NO,NO,LOW,Verify assumptions and terminology,line 498
1,Step 7: Implement,/Users/medina/Projects/oer-books/advanced-algorithms-book/chapters/01-introduction.qmd,CODE,Fenced block at lines 505-529,,O(n) O(n),python,YES,CANDIDATE,SEE code-verification-results.csv,NO,NO,LOW,Use block-level verification record,Safe automated classification plus targeted tests; unexecuted blocks remain manual review.
1,Step 8: Test Thoroughly,/Users/medina/Projects/oer-books/advanced-algorithms-book/chapters/01-introduction.qmd,CODE,Fenced block at lines 537-545,,,python,YES,CANDIDATE,SEE code-verification-results.csv,NO,NO,LOW,Use block-level verification record,Safe automated classification plus targeted tests; unexecuted blocks remain manual review.
1,When Correctness Isn't Binary,/Users/medina/Projects/oer-books/advanced-algorithms-book/chapters/01-introduction.qmd,MATHEMATICAL_CLAIM,Heuristic Algorithms: Use rules of thumb that work well in practice but lack theoretical guarantees.,,,,NO,NO,MANUAL REVIEW,NO,NO,LOW,Verify assumptions and terminology,line 574
1,"Approach 1: The ""Correct"" Way",/Users/medina/Projects/oer-books/advanced-algorithms-book/chapters/01-introduction.qmd,CODE,Fenced block at lines 589-597,,,python,YES,CANDIDATE,SEE code-verification-results.csv,NO,NO,LOW,Use block-level verification record,Safe automated classification plus targeted tests; unexecuted blocks remain manual review.
1,"Approach 1: The ""Correct"" Way",/Users/medina/Projects/oer-books/advanced-algorithms-book/chapters/01-introduction.qmd,COMPLEXITY,- Time Complexity: O(n log n) due to sorting,,O(n log n),,NO,NO,REVIEWED,NO,NO,LOW,Verify assumptions and terminology,line 603
1,"Approach 1: The ""Correct"" Way",/Users/medina/Projects/oer-books/advanced-algorithms-book/chapters/01-introduction.qmd,COMPLEXITY,- Space Complexity: O(n) for the sorted copy,,O(n),,NO,NO,REVIEWED,NO,NO,LOW,Verify assumptions and terminology,line 604
1,"Approach 2: The ""Fast"" Way (QuickSelect)",/Users/medina/Projects/oer-books/advanced-algorithms-book/chapters/01-introduction.qmd,CODE,Fenced block at lines 609-636,,,python,YES,CANDIDATE,SEE code-verification-results.csv,NO,NO,LOW,Use block-level verification record,Safe automated classification plus targeted tests; unexecuted blocks remain manual review.
1,"Approach 2: The ""Fast"" Way (QuickSelect)",/Users/medina/Projects/oer-books/advanced-algorithms-book/chapters/01-introduction.qmd,COMPLEXITY,"- Time Complexity: O(n) average case, O(n²) worst case",,O(n) O(n²),,NO,NO,REVIEWED,NO,NO,LOW,Verify assumptions and terminology,line 642
1,"Approach 2: The ""Fast"" Way (QuickSelect)",/Users/medina/Projects/oer-books/advanced-algorithms-book/chapters/01-introduction.qmd,COMPLEXITY,- Space Complexity: O(1) if implemented iteratively,,O(1),,NO,NO,REVIEWED,YES,YES,MEDIUM,Verify assumptions and terminology,line 643
1,"Approach 3: The ""Approximate"" Way",/Users/medina/Projects/oer-books/advanced-algorithms-book/chapters/01-introduction.qmd,CODE,Fenced block at lines 648-655,,,python,YES,CANDIDATE,SEE code-verification-results.csv,NO,NO,LOW,Use block-level verification record,Safe automated classification plus targeted tests; unexecuted blocks remain manual review.
1,"Approach 3: The ""Approximate"" Way",/Users/medina/Projects/oer-books/advanced-algorithms-book/chapters/01-introduction.qmd,COMPLEXITY,- Time Complexity: O(s log s) where s is sample size (constant for fixed sample size),,O(s log s),,NO,NO,REVIEWED,NO,NO,LOW,Verify assumptions and terminology,line 661
1,"Approach 3: The ""Approximate"" Way",/Users/medina/Projects/oer-books/advanced-algorithms-book/chapters/01-introduction.qmd,COMPLEXITY,- Space Complexity: O(s),,O(s),,NO,NO,REVIEWED,NO,NO,LOW,Verify assumptions and terminology,line 662
1,The Surprising Third Option: Making Algorithms Smarter,/Users/medina/Projects/oer-books/advanced-algorithms-book/chapters/01-introduction.qmd,CODE,Fenced block at lines 739-745,,,python,YES,CANDIDATE,SEE code-verification-results.csv,NO,NO,LOW,Use block-level verification record,Safe automated classification plus targeted tests; unexecuted blocks remain manual review.
1,The Surprising Third Option: Making Algorithms Smarter,/Users/medina/Projects/oer-books/advanced-algorithms-book/chapters/01-introduction.qmd,CODE,Fenced block at lines 751-754,,,python,YES,CANDIDATE,SEE code-verification-results.csv,NO,NO,LOW,Use block-level verification record,Safe automated classification plus targeted tests; unexecuted blocks remain manual review.
1,The Surprising Third Option: Making Algorithms Smarter,/Users/medina/Projects/oer-books/advanced-algorithms-book/chapters/01-introduction.qmd,CODE,Fenced block at lines 760-771,,O(n log n) O(1),python,YES,CANDIDATE,SEE code-verification-results.csv,NO,NO,LOW,Use block-level verification record,Safe automated classification plus targeted tests; unexecuted blocks remain manual review.
1,Why Do We Need Asymptotic Analysis?,/Users/medina/Projects/oer-books/advanced-algorithms-book/chapters/01-introduction.qmd,MATHEMATICAL_CLAIM,"Algorithms have the same complexity. An algorithm might be faster on small inputs but slower on large inputs. Asymptotic analysis helps us understand how algorithms behave as the input size grows toward infinity—and in the age of big data, this is often what matters most.",,,,NO,NO,MANUAL REVIEW,NO,NO,LOW,Verify assumptions and terminology,line 798
1,The Intuition Behind Big-O,/Users/medina/Projects/oer-books/advanced-algorithms-book/chapters/01-introduction.qmd,COMPLEXITY,"The Big-O Insight: For sufficiently large inputs, Algorithm A (which is O(n)) will always be faster than Algorithm B (which is O(n²)), regardless of the constant factors.",,O(n) O(n²),,NO,NO,REVIEWED,NO,NO,LOW,Verify assumptions and terminology,line 817
1,The Intuition Behind Big-O,/Users/medina/Projects/oer-books/advanced-algorithms-book/chapters/01-introduction.qmd,COMPLEXITY,"This is why we say that O(n) is ""better"" than O(n²)—not because it's always faster, but because it scales better as problems get larger.",,O(n) O(n²),,NO,NO,REVIEWED,NO,NO,LOW,Verify assumptions and terminology,line 819
1,Big-O Notation (Upper Bound),/Users/medina/Projects/oer-books/advanced-algorithms-book/chapters/01-introduction.qmd,COMPLEXITY,Definition: We say f(n) = O(g(n)) if there exist positive constants c and n₀ such that:,,O(g(n),,NO,NO,REVIEWED,NO,NO,LOW,Verify assumptions and terminology,line 827
1,Big-O Notation (Upper Bound),/Users/medina/Projects/oer-books/advanced-algorithms-book/chapters/01-introduction.qmd,PSEUDOCODE,Fenced block at lines 830-830,,,UNLABELED,YES,NO,SEE code-verification-results.csv,NO,NO,LOW,Use block-level verification record,Safe automated classification plus targeted tests; unexecuted blocks remain manual review.
1,Big-O Notation (Upper Bound),/Users/medina/Projects/oer-books/advanced-algorithms-book/chapters/01-introduction.qmd,COMPLEXITY,Example: Let's prove that 3n² + 5n + 2 = O(n²).,,O(n²),,NO,NO,REVIEWED,NO,NO,LOW,Verify assumptions and terminology,line 837
1,Big-O Notation (Upper Bound),/Users/medina/Projects/oer-books/advanced-algorithms-book/chapters/01-introduction.qmd,PSEUDOCODE,Fenced block at lines 842-842,,,UNLABELED,YES,NO,SEE code-verification-results.csv,NO,NO,LOW,Use block-level verification record,Safe automated classification plus targeted tests; unexecuted blocks remain manual review.
1,Big-O Notation (Upper Bound),/Users/medina/Projects/oer-books/advanced-algorithms-book/chapters/01-introduction.qmd,PSEUDOCODE,Fenced block at lines 855-855,,,UNLABELED,YES,NO,SEE code-verification-results.csv,NO,NO,LOW,Use block-level verification record,Safe automated classification plus targeted tests; unexecuted blocks remain manual review.
1,Big-O Notation (Upper Bound),/Users/medina/Projects/oer-books/advanced-algorithms-book/chapters/01-introduction.qmd,COMPLEXITY,"So we can choose c = 10 and n₀ = 1, proving that 3n² + 5n + 2 = O(n²). ✓",,O(n²),,NO,NO,REVIEWED,NO,NO,LOW,Verify assumptions and terminology,line 858
1,Big-Ω Notation (Lower Bound),/Users/medina/Projects/oer-books/advanced-algorithms-book/chapters/01-introduction.qmd,COMPLEXITY,Definition: We say f(n) = Ω(g(n)) if there exist positive constants c and n₀ such that:,,Ω(g(n),,NO,NO,REVIEWED,NO,NO,LOW,Verify assumptions and terminology,line 862
1,Big-Ω Notation (Lower Bound),/Users/medina/Projects/oer-books/advanced-algorithms-book/chapters/01-introduction.qmd,PSEUDOCODE,Fenced block at lines 865-865,,,UNLABELED,YES,NO,SEE code-verification-results.csv,NO,NO,LOW,Use block-level verification record,Safe automated classification plus targeted tests; unexecuted blocks remain manual review.
1,Big-Ω Notation (Lower Bound),/Users/medina/Projects/oer-books/advanced-algorithms-book/chapters/01-introduction.qmd,COMPLEXITY,Example: Let's prove that 3n² + 5n + 2 = Ω(n²).,,Ω(n²),,NO,NO,REVIEWED,NO,NO,LOW,Verify assumptions and terminology,line 870
1,Big-Ω Notation (Lower Bound),/Users/medina/Projects/oer-books/advanced-algorithms-book/chapters/01-introduction.qmd,PSEUDOCODE,Fenced block at lines 875-875,,,UNLABELED,YES,NO,SEE code-verification-results.csv,NO,NO,LOW,Use block-level verification record,Safe automated classification plus targeted tests; unexecuted blocks remain manual review.
1,Big-Ω Notation (Lower Bound),/Users/medina/Projects/oer-books/advanced-algorithms-book/chapters/01-introduction.qmd,PSEUDOCODE,Fenced block at lines 881-881,,,UNLABELED,YES,NO,SEE code-verification-results.csv,NO,NO,LOW,Use block-level verification record,Safe automated classification plus targeted tests; unexecuted blocks remain manual review.
1,Big-Θ Notation (Tight Bound),/Users/medina/Projects/oer-books/advanced-algorithms-book/chapters/01-introduction.qmd,COMPLEXITY,Definition: We say f(n) = Θ(g(n)) if f(n) = O(g(n)) AND f(n) = Ω(g(n)).,,Θ(g(n) O(g(n) Ω(g(n),,NO,NO,REVIEWED,NO,NO,LOW,Verify assumptions and terminology,line 888
1,Big-Θ Notation (Tight Bound),/Users/medina/Projects/oer-books/advanced-algorithms-book/chapters/01-introduction.qmd,COMPLEXITY,"Example: Since we proved both 3n² + 5n + 2 = O(n²) and 3n² + 5n + 2 = Ω(n²), we can conclude:",,O(n²) Ω(n²),,NO,NO,REVIEWED,YES,YES,MEDIUM,Verify assumptions and terminology,line 892
1,Big-Θ Notation (Tight Bound),/Users/medina/Projects/oer-books/advanced-algorithms-book/chapters/01-introduction.qmd,PSEUDOCODE,Fenced block at lines 895-895,,Θ(n²),UNLABELED,YES,NO,SEE code-verification-results.csv,NO,NO,LOW,Use block-level verification record,Safe automated classification plus targeted tests; unexecuted blocks remain manual review.
1,"Misconception 1: ""Big-O means exact growth rate""",/Users/medina/Projects/oer-books/advanced-algorithms-book/chapters/01-introduction.qmd,COMPLEXITY,"❌ Wrong thinking: ""Since bubble sort is O(n²), it can't also be O(n³).""",,O(n²) O(n³),,NO,NO,REVIEWED,NO,NO,LOW,Verify assumptions and terminology,line 906
1,"Misconception 1: ""Big-O means exact growth rate""",/Users/medina/Projects/oer-books/advanced-algorithms-book/chapters/01-introduction.qmd,COMPLEXITY,"✅ Correct thinking: ""Big-O gives an upper bound. If an algorithm is O(n²), it's also O(n³), O(n⁴), etc.""",,O(n²) O(n³) O(n⁴),,NO,NO,REVIEWED,NO,NO,LOW,Verify assumptions and terminology,line 908
1,"Misconception 1: ""Big-O means exact growth rate""",/Users/medina/Projects/oer-books/advanced-algorithms-book/chapters/01-introduction.qmd,COMPLEXITY,"Why this matters: Big-O tells us the worst an algorithm can be, not exactly how it behaves. Saying ""this algorithm is O(n²)"" means ""it won't be worse than quadratic,"" not ""it's exactly quadratic.""",,O(n²),,NO,NO,REVIEWED,NO,NO,LOW,Verify assumptions and terminology,line 910
1,"Misconception 1: ""Big-O means exact growth rate""",/Users/medina/Projects/oer-books/advanced-algorithms-book/chapters/01-introduction.qmd,CODE,Fenced block at lines 915-919,,,python,YES,CANDIDATE,SEE code-verification-results.csv,NO,NO,LOW,Use block-level verification record,Safe automated classification plus targeted tests; unexecuted blocks remain manual review.
1,"Misconception 1: ""Big-O means exact growth rate""",/Users/medina/Projects/oer-books/advanced-algorithms-book/chapters/01-introduction.qmd,COMPLEXITY,- O(n) ✓ (correct upper bound),,O(n),,NO,NO,REVIEWED,NO,NO,LOW,Verify assumptions and terminology,line 924
1,"Misconception 1: ""Big-O means exact growth rate""",/Users/medina/Projects/oer-books/advanced-algorithms-book/chapters/01-introduction.qmd,COMPLEXITY,- O(n²) ✓ (loose but valid upper bound),,O(n²),,NO,NO,REVIEWED,NO,NO,LOW,Verify assumptions and terminology,line 925
1,"Misconception 1: ""Big-O means exact growth rate""",/Users/medina/Projects/oer-books/advanced-algorithms-book/chapters/01-introduction.qmd,COMPLEXITY,- O(n³) ✓ (very loose but still valid upper bound),,O(n³),,NO,NO,REVIEWED,NO,NO,LOW,Verify assumptions and terminology,line 926
1,"Misconception 1: ""Big-O means exact growth rate""",/Users/medina/Projects/oer-books/advanced-algorithms-book/chapters/01-introduction.qmd,COMPLEXITY,"However, we prefer the tightest bound, so we say it's O(n).",,O(n),,NO,NO,REVIEWED,NO,NO,LOW,Verify assumptions and terminology,line 928
1,"Misconception 2: ""Constants and lower-order terms never matter""",/Users/medina/Projects/oer-books/advanced-algorithms-book/chapters/01-introduction.qmd,COMPLEXITY,"❌ Wrong thinking: ""Algorithm A takes 1000n² time, Algorithm B takes n² time. Since both are O(n²), they're equally good.""",,O(n²),,NO,NO,REVIEWED,NO,NO,LOW,Verify assumptions and terminology,line 932
1,"Misconception 2: ""Constants and lower-order terms never matter""",/Users/medina/Projects/oer-books/advanced-algorithms-book/chapters/01-introduction.qmd,COMPLEXITY,- When choosing between different complexity classes (O(n) vs O(n²)),,O(n) O(n²),,NO,NO,REVIEWED,NO,NO,LOW,Verify assumptions and terminology,line 952
1,"Misconception 3: ""Best case = O(), Worst case = Ω()""",/Users/medina/Projects/oer-books/advanced-algorithms-book/chapters/01-introduction.qmd,COMPLEXITY,"Misconception 3: ""Best case = O(), Worst case = Ω()""",,"O(), Worst case = Ω()",,NO,NO,REVIEWED,NO,NO,LOW,Verify assumptions and terminology,line 954
1,"Misconception 3: ""Best case = O(), Worst case = Ω()""",/Users/medina/Projects/oer-books/advanced-algorithms-book/chapters/01-introduction.qmd,COMPLEXITY,"❌ Wrong thinking: ""QuickSort's best case is O(n log n) and worst case is Ω(n²).""",,O(n log n) Ω(n²),,NO,NO,REVIEWED,NO,NO,LOW,Verify assumptions and terminology,line 956
1,"Misconception 3: ""Best case = O(), Worst case = Ω()""",/Users/medina/Projects/oer-books/advanced-algorithms-book/chapters/01-introduction.qmd,COMPLEXITY,"✅ Correct thinking: ""QuickSort's best case is Θ(n log n) and worst case is Θ(n²). Each case has its own Big-O, Big-Ω, and Big-Θ.""",,Θ(n log n) Θ(n²),,NO,NO,REVIEWED,NO,NO,LOW,Verify assumptions and terminology,line 958
1,"Misconception 3: ""Best case = O(), Worst case = Ω()""",/Users/medina/Projects/oer-books/advanced-algorithms-book/chapters/01-introduction.qmd,COMPLEXITY,- Best case: Θ(n log n) - this means O(n log n) AND Ω(n log n),,Θ(n log n) O(n log n) Ω(n log n),,NO,NO,REVIEWED,NO,NO,LOW,Verify assumptions and terminology,line 962
1,"Misconception 3: ""Best case = O(), Worst case = Ω()""",/Users/medina/Projects/oer-books/advanced-algorithms-book/chapters/01-introduction.qmd,COMPLEXITY,- Average case: Θ(n log n),,Θ(n log n),,NO,NO,REVIEWED,NO,NO,LOW,Verify assumptions and terminology,line 963
1,"Misconception 3: ""Best case = O(), Worst case = Ω()""",/Users/medina/Projects/oer-books/advanced-algorithms-book/chapters/01-introduction.qmd,COMPLEXITY,- Worst case: Θ(n²) - this means O(n²) AND Ω(n²),,Θ(n²) O(n²) Ω(n²),,NO,NO,REVIEWED,NO,NO,LOW,Verify assumptions and terminology,line 964
1,"Misconception 4: ""Asymptotic analysis applies to small inputs""",/Users/medina/Projects/oer-books/advanced-algorithms-book/chapters/01-introduction.qmd,COMPLEXITY,"❌ Wrong thinking: ""This O(n²) algorithm is slow even on 5 elements.""",,O(n²),,NO,NO,REVIEWED,NO,NO,LOW,Verify assumptions and terminology,line 968
1,"Misconception 4: ""Asymptotic analysis applies to small inputs""",/Users/medina/Projects/oer-books/advanced-algorithms-book/chapters/01-introduction.qmd,CODE,Fenced block at lines 975-980,,O(n²) O(n log n),python,YES,CANDIDATE,SEE code-verification-results.csv,NO,NO,LOW,Use block-level verification record,Safe automated classification plus targeted tests; unexecuted blocks remain manual review.
1,Growth Rate Hierarchy: A Roadmap,/Users/medina/Projects/oer-books/advanced-algorithms-book/chapters/01-introduction.qmd,PSEUDOCODE,Fenced block at lines 990-990,,O(1) O(log log n) O(log n) O(n^(1/3) O(√n) O(n) O(n log n) O(n²) O(n³) O(2ⁿ) O(n!) O(nⁿ),UNLABELED,YES,NO,SEE code-verification-results.csv,NO,NO,LOW,Use block-level verification record,Safe automated classification plus targeted tests; unexecuted blocks remain manual review.
1,O(1) - Constant Time,/Users/medina/Projects/oer-books/advanced-algorithms-book/chapters/01-introduction.qmd,COMPLEXITY,O(1) - Constant Time,,O(1),,NO,NO,REVIEWED,NO,NO,LOW,Verify assumptions and terminology,line 995
1,O(log n) - Logarithmic Time,/Users/medina/Projects/oer-books/advanced-algorithms-book/chapters/01-introduction.qmd,COMPLEXITY,O(log n) - Logarithmic Time,,O(log n) Logarithmic Time,,NO,NO,REVIEWED,NO,NO,LOW,Verify assumptions and terminology,line 1005
1,O(n) - Linear Time,/Users/medina/Projects/oer-books/advanced-algorithms-book/chapters/01-introduction.qmd,COMPLEXITY,O(n) - Linear Time,,O(n) Linear Time,,NO,NO,REVIEWED,NO,NO,LOW,Verify assumptions and terminology,line 1023
1,O(n log n) - Linearithmic Time,/Users/medina/Projects/oer-books/advanced-algorithms-book/chapters/01-introduction.qmd,COMPLEXITY,O(n log n) - Linearithmic Time,,O(n log n),,NO,NO,REVIEWED,NO,NO,LOW,Verify assumptions and terminology,line 1033
1,O(n²) - Quadratic Time,/Users/medina/Projects/oer-books/advanced-algorithms-book/chapters/01-introduction.qmd,COMPLEXITY,O(n²) - Quadratic Time,,O(n²) Quadratic Time,,NO,NO,REVIEWED,NO,NO,LOW,Verify assumptions and terminology,line 1045
1,O(2ⁿ) - Exponential Time,/Users/medina/Projects/oer-books/advanced-algorithms-book/chapters/01-introduction.qmd,COMPLEXITY,O(2ⁿ) - Exponential Time,,O(2ⁿ) Exponential Time,,NO,NO,REVIEWED,NO,NO,LOW,Verify assumptions and terminology,line 1061
1,O(n!) - Factorial Time,/Users/medina/Projects/oer-books/advanced-algorithms-book/chapters/01-introduction.qmd,COMPLEXITY,O(n!) - Factorial Time,,O(n!) Factorial Time,,NO,NO,REVIEWED,NO,NO,LOW,Verify assumptions and terminology,line 1079
1,O(n!) - Factorial Time,/Users/medina/Projects/oer-books/advanced-algorithms-book/chapters/01-introduction.qmd,MATHEMATICAL_CLAIM,Real-world analogy: Trying every possible ordering of a to-do list to find the optimal schedule.,,,,NO,NO,MANUAL REVIEW,NO,NO,LOW,Verify assumptions and terminology,line 1087
1,Practical Examples: Analyzing Real Algorithms,/Users/medina/Projects/oer-books/advanced-algorithms-book/chapters/01-introduction.qmd,MATHEMATICAL_CLAIM,Let's practice analyzing the time complexity of actual algorithms:,,,,NO,NO,MANUAL REVIEW,NO,NO,LOW,Verify assumptions and terminology,line 1097
1,Example 1: Nested Loops,/Users/medina/Projects/oer-books/advanced-algorithms-book/chapters/01-introduction.qmd,CODE,Fenced block at lines 1102-1106,,,python,YES,CANDIDATE,SEE code-verification-results.csv,NO,NO,LOW,Use block-level verification record,Safe automated classification plus targeted tests; unexecuted blocks remain manual review.
1,Example 1: Nested Loops,/Users/medina/Projects/oer-books/advanced-algorithms-book/chapters/01-introduction.qmd,COMPLEXITY,- Time Complexity: O(n²),,O(n²),,NO,NO,REVIEWED,NO,NO,LOW,Verify assumptions and terminology,line 1114
1,Example 2: Variable Inner Loop,/Users/medina/Projects/oer-books/advanced-algorithms-book/chapters/01-introduction.qmd,CODE,Fenced block at lines 1119-1123,,,python,YES,CANDIDATE,SEE code-verification-results.csv,NO,NO,LOW,Use block-level verification record,Safe automated classification plus targeted tests; unexecuted blocks remain manual review.
1,Example 2: Variable Inner Loop,/Users/medina/Projects/oer-books/advanced-algorithms-book/chapters/01-introduction.qmd,COMPLEXITY,- Time Complexity: O(n²) (the n² term dominates),,O(n²),,NO,NO,REVIEWED,NO,NO,LOW,Verify assumptions and terminology,line 1134
1,Example 3: Logarithmic Loop,/Users/medina/Projects/oer-books/advanced-algorithms-book/chapters/01-introduction.qmd,CODE,Fenced block at lines 1139-1151,,,python,YES,CANDIDATE,SEE code-verification-results.csv,NO,NO,LOW,Use block-level verification record,Safe automated classification plus targeted tests; unexecuted blocks remain manual review.
1,Example 3: Logarithmic Loop,/Users/medina/Projects/oer-books/advanced-algorithms-book/chapters/01-introduction.qmd,COMPLEXITY,- Time Complexity: O(log n),,O(log n),,NO,NO,REVIEWED,NO,NO,LOW,Verify assumptions and terminology,line 1159
1,Example 4: Divide and Conquer,/Users/medina/Projects/oer-books/advanced-algorithms-book/chapters/01-introduction.qmd,CODE,Fenced block at lines 1164-1189,,O(1) O(n) O(n),python,YES,CANDIDATE,SEE code-verification-results.csv,NO,NO,LOW,Use block-level verification record,Safe automated classification plus targeted tests; unexecuted blocks remain manual review.
1,Example 4: Divide and Conquer,/Users/medina/Projects/oer-books/advanced-algorithms-book/chapters/01-introduction.qmd,COMPLEXITY,- T(n) = 2T(n/2) + O(n),,O(n),,NO,NO,REVIEWED,NO,NO,LOW,Verify assumptions and terminology,line 1194
1,Example 4: Divide and Conquer,/Users/medina/Projects/oer-books/advanced-algorithms-book/chapters/01-introduction.qmd,PROOF,- By the Master Theorem (which we'll study in detail later): T(n) = O(n log n),,O(n log n),,NO,NO,MANUAL REVIEW,NO,NO,LOW,Verify assumptions and terminology,line 1196
1,Performance Prediction,/Users/medina/Projects/oer-books/advanced-algorithms-book/chapters/01-introduction.qmd,CODE,Fenced block at lines 1205-1216,,O(n²) O(n²),python,YES,CANDIDATE,SEE code-verification-results.csv,NO,NO,LOW,Use block-level verification record,Safe automated classification plus targeted tests; unexecuted blocks remain manual review.
1,Algorithm Selection,/Users/medina/Projects/oer-books/advanced-algorithms-book/chapters/01-introduction.qmd,CODE,Fenced block at lines 1222-1229,,O(n²) O(n log n) O(n log n),python,YES,CANDIDATE,SEE code-verification-results.csv,NO,NO,LOW,Use block-level verification record,Safe automated classification plus targeted tests; unexecuted blocks remain manual review.
1,Bottleneck Identification,/Users/medina/Projects/oer-books/advanced-algorithms-book/chapters/01-introduction.qmd,CODE,Fenced block at lines 1235-1249,,O(n) O(n²) O(n log n) O(n) O(n²) O(n log n) O(n²),python,YES,CANDIDATE,SEE code-verification-results.csv,NO,NO,LOW,Use block-level verification record,Safe automated classification plus targeted tests; unexecuted blocks remain manual review.
1,Amortized Analysis,/Users/medina/Projects/oer-books/advanced-algorithms-book/chapters/01-introduction.qmd,MATHEMATICAL_CLAIM,Amortized Analysis,,,,NO,NO,MANUAL REVIEW,NO,NO,LOW,Verify assumptions and terminology,line 1256
1,Amortized Analysis,/Users/medina/Projects/oer-books/advanced-algorithms-book/chapters/01-introduction.qmd,MATHEMATICAL_CLAIM,Some algorithms have expensive operations occasionally but cheap operations most of the time. Amortized analysis considers the average cost over a sequence of operations.,,,,NO,NO,MANUAL REVIEW,NO,NO,LOW,Verify assumptions and terminology,line 1258
1,Amortized Analysis,/Users/medina/Projects/oer-books/advanced-algorithms-book/chapters/01-introduction.qmd,COMPLEXITY,- Most append() operations: O(1),,O(1),,NO,NO,REVIEWED,NO,NO,LOW,Verify assumptions and terminology,line 1262
1,Amortized Analysis,/Users/medina/Projects/oer-books/advanced-algorithms-book/chapters/01-introduction.qmd,COMPLEXITY,- Occasional resize operation: O(n),,O(n),,NO,NO,REVIEWED,NO,NO,LOW,Verify assumptions and terminology,line 1263
1,Amortized Analysis,/Users/medina/Projects/oer-books/advanced-algorithms-book/chapters/01-introduction.qmd,COMPLEXITY,- Amortized cost per append: O(1),,O(1),,NO,NO,REVIEWED,NO,NO,LOW,Verify assumptions and terminology,line 1264
1,"Best, Average, and Worst Case",/Users/medina/Projects/oer-books/advanced-algorithms-book/chapters/01-introduction.qmd,MATHEMATICAL_CLAIM,"Best, Average, and Worst Case",,,,NO,NO,MANUAL REVIEW,NO,NO,LOW,Verify assumptions and terminology,line 1266
1,"Best, Average, and Worst Case",/Users/medina/Projects/oer-books/advanced-algorithms-book/chapters/01-introduction.qmd,COMPLEXITY,- Best case: O(n log n) - pivot always splits array evenly,,O(n log n),,NO,NO,REVIEWED,NO,NO,LOW,Verify assumptions and terminology,line 1272
1,"Best, Average, and Worst Case",/Users/medina/Projects/oer-books/advanced-algorithms-book/chapters/01-introduction.qmd,COMPLEXITY,- Average case: O(n log n) - pivot splits reasonably well most of the time,,O(n log n),,NO,NO,REVIEWED,NO,NO,LOW,Verify assumptions and terminology,line 1273
1,"Best, Average, and Worst Case",/Users/medina/Projects/oer-books/advanced-algorithms-book/chapters/01-introduction.qmd,COMPLEXITY,- Worst case: O(n²) - pivot is always the smallest or largest element,,O(n²),,NO,NO,REVIEWED,NO,NO,LOW,Verify assumptions and terminology,line 1274
1,"Best, Average, and Worst Case",/Users/medina/Projects/oer-books/advanced-algorithms-book/chapters/01-introduction.qmd,MATHEMATICAL_CLAIM,- If worst case is rare and acceptable: use average case,,,,NO,NO,MANUAL REVIEW,NO,NO,LOW,Verify assumptions and terminology,line 1278
1,"Best, Average, and Worst Case",/Users/medina/Projects/oer-books/advanced-algorithms-book/chapters/01-introduction.qmd,MATHEMATICAL_CLAIM,- If worst case is catastrophic: use worst case,,,,NO,NO,MANUAL REVIEW,NO,NO,LOW,Verify assumptions and terminology,line 1279
1,"Best, Average, and Worst Case",/Users/medina/Projects/oer-books/advanced-algorithms-book/chapters/01-introduction.qmd,MATHEMATICAL_CLAIM,- If you can guarantee good inputs: use best case,,,,NO,NO,MANUAL REVIEW,NO,NO,LOW,Verify assumptions and terminology,line 1280
1,Space Complexity,/Users/medina/Projects/oer-books/advanced-algorithms-book/chapters/01-introduction.qmd,MATHEMATICAL_CLAIM,Space Complexity,,,,NO,NO,MANUAL REVIEW,NO,NO,LOW,Verify assumptions and terminology,line 1282
1,Space Complexity,/Users/medina/Projects/oer-books/advanced-algorithms-book/chapters/01-introduction.qmd,CODE,Fenced block at lines 1287-1298,,O(n) O(n) O(n) O(1),python,YES,CANDIDATE,SEE code-verification-results.csv,NO,NO,LOW,Use block-level verification record,Safe automated classification plus targeted tests; unexecuted blocks remain manual review.
1,Space Complexity,/Users/medina/Projects/oer-books/advanced-algorithms-book/chapters/01-introduction.qmd,MATHEMATICAL_CLAIM,"Both have the same time complexity, but very different space requirements!",,,,NO,NO,MANUAL REVIEW,NO,NO,LOW,Verify assumptions and terminology,line 1301
1,Python: Our Language of Choice,/Users/medina/Projects/oer-books/advanced-algorithms-book/chapters/01-introduction.qmd,CODE,Fenced block at lines 1335-1345,,,bash,YES,CANDIDATE,SEE code-verification-results.csv,NO,NO,LOW,Use block-level verification record,Safe automated classification plus targeted tests; unexecuted blocks remain manual review.
1,Virtual Environments: Keeping Things Clean,/Users/medina/Projects/oer-books/advanced-algorithms-book/chapters/01-introduction.qmd,CODE,Fenced block at lines 1353-1363,,,bash,YES,CANDIDATE,SEE code-verification-results.csv,NO,NO,LOW,Use block-level verification record,Safe automated classification plus targeted tests; unexecuted blocks remain manual review.
1,Essential Libraries,/Users/medina/Projects/oer-books/advanced-algorithms-book/chapters/01-introduction.qmd,CODE,Fenced block at lines 1369-1373,,,bash,YES,CANDIDATE,SEE code-verification-results.csv,NO,NO,LOW,Use block-level verification record,Safe automated classification plus targeted tests; unexecuted blocks remain manual review.
1,Project Structure: Building for Scale,/Users/medina/Projects/oer-books/advanced-algorithms-book/chapters/01-introduction.qmd,PSEUDOCODE,Fenced block at lines 1393-1447,,,UNLABELED,YES,NO,SEE code-verification-results.csv,NO,NO,LOW,Use block-level verification record,Safe automated classification plus targeted tests; unexecuted blocks remain manual review.
1,Project Structure: Building for Scale,/Users/medina/Projects/oer-books/advanced-algorithms-book/chapters/01-introduction.qmd,CODE,Fenced block at lines 1453-1461,,,bash,YES,CANDIDATE,SEE code-verification-results.csv,NO,NO,LOW,Use block-level verification record,Safe automated classification plus targeted tests; unexecuted blocks remain manual review.
1,Version Control: Tracking Your Journey,/Users/medina/Projects/oer-books/advanced-algorithms-book/chapters/01-introduction.qmd,CODE,Fenced block at lines 1469-1539,,,bash,YES,CANDIDATE,SEE code-verification-results.csv,NO,NO,LOW,Use block-level verification record,Safe automated classification plus targeted tests; unexecuted blocks remain manual review.
1,Building Your Benchmarking Framework,/Users/medina/Projects/oer-books/advanced-algorithms-book/chapters/01-introduction.qmd,CODE,Fenced block at lines 1549-1940,,O(n) O(n log n) O(n²) O(n) O(n log n) O(n²) O(n) O(n) O(n²) O(n²) O(n log n) O(n log n) O(n) O(n²) O(n log n),python,YES,CANDIDATE,SEE code-verification-results.csv,NO,NO,LOW,Use block-level verification record,Safe automated classification plus targeted tests; unexecuted blocks remain manual review.
1,Testing Framework: Ensuring Correctness,/Users/medina/Projects/oer-books/advanced-algorithms-book/chapters/01-introduction.qmd,CODE,Fenced block at lines 1950-1982,,,python,YES,CANDIDATE,SEE code-verification-results.csv,NO,NO,LOW,Use block-level verification record,Safe automated classification plus targeted tests; unexecuted blocks remain manual review.
1,Algorithm Implementations,/Users/medina/Projects/oer-books/advanced-algorithms-book/chapters/01-introduction.qmd,CODE,Fenced block at lines 1992-2194,,O(n) O(n²) O(n²) O(1) O(n²) O(1) O(n) O(n²) O(n²) O(1),python,YES,CANDIDATE,SEE code-verification-results.csv,NO,NO,LOW,Use block-level verification record,Safe automated classification plus targeted tests; unexecuted blocks remain manual review.
1,Complete Working Example,/Users/medina/Projects/oer-books/advanced-algorithms-book/chapters/01-introduction.qmd,CODE,Fenced block at lines 2204-2372,,,python,YES,CANDIDATE,SEE code-verification-results.csv,NO,NO,LOW,Use block-level verification record,Safe automated classification plus targeted tests; unexecuted blocks remain manual review.
1,Complete Working Example,/Users/medina/Projects/oer-books/advanced-algorithms-book/chapters/01-introduction.qmd,CODE,Fenced block at lines 2386-2416,,,python,YES,CANDIDATE,SEE code-verification-results.csv,NO,NO,LOW,Use block-level verification record,Safe automated classification plus targeted tests; unexecuted blocks remain manual review.
1,What You've Accomplished,/Users/medina/Projects/oer-books/advanced-algorithms-book/chapters/01-introduction.qmd,MATHEMATICAL_CLAIM,- Analyzed empirical complexity and validated theoretical predictions,,,,NO,NO,MANUAL REVIEW,NO,NO,LOW,Verify assumptions and terminology,line 2441
1,Looking Ahead: Week 2 Preview,/Users/medina/Projects/oer-books/advanced-algorithms-book/chapters/01-introduction.qmd,COMPLEXITY,- Merge Sort: Guaranteed O(n log n) performance,,O(n log n),,NO,NO,REVIEWED,NO,NO,LOW,Verify assumptions and terminology,line 2484
1,Looking Ahead: Week 2 Preview,/Users/medina/Projects/oer-books/advanced-algorithms-book/chapters/01-introduction.qmd,COMPLEXITY,- QuickSort: Average-case O(n log n) with randomization,,O(n log n),,NO,NO,REVIEWED,NO,NO,LOW,Verify assumptions and terminology,line 2485
1,Looking Ahead: Week 2 Preview,/Users/medina/Projects/oer-books/advanced-algorithms-book/chapters/01-introduction.qmd,PROOF,- Master Theorem for analyzing recurrence relations,,,,NO,NO,MANUAL REVIEW,NO,NO,LOW,Verify assumptions and terminology,line 2490
1,Looking Ahead: Week 2 Preview,/Users/medina/Projects/oer-books/advanced-algorithms-book/chapters/01-introduction.qmd,COMPLEXITY,- Understanding why O(n log n) is optimal for comparison-based sorting,,O(n log n),,NO,NO,REVIEWED,NO,NO,LOW,Verify assumptions and terminology,line 2492
1,Theoretical Problems,/Users/medina/Projects/oer-books/advanced-algorithms-book/chapters/01-introduction.qmd,MATHEMATICAL_CLAIM,- How do language features affect implementation complexity?,,,,NO,NO,MANUAL REVIEW,NO,NO,LOW,Verify assumptions and terminology,line 2541
1,Theoretical Problems,/Users/medina/Projects/oer-books/advanced-algorithms-book/chapters/01-introduction.qmd,PROOF,Problem 1.2: Asymptotic Proof Practice (20 points),,,,NO,NO,MANUAL REVIEW,NO,NO,LOW,Verify assumptions and terminology,line 2548
1,Theoretical Problems,/Users/medina/Projects/oer-books/advanced-algorithms-book/chapters/01-introduction.qmd,COMPLEXITY,Part A: Prove using formal definitions that 5n³ + 3n² + 2n + 1 = O(n³),,O(n³),,NO,NO,REVIEWED,NO,NO,LOW,Verify assumptions and terminology,line 2550
1,Theoretical Problems,/Users/medina/Projects/oer-books/advanced-algorithms-book/chapters/01-introduction.qmd,COMPLEXITY,Part B: Prove using formal definitions that 5n³ + 3n² + 2n + 1 = Ω(n³),,Ω(n³),,NO,NO,REVIEWED,NO,NO,LOW,Verify assumptions and terminology,line 2556
1,Theoretical Problems,/Users/medina/Projects/oer-books/advanced-algorithms-book/chapters/01-introduction.qmd,COMPLEXITY,Part D: Prove or disprove: 2n² + 100n = O(n²),,O(n²),,NO,NO,REVIEWED,NO,NO,LOW,Verify assumptions and terminology,line 2563
1,Theoretical Problems,/Users/medina/Projects/oer-books/advanced-algorithms-book/chapters/01-introduction.qmd,MATHEMATICAL_CLAIM,Problem 1.3: Complexity Analysis Challenge (25 points),,,,NO,NO,MANUAL REVIEW,NO,NO,LOW,Verify assumptions and terminology,line 2567
1,Theoretical Problems,/Users/medina/Projects/oer-books/advanced-algorithms-book/chapters/01-introduction.qmd,MATHEMATICAL_CLAIM,"Analyze the time complexity of these code fragments. For recursive functions, write the recurrence relation and solve it.",,,,NO,NO,MANUAL REVIEW,NO,NO,LOW,Verify assumptions and terminology,line 2569
1,Theoretical Problems,/Users/medina/Projects/oer-books/advanced-algorithms-book/chapters/01-introduction.qmd,CODE,Fenced block at lines 2574-2614,,,python,YES,CANDIDATE,SEE code-verification-results.csv,NO,NO,LOW,Use block-level verification record,Safe automated classification plus targeted tests; unexecuted blocks remain manual review.
1,Theoretical Problems,/Users/medina/Projects/oer-books/advanced-algorithms-book/chapters/01-introduction.qmd,MATHEMATICAL_CLAIM,1. Determine the time complexity,,,,NO,NO,MANUAL REVIEW,NO,NO,LOW,Verify assumptions and terminology,line 2619
1,Theoretical Problems,/Users/medina/Projects/oer-books/advanced-algorithms-book/chapters/01-introduction.qmd,MATHEMATICAL_CLAIM,- Time complexity,,,,NO,NO,MANUAL REVIEW,NO,NO,LOW,Verify assumptions and terminology,line 2638
1,Theoretical Problems,/Users/medina/Projects/oer-books/advanced-algorithms-book/chapters/01-introduction.qmd,MATHEMATICAL_CLAIM,- Space complexity,,,,NO,NO,MANUAL REVIEW,NO,NO,LOW,Verify assumptions and terminology,line 2639
1,Theoretical Problems,/Users/medina/Projects/oer-books/advanced-algorithms-book/chapters/01-introduction.qmd,MATHEMATICAL_CLAIM,- Correctness guarantees,,,,NO,NO,MANUAL REVIEW,NO,NO,LOW,Verify assumptions and terminology,line 2640
1,Practical Programming Problems,/Users/medina/Projects/oer-books/advanced-algorithms-book/chapters/01-introduction.qmd,CODE,Fenced block at lines 2682-2694,,,python,YES,CANDIDATE,SEE code-verification-results.csv,NO,NO,LOW,Use block-level verification record,Safe automated classification plus targeted tests; unexecuted blocks remain manual review.
1,Practical Programming Problems,/Users/medina/Projects/oer-books/advanced-algorithms-book/chapters/01-introduction.qmd,CODE,Fenced block at lines 2702-2712,,,python,YES,CANDIDATE,SEE code-verification-results.csv,NO,NO,LOW,Use block-level verification record,Safe automated classification plus targeted tests; unexecuted blocks remain manual review.
1,Practical Programming Problems,/Users/medina/Projects/oer-books/advanced-algorithms-book/chapters/01-introduction.qmd,CODE,Fenced block at lines 2720-2725,,,python,YES,CANDIDATE,SEE code-verification-results.csv,NO,NO,LOW,Use block-level verification record,Safe automated classification plus targeted tests; unexecuted blocks remain manual review.
1,Practical Programming Problems,/Users/medina/Projects/oer-books/advanced-algorithms-book/chapters/01-introduction.qmd,CODE,Fenced block at lines 2739-2750,,,python,YES,CANDIDATE,SEE code-verification-results.csv,NO,NO,LOW,Use block-level verification record,Safe automated classification plus targeted tests; unexecuted blocks remain manual review.
1,Practical Programming Problems,/Users/medina/Projects/oer-books/advanced-algorithms-book/chapters/01-introduction.qmd,MATHEMATICAL_CLAIM,Part A: Complexity Validation,,,,NO,NO,MANUAL REVIEW,NO,NO,LOW,Verify assumptions and terminology,line 2772
1,Practical Programming Problems,/Users/medina/Projects/oer-books/advanced-algorithms-book/chapters/01-introduction.qmd,MATHEMATICAL_CLAIM,2. Validate theoretical complexities for all three sorting algorithms,,,,NO,NO,MANUAL REVIEW,NO,NO,LOW,Verify assumptions and terminology,line 2775
1,Practical Programming Problems,/Users/medina/Projects/oer-books/advanced-algorithms-book/chapters/01-introduction.qmd,MATHEMATICAL_CLAIM,3. Measure the constants in the complexity expressions,,,,NO,NO,MANUAL REVIEW,NO,NO,LOW,Verify assumptions and terminology,line 2776
1,Theoretical Problems (40% of total),/Users/medina/Projects/oer-books/advanced-algorithms-book/chapters/01-introduction.qmd,PROOF,"- Correctness (60%): Mathematical rigor, proper notation, valid proofs",,,,NO,NO,MANUAL REVIEW,NO,NO,LOW,Verify assumptions and terminology,line 2877
1,Submission Guidelines,/Users/medina/Projects/oer-books/advanced-algorithms-book/chapters/01-introduction.qmd,PSEUDOCODE,Fenced block at lines 2899-2920,,,UNLABELED,YES,NO,SEE code-verification-results.csv,NO,NO,LOW,Use block-level verification record,Safe automated classification plus targeted tests; unexecuted blocks remain manual review.
2,Welcome to the Power of Recursion {.unnumbered},/Users/medina/Projects/oer-books/advanced-algorithms-book/chapters/02-Divide-and-Conquer.qmd,COMPLEXITY,"In Chapter 1, we learned to analyze algorithms and implemented basic sorting methods that worked directly on the entire input. Those algorithms—bubble sort, selection sort, insertion sort—all had O(n²) time complexity in the worst case. Now we're going to blow past that limitation. By the end of this chapter, you'll understand and implement sorting algorithms that run in O(n log n) time, making them thousands of times faster on large datasets. The key? Divide and conquer.",,O(n²) O(n log n),,NO,NO,REVIEWED,YES,YES,MEDIUM,Verify assumptions and terminology,line 14
2,Why This Matters {.unnumbered},/Users/medina/Projects/oer-books/advanced-algorithms-book/chapters/02-Divide-and-Conquer.qmd,COMPLEXITY,🔍 Binary Search: Finding elements in sorted arrays in O(log n) time instead of O(n),,O(log n) O(n),,NO,NO,REVIEWED,NO,NO,LOW,Verify assumptions and terminology,line 20
2,What You'll Learn {.unnumbered},/Users/medina/Projects/oer-books/advanced-algorithms-book/chapters/02-Divide-and-Conquer.qmd,COMPLEXITY,2. Merge Sort: A guaranteed O(n log n) sorting algorithm with elegant simplicity,,O(n log n),,NO,NO,REVIEWED,NO,NO,LOW,Verify assumptions and terminology,line 39
2,What You'll Learn {.unnumbered},/Users/medina/Projects/oer-books/advanced-algorithms-book/chapters/02-Divide-and-Conquer.qmd,COMPLEXITY,3. QuickSort: The practical champion of sorting with average-case O(n log n) performance,,O(n log n),,NO,NO,REVIEWED,NO,NO,LOW,Verify assumptions and terminology,line 40
2,What You'll Learn {.unnumbered},/Users/medina/Projects/oer-books/advanced-algorithms-book/chapters/02-Divide-and-Conquer.qmd,PROOF,5. Master Theorem: A powerful formula for solving common recurrences quickly,,,,NO,NO,MANUAL REVIEW,NO,NO,LOW,Verify assumptions and terminology,line 42
2,Real-World Analogy: Organizing a Tournament,/Users/medina/Projects/oer-books/advanced-algorithms-book/chapters/02-Divide-and-Conquer.qmd,COMPLEXITY,- Time complexity: O(n²),,O(n²),,NO,NO,REVIEWED,NO,NO,LOW,Verify assumptions and terminology,line 90
2,Real-World Analogy: Organizing a Tournament,/Users/medina/Projects/oer-books/advanced-algorithms-book/chapters/02-Divide-and-Conquer.qmd,COMPLEXITY,"- Time complexity: O(n)... actually O(n) in this case, but O(log n) rounds!",,O(n) O(n) O(log n),,NO,NO,REVIEWED,NO,NO,LOW,Verify assumptions and terminology,line 99
2,A Simple Example: Finding Maximum Element,/Users/medina/Projects/oer-books/advanced-algorithms-book/chapters/02-Divide-and-Conquer.qmd,CODE,Fenced block at lines 112-118,,O(n) O(1),python,YES,CANDIDATE,SEE code-verification-results.csv,NO,NO,LOW,Use block-level verification record,Safe automated classification plus targeted tests; unexecuted blocks remain manual review.
2,A Simple Example: Finding Maximum Element,/Users/medina/Projects/oer-books/advanced-algorithms-book/chapters/02-Divide-and-Conquer.qmd,CODE,Fenced block at lines 124-150,,O(n),python,YES,CANDIDATE,SEE code-verification-results.csv,NO,NO,LOW,Use block-level verification record,Safe automated classification plus targeted tests; unexecuted blocks remain manual review.
2,A Simple Example: Finding Maximum Element,/Users/medina/Projects/oer-books/advanced-algorithms-book/chapters/02-Divide-and-Conquer.qmd,COMPLEXITY,- Divide: Split array into two halves → O(1),,O(1),,NO,NO,REVIEWED,NO,NO,LOW,Verify assumptions and terminology,line 155
2,A Simple Example: Finding Maximum Element,/Users/medina/Projects/oer-books/advanced-algorithms-book/chapters/02-Divide-and-Conquer.qmd,COMPLEXITY,- Combine: Compare two numbers → O(1),,O(1),,NO,NO,REVIEWED,NO,NO,LOW,Verify assumptions and terminology,line 157
2,A Simple Example: Finding Maximum Element,/Users/medina/Projects/oer-books/advanced-algorithms-book/chapters/02-Divide-and-Conquer.qmd,COMPLEXITY,Recurrence relation: T(n) = 2T(n/2) + O(1) Solution: T(n) = O(n),,O(1) O(n),,NO,NO,REVIEWED,NO,NO,LOW,Verify assumptions and terminology,line 159
2,A Simple Example: Finding Maximum Element,/Users/medina/Projects/oer-books/advanced-algorithms-book/chapters/02-Divide-and-Conquer.qmd,MATHEMATICAL_CLAIM,Wait—we got the same time complexity as the iterative version! So why bother with divide and conquer?,,,,NO,NO,MANUAL REVIEW,NO,NO,LOW,Verify assumptions and terminology,line 161
2,A Simple Example: Finding Maximum Element,/Users/medina/Projects/oer-books/advanced-algorithms-book/chapters/02-Divide-and-Conquer.qmd,MATHEMATICAL_CLAIM,2. Pattern Practice: Understanding this simple example prepares us for problems where divide and conquer DOES improve complexity,,,,NO,NO,MANUAL REVIEW,NO,NO,LOW,Verify assumptions and terminology,line 166
2,When Does Divide and Conquer Help?,/Users/medina/Projects/oer-books/advanced-algorithms-book/chapters/02-Divide-and-Conquer.qmd,MATHEMATICAL_CLAIM,Divide and conquer typically improves time complexity when:,,,,NO,NO,MANUAL REVIEW,NO,NO,LOW,Verify assumptions and terminology,line 173
2,When Does Divide and Conquer Help?,/Users/medina/Projects/oer-books/advanced-algorithms-book/chapters/02-Divide-and-Conquer.qmd,COMPLEXITY,✅ Subproblems are independent (can be solved separately) ✅ Combining solutions is relatively cheap (ideally O(n) or better) ✅ Problem size reduces significantly (usually by half or more) ✅ Base cases are simple (direct solutions exist for small inputs),,O(n),,NO,NO,REVIEWED,NO,NO,LOW,Verify assumptions and terminology,line 175
2,When Does Divide and Conquer Help?,/Users/medina/Projects/oer-books/advanced-algorithms-book/chapters/02-Divide-and-Conquer.qmd,COMPLEXITY,"- Sorting (merge sort, quicksort): O(n²) → O(n log n)",,O(n²) O(n log n),,NO,NO,REVIEWED,NO,NO,LOW,Verify assumptions and terminology,line 179
2,When Does Divide and Conquer Help?,/Users/medina/Projects/oer-books/advanced-algorithms-book/chapters/02-Divide-and-Conquer.qmd,COMPLEXITY,- Binary search: O(n) → O(log n),,O(n) O(log n),,NO,NO,REVIEWED,NO,NO,LOW,Verify assumptions and terminology,line 180
2,When Does Divide and Conquer Help?,/Users/medina/Projects/oer-books/advanced-algorithms-book/chapters/02-Divide-and-Conquer.qmd,COMPLEXITY,- Matrix multiplication (Strassen's): O(n³) → O(n^2.807),,O(n³) O(n^2.807),,NO,NO,REVIEWED,NO,NO,LOW,Verify assumptions and terminology,line 181
2,When Does Divide and Conquer Help?,/Users/medina/Projects/oer-books/advanced-algorithms-book/chapters/02-Divide-and-Conquer.qmd,COMPLEXITY,- Integer multiplication (Karatsuba): O(n²) → O(n^1.585),,O(n²) O(n^1.585),,NO,NO,REVIEWED,NO,NO,LOW,Verify assumptions and terminology,line 182
2,The Recursion Tree: Visualizing Divide and Conquer,/Users/medina/Projects/oer-books/advanced-algorithms-book/chapters/02-Divide-and-Conquer.qmd,PSEUDOCODE,Fenced block at lines 195-212,,,UNLABELED,YES,NO,SEE code-verification-results.csv,NO,NO,LOW,Use block-level verification record,Safe automated classification plus targeted tests; unexecuted blocks remain manual review.
2,The Recursion Tree: Visualizing Divide and Conquer,/Users/medina/Projects/oer-books/advanced-algorithms-book/chapters/02-Divide-and-Conquer.qmd,COMPLEXITY,2. Work per level: We compare all n elements once per level → O(n) per level,,O(n),,NO,NO,REVIEWED,NO,NO,LOW,Verify assumptions and terminology,line 218
2,The Recursion Tree: Visualizing Divide and Conquer,/Users/medina/Projects/oer-books/advanced-algorithms-book/chapters/02-Divide-and-Conquer.qmd,COMPLEXITY,"3. Total work: O(n) × log(n) levels = O(n log n)... wait, no!",,O(n) O(n log n),,NO,NO,REVIEWED,NO,NO,LOW,Verify assumptions and terminology,line 219
2,The Recursion Tree: Visualizing Divide and Conquer,/Users/medina/Projects/oer-books/advanced-algorithms-book/chapters/02-Divide-and-Conquer.qmd,COMPLEXITY,"Each level processes n elements total, and there are log(n) levels, but the combine step is O(1), so total is O(n).",,O(1) O(n),,NO,NO,REVIEWED,NO,NO,LOW,Verify assumptions and terminology,line 228
2,The Recursion Tree: Visualizing Divide and Conquer,/Users/medina/Projects/oer-books/advanced-algorithms-book/chapters/02-Divide-and-Conquer.qmd,MATHEMATICAL_CLAIM,Important lesson: The combine step's complexity determines whether divide and conquer helps! We'll see this more clearly with merge sort.,,,,NO,NO,MANUAL REVIEW,NO,NO,LOW,Verify assumptions and terminology,line 230
2,Designing Divide and Conquer Algorithms: A Checklist,/Users/medina/Projects/oer-books/advanced-algorithms-book/chapters/02-Divide-and-Conquer.qmd,COMPLEXITY,- Example: Merging two sorted arrays takes O(n) time,,O(n),,NO,NO,REVIEWED,NO,NO,LOW,Verify assumptions and terminology,line 258
2,Designing Divide and Conquer Algorithms: A Checklist,/Users/medina/Projects/oer-books/advanced-algorithms-book/chapters/02-Divide-and-Conquer.qmd,MATHEMATICAL_CLAIM,- Solve it to find time complexity,,,,NO,NO,MANUAL REVIEW,NO,NO,LOW,Verify assumptions and terminology,line 263
2,Merge Sort - Guaranteed O(n log n) Performance,/Users/medina/Projects/oer-books/advanced-algorithms-book/chapters/02-Divide-and-Conquer.qmd,COMPLEXITY,Merge Sort - Guaranteed O(n log n) Performance,,O(n log n),,NO,NO,REVIEWED,NO,NO,LOW,Verify assumptions and terminology,line 270
2,The Sorting Challenge Revisited,/Users/medina/Projects/oer-books/advanced-algorithms-book/chapters/02-Divide-and-Conquer.qmd,COMPLEXITY,"In Chapter 1, we implemented three sorting algorithms: bubble sort, selection sort, and insertion sort. All three have O(n²) worst-case time complexity. For small arrays, that's fine. But what about sorting a million elements?",,O(n²),,NO,NO,REVIEWED,YES,YES,MEDIUM,Verify assumptions and terminology,line 274
2,The Sorting Challenge Revisited,/Users/medina/Projects/oer-books/advanced-algorithms-book/chapters/02-Divide-and-Conquer.qmd,COMPLEXITY,"O(n²) algorithms: 1,000,000² = 1,000,000,000,000 operations (1 trillion!) O(n log n) algorithms: 1,000,000 × log₂(1,000,000) ≈ 20,000,000 operations (20 million)",,O(n²) O(n log n),,NO,NO,REVIEWED,NO,NO,LOW,Verify assumptions and terminology,line 276
2,The Sorting Challenge Revisited,/Users/medina/Projects/oer-books/advanced-algorithms-book/chapters/02-Divide-and-Conquer.qmd,COMPLEXITY,Merge sort achieves O(n log n) by using divide and conquer:,,O(n log n),,NO,NO,REVIEWED,NO,NO,LOW,Verify assumptions and terminology,line 280
2,The Merge Operation: The Secret Sauce,/Users/medina/Projects/oer-books/advanced-algorithms-book/chapters/02-Divide-and-Conquer.qmd,PSEUDOCODE,Fenced block at lines 297-299,,,UNLABELED,YES,NO,SEE code-verification-results.csv,NO,NO,LOW,Use block-level verification record,Safe automated classification plus targeted tests; unexecuted blocks remain manual review.
2,The Merge Operation: The Secret Sauce,/Users/medina/Projects/oer-books/advanced-algorithms-book/chapters/02-Divide-and-Conquer.qmd,CODE,Fenced block at lines 307-341,,O(n + m) O(n + m),python,YES,CANDIDATE,SEE code-verification-results.csv,NO,NO,LOW,Use block-level verification record,Safe automated classification plus targeted tests; unexecuted blocks remain manual review.
2,The Merge Operation: The Secret Sauce,/Users/medina/Projects/oer-books/advanced-algorithms-book/chapters/02-Divide-and-Conquer.qmd,PSEUDOCODE,Fenced block at lines 347-374,,,UNLABELED,YES,NO,SEE code-verification-results.csv,NO,NO,LOW,Use block-level verification record,Safe automated classification plus targeted tests; unexecuted blocks remain manual review.
2,The Merge Operation: The Secret Sauce,/Users/medina/Projects/oer-books/advanced-algorithms-book/chapters/02-Divide-and-Conquer.qmd,COMPLEXITY,- Time complexity: O(n + m) where n and m are the lengths of the input arrays,,O(n + m),,NO,NO,REVIEWED,NO,NO,LOW,Verify assumptions and terminology,line 381
2,The Merge Operation: The Secret Sauce,/Users/medina/Projects/oer-books/advanced-algorithms-book/chapters/02-Divide-and-Conquer.qmd,COMPLEXITY,"- In the context of merge sort, this will be O(n) where n is the total number of elements",,O(n),,NO,NO,REVIEWED,NO,NO,LOW,Verify assumptions and terminology,line 382
2,The Complete Merge Sort Algorithm,/Users/medina/Projects/oer-books/advanced-algorithms-book/chapters/02-Divide-and-Conquer.qmd,CODE,Fenced block at lines 391-443,,O(n log n) O(n),python,YES,CANDIDATE,SEE code-verification-results.csv,NO,NO,LOW,Use block-level verification record,Safe automated classification plus targeted tests; unexecuted blocks remain manual review.
2,The Complete Merge Sort Algorithm,/Users/medina/Projects/oer-books/advanced-algorithms-book/chapters/02-Divide-and-Conquer.qmd,PSEUDOCODE,Fenced block at lines 451-467,,,UNLABELED,YES,NO,SEE code-verification-results.csv,NO,NO,LOW,Use block-level verification record,Safe automated classification plus targeted tests; unexecuted blocks remain manual review.
2,The Complete Merge Sort Algorithm,/Users/medina/Projects/oer-books/advanced-algorithms-book/chapters/02-Divide-and-Conquer.qmd,PSEUDOCODE,Fenced block at lines 473-484,,,UNLABELED,YES,NO,SEE code-verification-results.csv,NO,NO,LOW,Use block-level verification record,Safe automated classification plus targeted tests; unexecuted blocks remain manual review.
2,Correctness Proof for Merge Sort,/Users/medina/Projects/oer-books/advanced-algorithms-book/chapters/02-Divide-and-Conquer.qmd,PROOF,Correctness Proof for Merge Sort,,,,NO,NO,MANUAL REVIEW,NO,NO,LOW,Verify assumptions and terminology,line 487
2,Correctness Proof for Merge Sort,/Users/medina/Projects/oer-books/advanced-algorithms-book/chapters/02-Divide-and-Conquer.qmd,PROOF,Theorem: Merge sort correctly sorts any array of comparable elements.,,,,NO,NO,MANUAL REVIEW,NO,NO,LOW,Verify assumptions and terminology,line 491
2,Correctness Proof for Merge Sort,/Users/medina/Projects/oer-books/advanced-algorithms-book/chapters/02-Divide-and-Conquer.qmd,PROOF,Proof by induction on array size n:,,,,NO,NO,MANUAL REVIEW,NO,NO,LOW,Verify assumptions and terminology,line 493
2,Correctness Proof for Merge Sort,/Users/medina/Projects/oer-books/advanced-algorithms-book/chapters/02-Divide-and-Conquer.qmd,PROOF,Proof that merge is correct:,,,,NO,NO,MANUAL REVIEW,NO,NO,LOW,Verify assumptions and terminology,line 516
2,Time Complexity Analysis,/Users/medina/Projects/oer-books/advanced-algorithms-book/chapters/02-Divide-and-Conquer.qmd,MATHEMATICAL_CLAIM,Time Complexity Analysis,,,,NO,NO,MANUAL REVIEW,NO,NO,LOW,Verify assumptions and terminology,line 525
2,Time Complexity Analysis,/Users/medina/Projects/oer-books/advanced-algorithms-book/chapters/02-Divide-and-Conquer.qmd,COMPLEXITY,Divide step: Finding the midpoint takes O(1) time,,O(1),,NO,NO,REVIEWED,NO,NO,LOW,Verify assumptions and terminology,line 529
2,Time Complexity Analysis,/Users/medina/Projects/oer-books/advanced-algorithms-book/chapters/02-Divide-and-Conquer.qmd,COMPLEXITY,Combine step: Merging takes O(n) time (we process each element once),,O(n),,NO,NO,REVIEWED,NO,NO,LOW,Verify assumptions and terminology,line 533
2,Time Complexity Analysis,/Users/medina/Projects/oer-books/advanced-algorithms-book/chapters/02-Divide-and-Conquer.qmd,PSEUDOCODE,Fenced block at lines 538-539,,O(n) O(1),UNLABELED,YES,NO,SEE code-verification-results.csv,NO,NO,LOW,Use block-level verification record,Safe automated classification plus targeted tests; unexecuted blocks remain manual review.
2,Time Complexity Analysis,/Users/medina/Projects/oer-books/advanced-algorithms-book/chapters/02-Divide-and-Conquer.qmd,PSEUDOCODE,Fenced block at lines 545-552,,O(n log n),UNLABELED,YES,NO,SEE code-verification-results.csv,NO,NO,LOW,Use block-level verification record,Safe automated classification plus targeted tests; unexecuted blocks remain manual review.
2,Time Complexity Analysis,/Users/medina/Projects/oer-books/advanced-algorithms-book/chapters/02-Divide-and-Conquer.qmd,PSEUDOCODE,Fenced block at lines 558-569,,O(n log n),UNLABELED,YES,NO,SEE code-verification-results.csv,NO,NO,LOW,Use block-level verification record,Safe automated classification plus targeted tests; unexecuted blocks remain manual review.
2,Time Complexity Analysis,/Users/medina/Projects/oer-books/advanced-algorithms-book/chapters/02-Divide-and-Conquer.qmd,PROOF,Formal proof using substitution method:,,,,NO,NO,MANUAL REVIEW,NO,NO,LOW,Verify assumptions and terminology,line 572
2,Time Complexity Analysis,/Users/medina/Projects/oer-books/advanced-algorithms-book/chapters/02-Divide-and-Conquer.qmd,PSEUDOCODE,Fenced block at lines 583-589,,,UNLABELED,YES,NO,SEE code-verification-results.csv,NO,NO,LOW,Use block-level verification record,Safe automated classification plus targeted tests; unexecuted blocks remain manual review.
2,Time Complexity Analysis,/Users/medina/Projects/oer-books/advanced-algorithms-book/chapters/02-Divide-and-Conquer.qmd,COMPLEXITY,Therefore T(n) = O(n log n) ✓,,O(n log n),,NO,NO,REVIEWED,NO,NO,LOW,Verify assumptions and terminology,line 592
2,Time Complexity Analysis,/Users/medina/Projects/oer-books/advanced-algorithms-book/chapters/02-Divide-and-Conquer.qmd,COMPLEXITY,Why O(n log n) is significantly better than O(n²):,,O(n log n) O(n²),,NO,NO,REVIEWED,NO,NO,LOW,Verify assumptions and terminology,line 594
2,Time Complexity Analysis,/Users/medina/Projects/oer-books/advanced-algorithms-book/chapters/02-Divide-and-Conquer.qmd,COMPLEXITY,|Input Size|O(n²) Operations|O(n log n) Operations|Speedup|,,O(n²) O(n log n),,NO,NO,REVIEWED,NO,NO,LOW,Verify assumptions and terminology,line 596
2,Space Complexity Analysis,/Users/medina/Projects/oer-books/advanced-algorithms-book/chapters/02-Divide-and-Conquer.qmd,MATHEMATICAL_CLAIM,Space Complexity Analysis,,,,NO,NO,MANUAL REVIEW,NO,NO,LOW,Verify assumptions and terminology,line 606
2,Space Complexity Analysis,/Users/medina/Projects/oer-books/advanced-algorithms-book/chapters/02-Divide-and-Conquer.qmd,COMPLEXITY,"Unlike our O(n²) sorting algorithms from Chapter 1 (which sorted in-place), merge sort requires additional memory:",,O(n²),,NO,NO,REVIEWED,NO,NO,LOW,Verify assumptions and terminology,line 608
2,Space Complexity Analysis,/Users/medina/Projects/oer-books/advanced-algorithms-book/chapters/02-Divide-and-Conquer.qmd,COMPLEXITY,Total space complexity: O(n),,O(n),,NO,NO,REVIEWED,NO,NO,LOW,Verify assumptions and terminology,line 620
2,Space Complexity Analysis,/Users/medina/Projects/oer-books/advanced-algorithms-book/chapters/02-Divide-and-Conquer.qmd,COMPLEXITY,"However, the merges at different levels don't overlap in time, so we can reuse space. The dominant factor is O(n) for the merge operations plus O(log n) for the recursion stack, giving us O(n) total space complexity.",,O(n) O(log n) O(n),,NO,NO,REVIEWED,NO,NO,LOW,Verify assumptions and terminology,line 629
2,Merge Sort Properties,/Users/medina/Projects/oer-books/advanced-algorithms-book/chapters/02-Divide-and-Conquer.qmd,COMPLEXITY,"- Guaranteed O(n log n) in worst, average, and best cases (predictable performance)",,O(n log n),,NO,NO,REVIEWED,NO,NO,LOW,Verify assumptions and terminology,line 639
2,Merge Sort Properties,/Users/medina/Projects/oer-books/advanced-algorithms-book/chapters/02-Divide-and-Conquer.qmd,COMPLEXITY,- O(n) extra space required (not in-place),,O(n),,NO,NO,REVIEWED,NO,NO,LOW,Verify assumptions and terminology,line 648
2,Merge Sort Properties,/Users/medina/Projects/oer-books/advanced-algorithms-book/chapters/02-Divide-and-Conquer.qmd,MATHEMATICAL_CLAIM,- Cache-unfriendly: Memory access pattern isn't optimal for modern CPUs,,,,NO,NO,MANUAL REVIEW,NO,NO,LOW,Verify assumptions and terminology,line 651
2,Optimizing Merge Sort,/Users/medina/Projects/oer-books/advanced-algorithms-book/chapters/02-Divide-and-Conquer.qmd,CODE,Fenced block at lines 660-673,,,python,YES,CANDIDATE,SEE code-verification-results.csv,NO,NO,LOW,Use block-level verification record,Safe automated classification plus targeted tests; unexecuted blocks remain manual review.
2,Optimizing Merge Sort,/Users/medina/Projects/oer-books/advanced-algorithms-book/chapters/02-Divide-and-Conquer.qmd,COMPLEXITY,- O(n²) vs O(n log n) doesn't matter when n ≤ 10,,O(n²) O(n log n),,NO,NO,REVIEWED,NO,NO,LOW,Verify assumptions and terminology,line 679
2,Optimizing Merge Sort,/Users/medina/Projects/oer-books/advanced-algorithms-book/chapters/02-Divide-and-Conquer.qmd,CODE,Fenced block at lines 686-699,,,python,YES,CANDIDATE,SEE code-verification-results.csv,NO,NO,LOW,Use block-level verification record,Safe automated classification plus targeted tests; unexecuted blocks remain manual review.
2,Optimizing Merge Sort,/Users/medina/Projects/oer-books/advanced-algorithms-book/chapters/02-Divide-and-Conquer.qmd,CODE,Fenced block at lines 713-721,,,python,YES,CANDIDATE,SEE code-verification-results.csv,NO,NO,LOW,Use block-level verification record,Safe automated classification plus targeted tests; unexecuted blocks remain manual review.
2,Why Another Sorting Algorithm?,/Users/medina/Projects/oer-books/advanced-algorithms-book/chapters/02-Divide-and-Conquer.qmd,COMPLEXITY,"You might be thinking: ""We have merge sort with guaranteed O(n log n) performance. Why do we need another algorithm?""",,O(n log n),,NO,NO,REVIEWED,NO,NO,LOW,Verify assumptions and terminology,line 732
2,Why Another Sorting Algorithm?,/Users/medina/Projects/oer-books/advanced-algorithms-book/chapters/02-Divide-and-Conquer.qmd,COMPLEXITY,1. In-place sorting: Uses only O(log n) extra space for recursion (vs. merge sort's O(n)),,O(log n) O(n),,NO,NO,REVIEWED,YES,YES,MEDIUM,Verify assumptions and terminology,line 736
2,Why Another Sorting Algorithm?,/Users/medina/Projects/oer-books/advanced-algorithms-book/chapters/02-Divide-and-Conquer.qmd,COMPLEXITY,"The catch? Quick sort's worst-case performance is O(n²). But with randomization, this worst case becomes extremely unlikely—so unlikely that quicksort is the go-to sorting algorithm in most standard libraries (C's qsort, Java's Arrays.sort for primitives, etc.).",,O(n²),,NO,NO,REVIEWED,NO,NO,LOW,Verify assumptions and terminology,line 741
2,A Simple Example,/Users/medina/Projects/oer-books/advanced-algorithms-book/chapters/02-Divide-and-Conquer.qmd,PSEUDOCODE,Fenced block at lines 772-793,,,UNLABELED,YES,NO,SEE code-verification-results.csv,NO,NO,LOW,Use block-level verification record,Safe automated classification plus targeted tests; unexecuted blocks remain manual review.
2,The Partition Operation,/Users/medina/Projects/oer-books/advanced-algorithms-book/chapters/02-Divide-and-Conquer.qmd,CODE,Fenced block at lines 811-850,,O(n) O(1),python,YES,CANDIDATE,SEE code-verification-results.csv,NO,NO,LOW,Use block-level verification record,Safe automated classification plus targeted tests; unexecuted blocks remain manual review.
2,The Partition Operation,/Users/medina/Projects/oer-books/advanced-algorithms-book/chapters/02-Divide-and-Conquer.qmd,PSEUDOCODE,Fenced block at lines 856-892,,,UNLABELED,YES,NO,SEE code-verification-results.csv,NO,NO,LOW,Use block-level verification record,Safe automated classification plus targeted tests; unexecuted blocks remain manual review.
2,The Complete QuickSort Algorithm,/Users/medina/Projects/oer-books/advanced-algorithms-book/chapters/02-Divide-and-Conquer.qmd,CODE,Fenced block at lines 909-961,,O(n log n) O(n²) O(log n),python,YES,CANDIDATE,SEE code-verification-results.csv,NO,NO,LOW,Use block-level verification record,Safe automated classification plus targeted tests; unexecuted blocks remain manual review.
2,The Complete QuickSort Algorithm,/Users/medina/Projects/oer-books/advanced-algorithms-book/chapters/02-Divide-and-Conquer.qmd,PSEUDOCODE,Fenced block at lines 967-998,,,UNLABELED,YES,NO,SEE code-verification-results.csv,NO,NO,LOW,Use block-level verification record,Safe automated classification plus targeted tests; unexecuted blocks remain manual review.
2,"Analysis: Best Case, Worst Case, Average Case",/Users/medina/Projects/oer-books/advanced-algorithms-book/chapters/02-Divide-and-Conquer.qmd,MATHEMATICAL_CLAIM,"Analysis: Best Case, Worst Case, Average Case",,,,NO,NO,MANUAL REVIEW,NO,NO,LOW,Verify assumptions and terminology,line 1001
2,Best Case: O(n log n),/Users/medina/Projects/oer-books/advanced-algorithms-book/chapters/02-Divide-and-Conquer.qmd,COMPLEXITY,Best Case: O(n log n),,O(n log n),,NO,NO,REVIEWED,NO,NO,LOW,Verify assumptions and terminology,line 1005
2,Best Case: O(n log n),/Users/medina/Projects/oer-books/advanced-algorithms-book/chapters/02-Divide-and-Conquer.qmd,PSEUDOCODE,Fenced block at lines 1010-1013,,O(n) O(n log n),UNLABELED,YES,NO,SEE code-verification-results.csv,NO,NO,LOW,Use block-level verification record,Safe automated classification plus targeted tests; unexecuted blocks remain manual review.
2,Best Case: O(n log n),/Users/medina/Projects/oer-books/advanced-algorithms-book/chapters/02-Divide-and-Conquer.qmd,PSEUDOCODE,Fenced block at lines 1019-1028,,O(n log n),UNLABELED,YES,NO,SEE code-verification-results.csv,NO,NO,LOW,Use block-level verification record,Safe automated classification plus targeted tests; unexecuted blocks remain manual review.
2,Worst Case: O(n²),/Users/medina/Projects/oer-books/advanced-algorithms-book/chapters/02-Divide-and-Conquer.qmd,COMPLEXITY,Worst Case: O(n²),,O(n²),,NO,NO,REVIEWED,NO,NO,LOW,Verify assumptions and terminology,line 1031
2,Worst Case: O(n²),/Users/medina/Projects/oer-books/advanced-algorithms-book/chapters/02-Divide-and-Conquer.qmd,PSEUDOCODE,Fenced block at lines 1038-1042,,,UNLABELED,YES,NO,SEE code-verification-results.csv,NO,NO,LOW,Use block-level verification record,Safe automated classification plus targeted tests; unexecuted blocks remain manual review.
2,Worst Case: O(n²),/Users/medina/Projects/oer-books/advanced-algorithms-book/chapters/02-Divide-and-Conquer.qmd,PSEUDOCODE,Fenced block at lines 1048-1053,,O(n) O(n-1) O(n) O(n-2) O(n-1) O(n) O(1) O(2) O(n) O(n²),UNLABELED,YES,NO,SEE code-verification-results.csv,NO,NO,LOW,Use block-level verification record,Safe automated classification plus targeted tests; unexecuted blocks remain manual review.
2,Worst Case: O(n²),/Users/medina/Projects/oer-books/advanced-algorithms-book/chapters/02-Divide-and-Conquer.qmd,PSEUDOCODE,Fenced block at lines 1059-1073,,O(n²),UNLABELED,YES,NO,SEE code-verification-results.csv,NO,NO,LOW,Use block-level verification record,Safe automated classification plus targeted tests; unexecuted blocks remain manual review.
2,Average Case: O(n log n),/Users/medina/Projects/oer-books/advanced-algorithms-book/chapters/02-Divide-and-Conquer.qmd,COMPLEXITY,Average Case: O(n log n),,O(n log n),,NO,NO,REVIEWED,NO,NO,LOW,Verify assumptions and terminology,line 1078
2,Average Case: O(n log n),/Users/medina/Projects/oer-books/advanced-algorithms-book/chapters/02-Divide-and-Conquer.qmd,COMPLEXITY,"More complex analysis: Even with random pivots, average case is O(n log n)",,O(n log n),,NO,NO,REVIEWED,NO,NO,LOW,Verify assumptions and terminology,line 1080
2,Average Case: O(n log n),/Users/medina/Projects/oer-books/advanced-algorithms-book/chapters/02-Divide-and-Conquer.qmd,COMPLEXITY,"- Expected number of levels until all partitions are ""good"": O(log n)",,O(log n),,NO,NO,REVIEWED,NO,NO,LOW,Verify assumptions and terminology,line 1087
2,Average Case: O(n log n),/Users/medina/Projects/oer-books/advanced-algorithms-book/chapters/02-Divide-and-Conquer.qmd,COMPLEXITY,- Work per level: O(n),,O(n),,NO,NO,REVIEWED,NO,NO,LOW,Verify assumptions and terminology,line 1088
2,Average Case: O(n log n),/Users/medina/Projects/oer-books/advanced-algorithms-book/chapters/02-Divide-and-Conquer.qmd,COMPLEXITY,- Total: O(n log n),,O(n log n),,NO,NO,REVIEWED,NO,NO,LOW,Verify assumptions and terminology,line 1089
2,Average Case: O(n log n),/Users/medina/Projects/oer-books/advanced-algorithms-book/chapters/02-Divide-and-Conquer.qmd,COMPLEXITY,"Key insight: We don't need perfect splits to get O(n log n) performance, just ""reasonably balanced"" ones!",,O(n log n),,NO,NO,REVIEWED,NO,NO,LOW,Verify assumptions and terminology,line 1091
2,The Worst Case Problem: Randomization to the Rescue!,/Users/medina/Projects/oer-books/advanced-algorithms-book/chapters/02-Divide-and-Conquer.qmd,MATHEMATICAL_CLAIM,The Worst Case Problem: Randomization to the Rescue!,,,,NO,NO,MANUAL REVIEW,NO,NO,LOW,Verify assumptions and terminology,line 1093
2,The Worst Case Problem: Randomization to the Rescue!,/Users/medina/Projects/oer-books/advanced-algorithms-book/chapters/02-Divide-and-Conquer.qmd,COMPLEXITY,The worst case O(n²) behavior is unacceptable for a production sorting algorithm. How do we avoid it?,,O(n²),,NO,NO,REVIEWED,NO,NO,LOW,Verify assumptions and terminology,line 1095
2,The Worst Case Problem: Randomization to the Rescue!,/Users/medina/Projects/oer-books/advanced-algorithms-book/chapters/02-Divide-and-Conquer.qmd,CODE,Fenced block at lines 1102-1135,,O(n²) O(n log n) O(n²),python,YES,CANDIDATE,SEE code-verification-results.csv,NO,NO,LOW,Use block-level verification record,Safe automated classification plus targeted tests; unexecuted blocks remain manual review.
2,The Worst Case Problem: Randomization to the Rescue!,/Users/medina/Projects/oer-books/advanced-algorithms-book/chapters/02-Divide-and-Conquer.qmd,MATHEMATICAL_CLAIM,- Probability of worst case: (1/n!)^(log n) ≈ astronomically small,,,,NO,NO,MANUAL REVIEW,NO,NO,LOW,Verify assumptions and terminology,line 1142
2,The Worst Case Problem: Randomization to the Rescue!,/Users/medina/Projects/oer-books/advanced-algorithms-book/chapters/02-Divide-and-Conquer.qmd,COMPLEXITY,- Expected running time: O(n log n) regardless of input order,,O(n log n),,NO,NO,REVIEWED,NO,NO,LOW,Verify assumptions and terminology,line 1143
2,The Worst Case Problem: Randomization to the Rescue!,/Users/medina/Projects/oer-books/advanced-algorithms-book/chapters/02-Divide-and-Conquer.qmd,MATHEMATICAL_CLAIM,- No bad inputs exist! Every input has the same expected performance,,,,NO,NO,MANUAL REVIEW,NO,NO,LOW,Verify assumptions and terminology,line 1144
2,The Worst Case Problem: Randomization to the Rescue!,/Users/medina/Projects/oer-books/advanced-algorithms-book/chapters/02-Divide-and-Conquer.qmd,COMPLEXITY,- Sorted array: O(n²) deterministic → O(n log n) randomized,,O(n²) O(n log n),,NO,NO,REVIEWED,NO,NO,LOW,Verify assumptions and terminology,line 1148
2,The Worst Case Problem: Randomization to the Rescue!,/Users/medina/Projects/oer-books/advanced-algorithms-book/chapters/02-Divide-and-Conquer.qmd,COMPLEXITY,- Reverse sorted: O(n²) deterministic → O(n log n) randomized,,O(n²) O(n log n),,NO,NO,REVIEWED,NO,NO,LOW,Verify assumptions and terminology,line 1149
2,The Worst Case Problem: Randomization to the Rescue!,/Users/medina/Projects/oer-books/advanced-algorithms-book/chapters/02-Divide-and-Conquer.qmd,COMPLEXITY,- Any adversarial input: O(n²) deterministic → O(n log n) randomized,,O(n²) O(n log n),,NO,NO,REVIEWED,NO,NO,LOW,Verify assumptions and terminology,line 1150
2,The Worst Case Problem: Randomization to the Rescue!,/Users/medina/Projects/oer-books/advanced-algorithms-book/chapters/02-Divide-and-Conquer.qmd,MATHEMATICAL_CLAIM,This is a powerful idea: randomization eliminates worst-case inputs!,,,,NO,NO,MANUAL REVIEW,NO,NO,LOW,Verify assumptions and terminology,line 1152
2,Alternative Pivot Selection Strategies,/Users/medina/Projects/oer-books/advanced-algorithms-book/chapters/02-Divide-and-Conquer.qmd,CODE,Fenced block at lines 1161-1180,,,python,YES,CANDIDATE,SEE code-verification-results.csv,NO,NO,LOW,Use block-level verification record,Safe automated classification plus targeted tests; unexecuted blocks remain manual review.
2,Alternative Pivot Selection Strategies,/Users/medina/Projects/oer-books/advanced-algorithms-book/chapters/02-Divide-and-Conquer.qmd,CODE,Fenced block at lines 1192-1206,,,python,YES,CANDIDATE,SEE code-verification-results.csv,NO,NO,LOW,Use block-level verification record,Safe automated classification plus targeted tests; unexecuted blocks remain manual review.
2,Alternative Pivot Selection Strategies,/Users/medina/Projects/oer-books/advanced-algorithms-book/chapters/02-Divide-and-Conquer.qmd,CODE,Fenced block at lines 1218-1224,,O(n),python,YES,CANDIDATE,SEE code-verification-results.csv,NO,NO,LOW,Use block-level verification record,Safe automated classification plus targeted tests; unexecuted blocks remain manual review.
2,QuickSort vs Merge Sort: The Showdown,/Users/medina/Projects/oer-books/advanced-algorithms-book/chapters/02-Divide-and-Conquer.qmd,COMPLEXITY,Let's compare our two O(n log n) algorithms:,,O(n log n),,NO,NO,REVIEWED,NO,NO,LOW,Verify assumptions and terminology,line 1231
2,QuickSort vs Merge Sort: The Showdown,/Users/medina/Projects/oer-books/advanced-algorithms-book/chapters/02-Divide-and-Conquer.qmd,COMPLEXITY,|Worst-case time|O(n log n) ✓|O(n²) ✗ (but O(n log n) expected with randomization)|,,O(n log n) O(n²) O(n log n),,NO,NO,REVIEWED,NO,NO,LOW,Verify assumptions and terminology,line 1235
2,QuickSort vs Merge Sort: The Showdown,/Users/medina/Projects/oer-books/advanced-algorithms-book/chapters/02-Divide-and-Conquer.qmd,COMPLEXITY,|Best-case time|O(n log n)|O(n log n) ✓|,,O(n log n) O(n log n),,NO,NO,REVIEWED,NO,NO,LOW,Verify assumptions and terminology,line 1236
2,QuickSort vs Merge Sort: The Showdown,/Users/medina/Projects/oer-books/advanced-algorithms-book/chapters/02-Divide-and-Conquer.qmd,COMPLEXITY,|Average-case time|O(n log n)|O(n log n) ✓|,,O(n log n) O(n log n),,NO,NO,REVIEWED,NO,NO,LOW,Verify assumptions and terminology,line 1237
2,QuickSort vs Merge Sort: The Showdown,/Users/medina/Projects/oer-books/advanced-algorithms-book/chapters/02-Divide-and-Conquer.qmd,COMPLEXITY,|Space complexity|O(n)|O(log n) ✓|,,O(n) O(log n),,NO,NO,REVIEWED,NO,NO,LOW,Verify assumptions and terminology,line 1238
2,QuickSort vs Merge Sort: The Showdown,/Users/medina/Projects/oer-books/advanced-algorithms-book/chapters/02-Divide-and-Conquer.qmd,COMPLEXITY,- Need guaranteed O(n log n) time,,O(n log n),,NO,NO,REVIEWED,NO,NO,LOW,Verify assumptions and terminology,line 1248
2,QuickSort vs Merge Sort: The Showdown,/Users/medina/Projects/oer-books/advanced-algorithms-book/chapters/02-Divide-and-Conquer.qmd,COMPLEXITY,- Linked lists (can be done in O(1) space),,O(1),,NO,NO,REVIEWED,NO,NO,LOW,Verify assumptions and terminology,line 1251
2,Optimizing QuickSort for Production,/Users/medina/Projects/oer-books/advanced-algorithms-book/chapters/02-Divide-and-Conquer.qmd,CODE,Fenced block at lines 1280-1302,,,python,YES,CANDIDATE,SEE code-verification-results.csv,NO,NO,LOW,Use block-level verification record,Safe automated classification plus targeted tests; unexecuted blocks remain manual review.
2,Optimizing QuickSort for Production,/Users/medina/Projects/oer-books/advanced-algorithms-book/chapters/02-Divide-and-Conquer.qmd,CODE,Fenced block at lines 1318-1353,,,python,YES,CANDIDATE,SEE code-verification-results.csv,NO,NO,LOW,Use block-level verification record,Safe automated classification plus targeted tests; unexecuted blocks remain manual review.
2,Optimizing QuickSort for Production,/Users/medina/Projects/oer-books/advanced-algorithms-book/chapters/02-Divide-and-Conquer.qmd,COMPLEXITY,- Example: array of only 10 distinct values → nearly O(n) performance!,,O(n),,NO,NO,REVIEWED,NO,NO,LOW,Verify assumptions and terminology,line 1360
2,Optimizing QuickSort for Production,/Users/medina/Projects/oer-books/advanced-algorithms-book/chapters/02-Divide-and-Conquer.qmd,CODE,Fenced block at lines 1365-1380,,O(n) O(log n) O(log n),python,YES,CANDIDATE,SEE code-verification-results.csv,NO,NO,LOW,Use block-level verification record,Safe automated classification plus targeted tests; unexecuted blocks remain manual review.
2,Optimizing QuickSort for Production,/Users/medina/Projects/oer-books/advanced-algorithms-book/chapters/02-Divide-and-Conquer.qmd,MATHEMATICAL_CLAIM,- Prevents stack overflow on worst-case inputs,,,,NO,NO,MANUAL REVIEW,NO,NO,LOW,Verify assumptions and terminology,line 1386
2,Recurrence Relations and The Master Theorem,/Users/medina/Projects/oer-books/advanced-algorithms-book/chapters/02-Divide-and-Conquer.qmd,PROOF,Recurrence Relations and The Master Theorem,,,,NO,NO,MANUAL REVIEW,NO,NO,LOW,Verify assumptions and terminology,line 1391
2,Why We Need Better Analysis Tools,/Users/medina/Projects/oer-books/advanced-algorithms-book/chapters/02-Divide-and-Conquer.qmd,MATHEMATICAL_CLAIM,"This works, but it's tedious and error-prone. What if we had a formula that could instantly tell us the complexity of most divide and conquer algorithms?",,,,NO,NO,MANUAL REVIEW,NO,NO,LOW,Verify assumptions and terminology,line 1401
2,Why We Need Better Analysis Tools,/Users/medina/Projects/oer-books/advanced-algorithms-book/chapters/02-Divide-and-Conquer.qmd,PROOF,Enter the Master Theorem—one of the most powerful tools in algorithm analysis.,,,,NO,NO,MANUAL REVIEW,NO,NO,LOW,Verify assumptions and terminology,line 1403
2,Recurrence Relations: The Language of Recursion,/Users/medina/Projects/oer-books/advanced-algorithms-book/chapters/02-Divide-and-Conquer.qmd,PSEUDOCODE,Fenced block at lines 1412-1417,,,UNLABELED,YES,NO,SEE code-verification-results.csv,NO,NO,LOW,Use block-level verification record,Safe automated classification plus targeted tests; unexecuted blocks remain manual review.
2,Recurrence Relations: The Language of Recursion,/Users/medina/Projects/oer-books/advanced-algorithms-book/chapters/02-Divide-and-Conquer.qmd,PSEUDOCODE,Fenced block at lines 1425-1430,,O(n) O(n),UNLABELED,YES,NO,SEE code-verification-results.csv,NO,NO,LOW,Use block-level verification record,Safe automated classification plus targeted tests; unexecuted blocks remain manual review.
2,Recurrence Relations: The Language of Recursion,/Users/medina/Projects/oer-books/advanced-algorithms-book/chapters/02-Divide-and-Conquer.qmd,MATHEMATICAL_CLAIM,QuickSort (best case):,,,,NO,NO,MANUAL REVIEW,NO,NO,LOW,Verify assumptions and terminology,line 1433
2,Recurrence Relations: The Language of Recursion,/Users/medina/Projects/oer-books/advanced-algorithms-book/chapters/02-Divide-and-Conquer.qmd,PSEUDOCODE,Fenced block at lines 1436-1438,,O(n),UNLABELED,YES,NO,SEE code-verification-results.csv,NO,NO,LOW,Use block-level verification record,Safe automated classification plus targeted tests; unexecuted blocks remain manual review.
2,Recurrence Relations: The Language of Recursion,/Users/medina/Projects/oer-books/advanced-algorithms-book/chapters/02-Divide-and-Conquer.qmd,PSEUDOCODE,Fenced block at lines 1444-1449,,O(1) O(1),UNLABELED,YES,NO,SEE code-verification-results.csv,NO,NO,LOW,Use block-level verification record,Safe automated classification plus targeted tests; unexecuted blocks remain manual review.
2,Recurrence Relations: The Language of Recursion,/Users/medina/Projects/oer-books/advanced-algorithms-book/chapters/02-Divide-and-Conquer.qmd,PSEUDOCODE,Fenced block at lines 1455-1460,,O(1) O(1),UNLABELED,YES,NO,SEE code-verification-results.csv,NO,NO,LOW,Use block-level verification record,Safe automated classification plus targeted tests; unexecuted blocks remain manual review.
2,Solving Recurrences: Multiple Methods,/Users/medina/Projects/oer-books/advanced-algorithms-book/chapters/02-Divide-and-Conquer.qmd,PROOF,"Before we get to the Master Theorem, let's see other solution techniques:",,,,NO,NO,MANUAL REVIEW,NO,NO,LOW,Verify assumptions and terminology,line 1465
2,Method 1: Recursion Tree (Visual),/Users/medina/Projects/oer-books/advanced-algorithms-book/chapters/02-Divide-and-Conquer.qmd,PSEUDOCODE,Fenced block at lines 1474-1483,,O(n log n),UNLABELED,YES,NO,SEE code-verification-results.csv,NO,NO,LOW,Use block-level verification record,Safe automated classification plus targeted tests; unexecuted blocks remain manual review.
2,Method 2: Substitution (Guess and Verify),/Users/medina/Projects/oer-books/advanced-algorithms-book/chapters/02-Divide-and-Conquer.qmd,COMPLEXITY,"Guess: T(n) = O(n log n), so T(n) ≤ cn log n",,O(n log n),,NO,NO,REVIEWED,NO,NO,LOW,Verify assumptions and terminology,line 1503
2,Method 2: Substitution (Guess and Verify),/Users/medina/Projects/oer-books/advanced-algorithms-book/chapters/02-Divide-and-Conquer.qmd,PROOF,Proof by induction:,,,,NO,NO,MANUAL REVIEW,NO,NO,LOW,Verify assumptions and terminology,line 1505
2,Method 2: Substitution (Guess and Verify),/Users/medina/Projects/oer-books/advanced-algorithms-book/chapters/02-Divide-and-Conquer.qmd,PSEUDOCODE,Fenced block at lines 1514-1526,,,UNLABELED,YES,NO,SEE code-verification-results.csv,NO,NO,LOW,Use block-level verification record,Safe automated classification plus targeted tests; unexecuted blocks remain manual review.
2,Method 2: Substitution (Guess and Verify),/Users/medina/Projects/oer-books/advanced-algorithms-book/chapters/02-Divide-and-Conquer.qmd,COMPLEXITY,Therefore T(n) = O(n log n) ✓,,O(n log n),,NO,NO,REVIEWED,NO,NO,LOW,Verify assumptions and terminology,line 1529
2,Method 3: Master Theorem (The Power Tool!),/Users/medina/Projects/oer-books/advanced-algorithms-book/chapters/02-Divide-and-Conquer.qmd,PROOF,Method 3: Master Theorem (The Power Tool!),,,,NO,NO,MANUAL REVIEW,NO,NO,LOW,Verify assumptions and terminology,line 1533
2,Method 3: Master Theorem (The Power Tool!),/Users/medina/Projects/oer-books/advanced-algorithms-book/chapters/02-Divide-and-Conquer.qmd,PROOF,The Master Theorem provides a cookbook for solving many common recurrences instantly.,,,,NO,NO,MANUAL REVIEW,NO,NO,LOW,Verify assumptions and terminology,line 1535
2,The Master Theorem,/Users/medina/Projects/oer-books/advanced-algorithms-book/chapters/02-Divide-and-Conquer.qmd,PROOF,The Master Theorem,,,,NO,NO,MANUAL REVIEW,NO,NO,LOW,Verify assumptions and terminology,line 1537
2,The Master Theorem,/Users/medina/Projects/oer-books/advanced-algorithms-book/chapters/02-Divide-and-Conquer.qmd,PROOF,"Theorem: Let a ≥ 1 and b > 1 be constants, let f(n) be a function, and let T(n) be defined on non-negative integers by the recurrence:",,,,NO,NO,MANUAL REVIEW,NO,NO,LOW,Verify assumptions and terminology,line 1539
2,The Master Theorem,/Users/medina/Projects/oer-books/advanced-algorithms-book/chapters/02-Divide-and-Conquer.qmd,PSEUDOCODE,Fenced block at lines 1542-1542,,,UNLABELED,YES,NO,SEE code-verification-results.csv,NO,NO,LOW,Use block-level verification record,Safe automated classification plus targeted tests; unexecuted blocks remain manual review.
2,The Master Theorem,/Users/medina/Projects/oer-books/advanced-algorithms-book/chapters/02-Divide-and-Conquer.qmd,COMPLEXITY,"Case 1: If f(n) = O(n^(logb(a) - ε)) for some constant ε > 0, then:",,O(n^(logb(a),,NO,NO,REVIEWED,NO,NO,LOW,Verify assumptions and terminology,line 1547
2,The Master Theorem,/Users/medina/Projects/oer-books/advanced-algorithms-book/chapters/02-Divide-and-Conquer.qmd,PSEUDOCODE,Fenced block at lines 1550-1550,,Θ(n^(logb(a),UNLABELED,YES,NO,SEE code-verification-results.csv,NO,NO,LOW,Use block-level verification record,Safe automated classification plus targeted tests; unexecuted blocks remain manual review.
2,The Master Theorem,/Users/medina/Projects/oer-books/advanced-algorithms-book/chapters/02-Divide-and-Conquer.qmd,COMPLEXITY,"Case 2: If f(n) = Θ(n^(logb(a))), then:",,Θ(n^(logb(a),,NO,NO,REVIEWED,NO,NO,LOW,Verify assumptions and terminology,line 1553
2,The Master Theorem,/Users/medina/Projects/oer-books/advanced-algorithms-book/chapters/02-Divide-and-Conquer.qmd,PSEUDOCODE,Fenced block at lines 1556-1556,,Θ(n^(logb(a),UNLABELED,YES,NO,SEE code-verification-results.csv,NO,NO,LOW,Use block-level verification record,Safe automated classification plus targeted tests; unexecuted blocks remain manual review.
2,The Master Theorem,/Users/medina/Projects/oer-books/advanced-algorithms-book/chapters/02-Divide-and-Conquer.qmd,COMPLEXITY,"Case 3: If f(n) = Ω(n^(logb(a) + ε)) for some constant ε > 0, AND if af(n/b) ≤ cf(n) for some constant c < 1 and sufficiently large n, then:",,Ω(n^(logb(a),,NO,NO,REVIEWED,NO,NO,LOW,Verify assumptions and terminology,line 1559
2,The Master Theorem,/Users/medina/Projects/oer-books/advanced-algorithms-book/chapters/02-Divide-and-Conquer.qmd,PSEUDOCODE,Fenced block at lines 1562-1562,,Θ(f(n),UNLABELED,YES,NO,SEE code-verification-results.csv,NO,NO,LOW,Use block-level verification record,Safe automated classification plus targeted tests; unexecuted blocks remain manual review.
2,Understanding the Master Theorem Intuitively,/Users/medina/Projects/oer-books/advanced-algorithms-book/chapters/02-Divide-and-Conquer.qmd,PROOF,Understanding the Master Theorem Intuitively,,,,NO,NO,MANUAL REVIEW,NO,NO,LOW,Verify assumptions and terminology,line 1567
2,Understanding the Master Theorem Intuitively,/Users/medina/Projects/oer-books/advanced-algorithms-book/chapters/02-Divide-and-Conquer.qmd,PROOF,The Master Theorem compares two quantities:,,,,NO,NO,MANUAL REVIEW,NO,NO,LOW,Verify assumptions and terminology,line 1569
2,Understanding the Master Theorem Intuitively,/Users/medina/Projects/oer-books/advanced-algorithms-book/chapters/02-Divide-and-Conquer.qmd,COMPLEXITY,- Case 1: Recursion dominates → Answer is Θ(n^(logb(a))),,Θ(n^(logb(a),,NO,NO,REVIEWED,NO,NO,LOW,Verify assumptions and terminology,line 1580
2,Understanding the Master Theorem Intuitively,/Users/medina/Projects/oer-books/advanced-algorithms-book/chapters/02-Divide-and-Conquer.qmd,COMPLEXITY,- Case 2: Recursion and f(n) are balanced → Answer is Θ(n^(logb(a)) log n),,Θ(n^(logb(a),,NO,NO,REVIEWED,NO,NO,LOW,Verify assumptions and terminology,line 1581
2,Understanding the Master Theorem Intuitively,/Users/medina/Projects/oer-books/advanced-algorithms-book/chapters/02-Divide-and-Conquer.qmd,COMPLEXITY,- Case 3: f(n) dominates → Answer is Θ(f(n)),,Θ(f(n),,NO,NO,REVIEWED,NO,NO,LOW,Verify assumptions and terminology,line 1582
2,Master Theorem Examples,/Users/medina/Projects/oer-books/advanced-algorithms-book/chapters/02-Divide-and-Conquer.qmd,PROOF,Master Theorem Examples,,,,NO,NO,MANUAL REVIEW,NO,NO,LOW,Verify assumptions and terminology,line 1590
2,Master Theorem Examples,/Users/medina/Projects/oer-books/advanced-algorithms-book/chapters/02-Divide-and-Conquer.qmd,PROOF,Let's apply the Master Theorem to algorithms we know:,,,,NO,NO,MANUAL REVIEW,NO,NO,LOW,Verify assumptions and terminology,line 1592
2,Example 1: Merge Sort,/Users/medina/Projects/oer-books/advanced-algorithms-book/chapters/02-Divide-and-Conquer.qmd,PSEUDOCODE,Fenced block at lines 1607-1607,,,UNLABELED,YES,NO,SEE code-verification-results.csv,NO,NO,LOW,Use block-level verification record,Safe automated classification plus targeted tests; unexecuted blocks remain manual review.
2,Example 1: Merge Sort,/Users/medina/Projects/oer-books/advanced-algorithms-book/chapters/02-Divide-and-Conquer.qmd,PSEUDOCODE,Fenced block at lines 1613-1616,,Θ(n^(logb(a),UNLABELED,YES,NO,SEE code-verification-results.csv,NO,NO,LOW,Use block-level verification record,Safe automated classification plus targeted tests; unexecuted blocks remain manual review.
2,Example 1: Merge Sort,/Users/medina/Projects/oer-books/advanced-algorithms-book/chapters/02-Divide-and-Conquer.qmd,PSEUDOCODE,Fenced block at lines 1624-1626,,Θ(n^(logb(a) Θ(n¹ log n) Θ(n log n),UNLABELED,YES,NO,SEE code-verification-results.csv,NO,NO,LOW,Use block-level verification record,Safe automated classification plus targeted tests; unexecuted blocks remain manual review.
2,Example 2: Binary Search,/Users/medina/Projects/oer-books/advanced-algorithms-book/chapters/02-Divide-and-Conquer.qmd,COMPLEXITY,Recurrence: T(n) = T(n/2) + O(1),,O(1),,NO,NO,REVIEWED,NO,NO,LOW,Verify assumptions and terminology,line 1633
2,Example 2: Binary Search,/Users/medina/Projects/oer-books/advanced-algorithms-book/chapters/02-Divide-and-Conquer.qmd,PSEUDOCODE,Fenced block at lines 1644-1644,,,UNLABELED,YES,NO,SEE code-verification-results.csv,NO,NO,LOW,Use block-level verification record,Safe automated classification plus targeted tests; unexecuted blocks remain manual review.
2,Example 2: Binary Search,/Users/medina/Projects/oer-books/advanced-algorithms-book/chapters/02-Divide-and-Conquer.qmd,PSEUDOCODE,Fenced block at lines 1650-1653,,Θ(1) Θ(n^(logb(a),UNLABELED,YES,NO,SEE code-verification-results.csv,NO,NO,LOW,Use block-level verification record,Safe automated classification plus targeted tests; unexecuted blocks remain manual review.
2,Example 2: Binary Search,/Users/medina/Projects/oer-books/advanced-algorithms-book/chapters/02-Divide-and-Conquer.qmd,PSEUDOCODE,Fenced block at lines 1661-1661,,Θ(n⁰ log n) Θ(log n),UNLABELED,YES,NO,SEE code-verification-results.csv,NO,NO,LOW,Use block-level verification record,Safe automated classification plus targeted tests; unexecuted blocks remain manual review.
2,Example 2: Binary Search,/Users/medina/Projects/oer-books/advanced-algorithms-book/chapters/02-Divide-and-Conquer.qmd,COMPLEXITY,Perfect! Binary search is O(log n).,,O(log n),,NO,NO,REVIEWED,NO,NO,LOW,Verify assumptions and terminology,line 1664
2,Example 3: Finding Maximum (Divide & Conquer),/Users/medina/Projects/oer-books/advanced-algorithms-book/chapters/02-Divide-and-Conquer.qmd,COMPLEXITY,Recurrence: T(n) = 2T(n/2) + O(1),,O(1),,NO,NO,REVIEWED,NO,NO,LOW,Verify assumptions and terminology,line 1668
2,Example 3: Finding Maximum (Divide & Conquer),/Users/medina/Projects/oer-books/advanced-algorithms-book/chapters/02-Divide-and-Conquer.qmd,PSEUDOCODE,Fenced block at lines 1679-1679,,,UNLABELED,YES,NO,SEE code-verification-results.csv,NO,NO,LOW,Use block-level verification record,Safe automated classification plus targeted tests; unexecuted blocks remain manual review.
2,Example 3: Finding Maximum (Divide & Conquer),/Users/medina/Projects/oer-books/advanced-algorithms-book/chapters/02-Divide-and-Conquer.qmd,PSEUDOCODE,Fenced block at lines 1685-1688,,O(n⁰) O(n^(1-ε),UNLABELED,YES,NO,SEE code-verification-results.csv,NO,NO,LOW,Use block-level verification record,Safe automated classification plus targeted tests; unexecuted blocks remain manual review.
2,Example 3: Finding Maximum (Divide & Conquer),/Users/medina/Projects/oer-books/advanced-algorithms-book/chapters/02-Divide-and-Conquer.qmd,PSEUDOCODE,Fenced block at lines 1696-1698,,Θ(n^(logb(a) Θ(n¹) Θ(n),UNLABELED,YES,NO,SEE code-verification-results.csv,NO,NO,LOW,Use block-level verification record,Safe automated classification plus targeted tests; unexecuted blocks remain manual review.
2,Example 4: Strassen's Matrix Multiplication (Preview),/Users/medina/Projects/oer-books/advanced-algorithms-book/chapters/02-Divide-and-Conquer.qmd,COMPLEXITY,Recurrence: T(n) = 7T(n/2) + O(n²),,O(n²),,NO,NO,REVIEWED,NO,NO,LOW,Verify assumptions and terminology,line 1705
2,Example 4: Strassen's Matrix Multiplication (Preview),/Users/medina/Projects/oer-books/advanced-algorithms-book/chapters/02-Divide-and-Conquer.qmd,PSEUDOCODE,Fenced block at lines 1716-1716,,,UNLABELED,YES,NO,SEE code-verification-results.csv,NO,NO,LOW,Use block-level verification record,Safe automated classification plus targeted tests; unexecuted blocks remain manual review.
2,Example 4: Strassen's Matrix Multiplication (Preview),/Users/medina/Projects/oer-books/advanced-algorithms-book/chapters/02-Divide-and-Conquer.qmd,PSEUDOCODE,Fenced block at lines 1722-1725,,O(n²) O(n^(2.807 - ε),UNLABELED,YES,NO,SEE code-verification-results.csv,NO,NO,LOW,Use block-level verification record,Safe automated classification plus targeted tests; unexecuted blocks remain manual review.
2,Example 4: Strassen's Matrix Multiplication (Preview),/Users/medina/Projects/oer-books/advanced-algorithms-book/chapters/02-Divide-and-Conquer.qmd,PSEUDOCODE,Fenced block at lines 1733-1734,,Θ(n^(log₂(7) Θ(n^2.807),UNLABELED,YES,NO,SEE code-verification-results.csv,NO,NO,LOW,Use block-level verification record,Safe automated classification plus targeted tests; unexecuted blocks remain manual review.
2,Example 4: Strassen's Matrix Multiplication (Preview),/Users/medina/Projects/oer-books/advanced-algorithms-book/chapters/02-Divide-and-Conquer.qmd,COMPLEXITY,Better than naive O(n³) matrix multiplication!,,O(n³),,NO,NO,REVIEWED,NO,NO,LOW,Verify assumptions and terminology,line 1737
2,Example 5: A Contrived Case 3 Example,/Users/medina/Projects/oer-books/advanced-algorithms-book/chapters/02-Divide-and-Conquer.qmd,PSEUDOCODE,Fenced block at lines 1752-1752,,,UNLABELED,YES,NO,SEE code-verification-results.csv,NO,NO,LOW,Use block-level verification record,Safe automated classification plus targeted tests; unexecuted blocks remain manual review.
2,Example 5: A Contrived Case 3 Example,/Users/medina/Projects/oer-books/advanced-algorithms-book/chapters/02-Divide-and-Conquer.qmd,PSEUDOCODE,Fenced block at lines 1758-1761,,Ω(n^(1+ε),UNLABELED,YES,NO,SEE code-verification-results.csv,NO,NO,LOW,Use block-level verification record,Safe automated classification plus targeted tests; unexecuted blocks remain manual review.
2,Example 5: A Contrived Case 3 Example,/Users/medina/Projects/oer-books/advanced-algorithms-book/chapters/02-Divide-and-Conquer.qmd,PSEUDOCODE,Fenced block at lines 1767-1771,,,UNLABELED,YES,NO,SEE code-verification-results.csv,NO,NO,LOW,Use block-level verification record,Safe automated classification plus targeted tests; unexecuted blocks remain manual review.
2,Example 5: A Contrived Case 3 Example,/Users/medina/Projects/oer-books/advanced-algorithms-book/chapters/02-Divide-and-Conquer.qmd,PSEUDOCODE,Fenced block at lines 1779-1780,,Θ(f(n) Θ(n²),UNLABELED,YES,NO,SEE code-verification-results.csv,NO,NO,LOW,Use block-level verification record,Safe automated classification plus targeted tests; unexecuted blocks remain manual review.
2,When Master Theorem Doesn't Apply,/Users/medina/Projects/oer-books/advanced-algorithms-book/chapters/02-Divide-and-Conquer.qmd,PROOF,When Master Theorem Doesn't Apply,,,,NO,NO,MANUAL REVIEW,NO,NO,LOW,Verify assumptions and terminology,line 1785
2,When Master Theorem Doesn't Apply,/Users/medina/Projects/oer-books/advanced-algorithms-book/chapters/02-Divide-and-Conquer.qmd,PROOF,The Master Theorem is powerful but not universal. It cannot be used when:,,,,NO,NO,MANUAL REVIEW,NO,NO,LOW,Verify assumptions and terminology,line 1787
2,When Master Theorem Doesn't Apply,/Users/medina/Projects/oer-books/advanced-algorithms-book/chapters/02-Divide-and-Conquer.qmd,MATHEMATICAL_CLAIM,1. f(n) is not polynomially larger or smaller,,,,NO,NO,MANUAL REVIEW,NO,NO,LOW,Verify assumptions and terminology,line 1789
2,When Master Theorem Doesn't Apply,/Users/medina/Projects/oer-books/advanced-algorithms-book/chapters/02-Divide-and-Conquer.qmd,PSEUDOCODE,Fenced block at lines 1794-1803,,Ω(n^(1+ε),UNLABELED,YES,NO,SEE code-verification-results.csv,NO,NO,LOW,Use block-level verification record,Safe automated classification plus targeted tests; unexecuted blocks remain manual review.
2,When Master Theorem Doesn't Apply,/Users/medina/Projects/oer-books/advanced-algorithms-book/chapters/02-Divide-and-Conquer.qmd,PSEUDOCODE,Fenced block at lines 1811-1812,,,UNLABELED,YES,NO,SEE code-verification-results.csv,NO,NO,LOW,Use block-level verification record,Safe automated classification plus targeted tests; unexecuted blocks remain manual review.
2,When Master Theorem Doesn't Apply,/Users/medina/Projects/oer-books/advanced-algorithms-book/chapters/02-Divide-and-Conquer.qmd,PSEUDOCODE,Fenced block at lines 1820-1822,,,UNLABELED,YES,NO,SEE code-verification-results.csv,NO,NO,LOW,Use block-level verification record,Safe automated classification plus targeted tests; unexecuted blocks remain manual review.
2,When Master Theorem Doesn't Apply,/Users/medina/Projects/oer-books/advanced-algorithms-book/chapters/02-Divide-and-Conquer.qmd,PSEUDOCODE,Fenced block at lines 1830-1837,,,UNLABELED,YES,NO,SEE code-verification-results.csv,NO,NO,LOW,Use block-level verification record,Safe automated classification plus targeted tests; unexecuted blocks remain manual review.
2,Master Theorem Cheat Sheet,/Users/medina/Projects/oer-books/advanced-algorithms-book/chapters/02-Divide-and-Conquer.qmd,PROOF,Master Theorem Cheat Sheet,,,,NO,NO,MANUAL REVIEW,NO,NO,LOW,Verify assumptions and terminology,line 1840
2,Master Theorem Cheat Sheet,/Users/medina/Projects/oer-books/advanced-algorithms-book/chapters/02-Divide-and-Conquer.qmd,PROOF,Here's a quick reference for applying the Master Theorem:,,,,NO,NO,MANUAL REVIEW,NO,NO,LOW,Verify assumptions and terminology,line 1842
2,Master Theorem Cheat Sheet,/Users/medina/Projects/oer-books/advanced-algorithms-book/chapters/02-Divide-and-Conquer.qmd,PSEUDOCODE,Fenced block at lines 1849-1849,,,UNLABELED,YES,NO,SEE code-verification-results.csv,NO,NO,LOW,Use block-level verification record,Safe automated classification plus targeted tests; unexecuted blocks remain manual review.
2,Master Theorem Cheat Sheet,/Users/medina/Projects/oer-books/advanced-algorithms-book/chapters/02-Divide-and-Conquer.qmd,COMPLEXITY,"|f(n) = O(n^(E-ε)), ε > 0|Case 1|T(n) = Θ(n^E)|",,O(n^(E-ε) Θ(n^E),,NO,NO,REVIEWED,NO,NO,LOW,Verify assumptions and terminology,line 1856
2,Master Theorem Cheat Sheet,/Users/medina/Projects/oer-books/advanced-algorithms-book/chapters/02-Divide-and-Conquer.qmd,COMPLEXITY,|f(n) = Θ(n^E)|Case 2|T(n) = Θ(n^E log n)|,,Θ(n^E) Θ(n^E log n),,NO,NO,REVIEWED,NO,NO,LOW,Verify assumptions and terminology,line 1857
2,Master Theorem Cheat Sheet,/Users/medina/Projects/oer-books/advanced-algorithms-book/chapters/02-Divide-and-Conquer.qmd,COMPLEXITY,"|f(n) = Ω(n^(E+ε)), ε > 0<br>AND regularity holds|Case 3|T(n) = Θ(f(n))|",,Ω(n^(E+ε) Θ(f(n),,NO,NO,REVIEWED,NO,NO,LOW,Verify assumptions and terminology,line 1858
2,Practice Problems,/Users/medina/Projects/oer-books/advanced-algorithms-book/chapters/02-Divide-and-Conquer.qmd,COMPLEXITY,"- f(n) = O(n^(2-ε)), Case 1",,O(n^(2-ε),,NO,NO,REVIEWED,NO,NO,LOW,Verify assumptions and terminology,line 1897
2,Practice Problems,/Users/medina/Projects/oer-books/advanced-algorithms-book/chapters/02-Divide-and-Conquer.qmd,COMPLEXITY,- Answer: Θ(n²),,Θ(n²),,NO,NO,REVIEWED,NO,NO,LOW,Verify assumptions and terminology,line 1898
2,Practice Problems,/Users/medina/Projects/oer-books/advanced-algorithms-book/chapters/02-Divide-and-Conquer.qmd,COMPLEXITY,"- f(n) = Θ(n²), Case 2",,Θ(n²),,NO,NO,REVIEWED,NO,NO,LOW,Verify assumptions and terminology,line 1902
2,Practice Problems,/Users/medina/Projects/oer-books/advanced-algorithms-book/chapters/02-Divide-and-Conquer.qmd,COMPLEXITY,- Answer: Θ(n² log n),,Θ(n² log n),,NO,NO,REVIEWED,NO,NO,LOW,Verify assumptions and terminology,line 1903
2,Practice Problems,/Users/medina/Projects/oer-books/advanced-algorithms-book/chapters/02-Divide-and-Conquer.qmd,COMPLEXITY,"- f(n) = Ω(n^(2+ε)), Case 3",,Ω(n^(2+ε),,NO,NO,REVIEWED,NO,NO,LOW,Verify assumptions and terminology,line 1907
2,Practice Problems,/Users/medina/Projects/oer-books/advanced-algorithms-book/chapters/02-Divide-and-Conquer.qmd,COMPLEXITY,- Answer: Θ(n³),,Θ(n³),,NO,NO,REVIEWED,NO,NO,LOW,Verify assumptions and terminology,line 1909
2,Practice Problems,/Users/medina/Projects/oer-books/advanced-algorithms-book/chapters/02-Divide-and-Conquer.qmd,COMPLEXITY,"- f(n) = Ω(n^(0+ε)), Case 3",,Ω(n^(0+ε),,NO,NO,REVIEWED,NO,NO,LOW,Verify assumptions and terminology,line 1913
2,Practice Problems,/Users/medina/Projects/oer-books/advanced-algorithms-book/chapters/02-Divide-and-Conquer.qmd,COMPLEXITY,- Answer: Θ(n),,Θ(n),,NO,NO,REVIEWED,NO,NO,LOW,Verify assumptions and terminology,line 1915
2,Practice Problems,/Users/medina/Projects/oer-books/advanced-algorithms-book/chapters/02-Divide-and-Conquer.qmd,COMPLEXITY,"- f(n) = O(n^(2-ε)), Case 1",,O(n^(2-ε),,NO,NO,REVIEWED,NO,NO,LOW,Verify assumptions and terminology,line 1919
2,Practice Problems,/Users/medina/Projects/oer-books/advanced-algorithms-book/chapters/02-Divide-and-Conquer.qmd,COMPLEXITY,- Answer: Θ(n²),,Θ(n²),,NO,NO,REVIEWED,NO,NO,LOW,Verify assumptions and terminology,line 1920
2,Practice Problems,/Users/medina/Projects/oer-books/advanced-algorithms-book/chapters/02-Divide-and-Conquer.qmd,COMPLEXITY,"- f(n) = Θ(n²), Case 2",,Θ(n²),,NO,NO,REVIEWED,NO,NO,LOW,Verify assumptions and terminology,line 1924
2,Practice Problems,/Users/medina/Projects/oer-books/advanced-algorithms-book/chapters/02-Divide-and-Conquer.qmd,COMPLEXITY,- Answer: Θ(n² log n),,Θ(n² log n),,NO,NO,REVIEWED,NO,NO,LOW,Verify assumptions and terminology,line 1925
2,Beyond the Master Theorem: Advanced Recurrence Solving,/Users/medina/Projects/oer-books/advanced-algorithms-book/chapters/02-Divide-and-Conquer.qmd,PROOF,Beyond the Master Theorem: Advanced Recurrence Solving,,,,NO,NO,MANUAL REVIEW,NO,NO,LOW,Verify assumptions and terminology,line 1929
2,Beyond the Master Theorem: Advanced Recurrence Solving,/Users/medina/Projects/oer-books/advanced-algorithms-book/chapters/02-Divide-and-Conquer.qmd,PROOF,"For recurrences that don't fit the Master Theorem, we have additional techniques:",,,,NO,NO,MANUAL REVIEW,NO,NO,LOW,Verify assumptions and terminology,line 1931
2,Akra-Bazzi Method (Generalized Master Theorem),/Users/medina/Projects/oer-books/advanced-algorithms-book/chapters/02-Divide-and-Conquer.qmd,PROOF,Akra-Bazzi Method (Generalized Master Theorem),,,,NO,NO,MANUAL REVIEW,NO,NO,LOW,Verify assumptions and terminology,line 1933
2,Akra-Bazzi Method (Generalized Master Theorem),/Users/medina/Projects/oer-books/advanced-algorithms-book/chapters/02-Divide-and-Conquer.qmd,PSEUDOCODE,Fenced block at lines 1938-1940,,Θ(n log n),UNLABELED,YES,NO,SEE code-verification-results.csv,NO,NO,LOW,Use block-level verification record,Safe automated classification plus targeted tests; unexecuted blocks remain manual review.
2,Generating Functions,/Users/medina/Projects/oer-books/advanced-algorithms-book/chapters/02-Divide-and-Conquer.qmd,PSEUDOCODE,Fenced block at lines 1948-1950,,,UNLABELED,YES,NO,SEE code-verification-results.csv,NO,NO,LOW,Use block-level verification record,Safe automated classification plus targeted tests; unexecuted blocks remain manual review.
2,Application 1: Fast Integer Multiplication (Karatsuba Algorithm),/Users/medina/Projects/oer-books/advanced-algorithms-book/chapters/02-Divide-and-Conquer.qmd,PSEUDOCODE,Fenced block at lines 1972-1975,,O(n²),UNLABELED,YES,NO,SEE code-verification-results.csv,NO,NO,LOW,Use block-level verification record,Safe automated classification plus targeted tests; unexecuted blocks remain manual review.
2,Application 1: Fast Integer Multiplication (Karatsuba Algorithm),/Users/medina/Projects/oer-books/advanced-algorithms-book/chapters/02-Divide-and-Conquer.qmd,PSEUDOCODE,Fenced block at lines 1983-1986,,,UNLABELED,YES,NO,SEE code-verification-results.csv,NO,NO,LOW,Use block-level verification record,Safe automated classification plus targeted tests; unexecuted blocks remain manual review.
2,Application 1: Fast Integer Multiplication (Karatsuba Algorithm),/Users/medina/Projects/oer-books/advanced-algorithms-book/chapters/02-Divide-and-Conquer.qmd,PSEUDOCODE,Fenced block at lines 1992-2002,,O(n) Θ(n²),UNLABELED,YES,NO,SEE code-verification-results.csv,NO,NO,LOW,Use block-level verification record,Safe automated classification plus targeted tests; unexecuted blocks remain manual review.
2,Application 1: Fast Integer Multiplication (Karatsuba Algorithm),/Users/medina/Projects/oer-books/advanced-algorithms-book/chapters/02-Divide-and-Conquer.qmd,PSEUDOCODE,Fenced block at lines 2008-2015,,,UNLABELED,YES,NO,SEE code-verification-results.csv,NO,NO,LOW,Use block-level verification record,Safe automated classification plus targeted tests; unexecuted blocks remain manual review.
2,Application 1: Fast Integer Multiplication (Karatsuba Algorithm),/Users/medina/Projects/oer-books/advanced-algorithms-book/chapters/02-Divide-and-Conquer.qmd,CODE,Fenced block at lines 2021-2053,,O(n^log₂(3) O(n^1.585) O(n²),python,YES,CANDIDATE,SEE code-verification-results.csv,NO,NO,LOW,Use block-level verification record,Safe automated classification plus targeted tests; unexecuted blocks remain manual review.
2,Application 1: Fast Integer Multiplication (Karatsuba Algorithm),/Users/medina/Projects/oer-books/advanced-algorithms-book/chapters/02-Divide-and-Conquer.qmd,PSEUDOCODE,Fenced block at lines 2059-2067,,O(n) O(n^(1.585 - ε) Θ(n^log₂(3) Θ(n^1.585),UNLABELED,YES,NO,SEE code-verification-results.csv,NO,NO,LOW,Use block-level verification record,Safe automated classification plus targeted tests; unexecuted blocks remain manual review.
2,Application 2: Closest Pair of Points,/Users/medina/Projects/oer-books/advanced-algorithms-book/chapters/02-Divide-and-Conquer.qmd,CODE,Fenced block at lines 2085-2095,,O(n²),python,YES,CANDIDATE,SEE code-verification-results.csv,NO,NO,LOW,Use block-level verification record,Safe automated classification plus targeted tests; unexecuted blocks remain manual review.
2,Application 2: Closest Pair of Points,/Users/medina/Projects/oer-books/advanced-algorithms-book/chapters/02-Divide-and-Conquer.qmd,COMPLEXITY,Divide and conquer approach: O(n log n),,O(n log n),,NO,NO,REVIEWED,NO,NO,LOW,Verify assumptions and terminology,line 2098
2,Application 2: Closest Pair of Points,/Users/medina/Projects/oer-books/advanced-algorithms-book/chapters/02-Divide-and-Conquer.qmd,CODE,Fenced block at lines 2101-2194,,O(n log n),python,YES,CANDIDATE,SEE code-verification-results.csv,NO,NO,LOW,Use block-level verification record,Safe automated classification plus targeted tests; unexecuted blocks remain manual review.
2,Application 2: Closest Pair of Points,/Users/medina/Projects/oer-books/advanced-algorithms-book/chapters/02-Divide-and-Conquer.qmd,PROOF,Geometric proof: Given a point p in the strip and distance d:,,,,NO,NO,MANUAL REVIEW,NO,NO,LOW,Verify assumptions and terminology,line 2199
2,Application 2: Closest Pair of Points,/Users/medina/Projects/oer-books/advanced-algorithms-book/chapters/02-Divide-and-Conquer.qmd,PSEUDOCODE,Fenced block at lines 2210-2214,,O(n) O(n) Θ(n log n),UNLABELED,YES,NO,SEE code-verification-results.csv,NO,NO,LOW,Use block-level verification record,Safe automated classification plus targeted tests; unexecuted blocks remain manual review.
2,Application 3: Matrix Multiplication (Strassen's Algorithm),/Users/medina/Projects/oer-books/advanced-algorithms-book/chapters/02-Divide-and-Conquer.qmd,CODE,Fenced block at lines 2224-2234,,O(n³),python,YES,CANDIDATE,SEE code-verification-results.csv,NO,NO,LOW,Use block-level verification record,Safe automated classification plus targeted tests; unexecuted blocks remain manual review.
2,Application 3: Matrix Multiplication (Strassen's Algorithm),/Users/medina/Projects/oer-books/advanced-algorithms-book/chapters/02-Divide-and-Conquer.qmd,PSEUDOCODE,Fenced block at lines 2242-2247,,O(n²) Θ(n³),UNLABELED,YES,NO,SEE code-verification-results.csv,NO,NO,LOW,Use block-level verification record,Safe automated classification plus targeted tests; unexecuted blocks remain manual review.
2,Application 3: Matrix Multiplication (Strassen's Algorithm),/Users/medina/Projects/oer-books/advanced-algorithms-book/chapters/02-Divide-and-Conquer.qmd,PSEUDOCODE,Fenced block at lines 2253-2267,,O(n²) Θ(n^log₂(7) Θ(n^2.807),UNLABELED,YES,NO,SEE code-verification-results.csv,NO,NO,LOW,Use block-level verification record,Safe automated classification plus targeted tests; unexecuted blocks remain manual review.
2,Application 3: Matrix Multiplication (Strassen's Algorithm),/Users/medina/Projects/oer-books/advanced-algorithms-book/chapters/02-Divide-and-Conquer.qmd,COMPLEXITY,Better than O(n³)!,,O(n³),,NO,NO,REVIEWED,NO,NO,LOW,Verify assumptions and terminology,line 2270
2,Application 3: Matrix Multiplication (Strassen's Algorithm),/Users/medina/Projects/oer-books/advanced-algorithms-book/chapters/02-Divide-and-Conquer.qmd,COMPLEXITY,- Coppersmith-Winograd (1990): O(n^2.376),,O(n^2.376),,NO,NO,REVIEWED,YES,YES,MEDIUM,Verify assumptions and terminology,line 2274
2,Application 3: Matrix Multiplication (Strassen's Algorithm),/Users/medina/Projects/oer-books/advanced-algorithms-book/chapters/02-Divide-and-Conquer.qmd,COMPLEXITY,- Le Gall (2014): O(n^2.3728639),,O(n^2.3728639),,NO,NO,REVIEWED,YES,YES,MEDIUM,Verify assumptions and terminology,line 2275
2,Application 3: Matrix Multiplication (Strassen's Algorithm),/Users/medina/Projects/oer-books/advanced-algorithms-book/chapters/02-Divide-and-Conquer.qmd,COMPLEXITY,- Williams (2024): O(n^2.371552),,O(n^2.371552),,NO,NO,REVIEWED,YES,YES,MEDIUM,Verify assumptions and terminology,line 2276
2,Application 3: Matrix Multiplication (Strassen's Algorithm),/Users/medina/Projects/oer-books/advanced-algorithms-book/chapters/02-Divide-and-Conquer.qmd,COMPLEXITY,- Theoretical limit: O(n²+ε)? Still unknown!,,O(n²+ε),,NO,NO,REVIEWED,NO,NO,LOW,Verify assumptions and terminology,line 2277
2,Application 4: Fast Fourier Transform (FFT),/Users/medina/Projects/oer-books/advanced-algorithms-book/chapters/02-Divide-and-Conquer.qmd,MATHEMATICAL_CLAIM,- Solving polynomial multiplication,,,,NO,NO,MANUAL REVIEW,NO,NO,LOW,Verify assumptions and terminology,line 2288
2,Application 4: Fast Fourier Transform (FFT),/Users/medina/Projects/oer-books/advanced-algorithms-book/chapters/02-Divide-and-Conquer.qmd,COMPLEXITY,Naive DFT: O(n²) FFT (divide and conquer): O(n log n),,O(n²) O(n log n),,NO,NO,REVIEWED,NO,NO,LOW,Verify assumptions and terminology,line 2291
2,Application 4: Fast Fourier Transform (FFT),/Users/medina/Projects/oer-books/advanced-algorithms-book/chapters/02-Divide-and-Conquer.qmd,CODE,Fenced block at lines 2296-2332,,O(n log n),python,YES,CANDIDATE,SEE code-verification-results.csv,NO,NO,LOW,Use block-level verification record,Safe automated classification plus targeted tests; unexecuted blocks remain manual review.
2,Application 4: Fast Fourier Transform (FFT),/Users/medina/Projects/oer-books/advanced-algorithms-book/chapters/02-Divide-and-Conquer.qmd,PSEUDOCODE,Fenced block at lines 2338-2339,,O(n) Θ(n log n),UNLABELED,YES,NO,SEE code-verification-results.csv,NO,NO,LOW,Use block-level verification record,Safe automated classification plus targeted tests; unexecuted blocks remain manual review.
2,Building a Production-Quality Sorting Library,/Users/medina/Projects/oer-books/advanced-algorithms-book/chapters/02-Divide-and-Conquer.qmd,CODE,Fenced block at lines 2353-2554,,O(n log n) O(log n),python,YES,CANDIDATE,SEE code-verification-results.csv,NO,NO,LOW,Use block-level verification record,Safe automated classification plus targeted tests; unexecuted blocks remain manual review.
2,Performance Benchmarking,/Users/medina/Projects/oer-books/advanced-algorithms-book/chapters/02-Divide-and-Conquer.qmd,CODE,Fenced block at lines 2562-2706,,O(n) O(n log n) O(n²),python,YES,CANDIDATE,SEE code-verification-results.csv,NO,NO,LOW,Use block-level verification record,Safe automated classification plus targeted tests; unexecuted blocks remain manual review.
2,Real-World Performance Tips,/Users/medina/Projects/oer-books/advanced-algorithms-book/chapters/02-Divide-and-Conquer.qmd,COMPLEXITY,- Guaranteed O(n log n) required,,O(n log n),,NO,NO,REVIEWED,NO,NO,LOW,Verify assumptions and terminology,line 2725
2,Real-World Performance Tips,/Users/medina/Projects/oer-books/advanced-algorithms-book/chapters/02-Divide-and-Conquer.qmd,MATHEMATICAL_CLAIM,- Many duplicate values expected,,,,NO,NO,MANUAL REVIEW,NO,NO,LOW,Verify assumptions and terminology,line 2740
2,Common Implementation Pitfalls,/Users/medina/Projects/oer-books/advanced-algorithms-book/chapters/02-Divide-and-Conquer.qmd,CODE,Fenced block at lines 2750-2758,,,python,YES,CANDIDATE,SEE code-verification-results.csv,NO,NO,LOW,Use block-level verification record,Safe automated classification plus targeted tests; unexecuted blocks remain manual review.
2,Common Implementation Pitfalls,/Users/medina/Projects/oer-books/advanced-algorithms-book/chapters/02-Divide-and-Conquer.qmd,CODE,Fenced block at lines 2766-2772,,O(n²),python,YES,CANDIDATE,SEE code-verification-results.csv,NO,NO,LOW,Use block-level verification record,Safe automated classification plus targeted tests; unexecuted blocks remain manual review.
2,Common Implementation Pitfalls,/Users/medina/Projects/oer-books/advanced-algorithms-book/chapters/02-Divide-and-Conquer.qmd,CODE,Fenced block at lines 2780-2788,,,python,YES,CANDIDATE,SEE code-verification-results.csv,NO,NO,LOW,Use block-level verification record,Safe automated classification plus targeted tests; unexecuted blocks remain manual review.
2,Common Implementation Pitfalls,/Users/medina/Projects/oer-books/advanced-algorithms-book/chapters/02-Divide-and-Conquer.qmd,CODE,Fenced block at lines 2796-2802,,O(n),python,YES,CANDIDATE,SEE code-verification-results.csv,NO,NO,LOW,Use block-level verification record,Safe automated classification plus targeted tests; unexecuted blocks remain manual review.
2,Parallel Divide and Conquer,/Users/medina/Projects/oer-books/advanced-algorithms-book/chapters/02-Divide-and-Conquer.qmd,CODE,Fenced block at lines 2816-2855,,,python,YES,CANDIDATE,SEE code-verification-results.csv,NO,NO,LOW,Use block-level verification record,Safe automated classification plus targeted tests; unexecuted blocks remain manual review.
2,Cache-Oblivious Algorithms,/Users/medina/Projects/oer-books/advanced-algorithms-book/chapters/02-Divide-and-Conquer.qmd,CODE,Fenced block at lines 2876-2893,,,python,YES,CANDIDATE,SEE code-verification-results.csv,NO,NO,LOW,Use block-level verification record,Safe automated classification plus targeted tests; unexecuted blocks remain manual review.
2,External Memory Algorithms,/Users/medina/Projects/oer-books/advanced-algorithms-book/chapters/02-Divide-and-Conquer.qmd,MATHEMATICAL_CLAIM,Complexity:,,,,NO,NO,MANUAL REVIEW,NO,NO,LOW,Verify assumptions and terminology,line 2910
2,External Memory Algorithms,/Users/medina/Projects/oer-books/advanced-algorithms-book/chapters/02-Divide-and-Conquer.qmd,COMPLEXITY,- I/O operations: O((n/B) log{M/B}(n/M)),,O((n/B),,NO,NO,REVIEWED,NO,NO,LOW,Verify assumptions and terminology,line 2912
2,Core Concepts Mastered,/Users/medina/Projects/oer-books/advanced-algorithms-book/chapters/02-Divide-and-Conquer.qmd,COMPLEXITY,- Guaranteed O(n log n) performance,,O(n log n),,NO,NO,REVIEWED,NO,NO,LOW,Verify assumptions and terminology,line 2940
2,Core Concepts Mastered,/Users/medina/Projects/oer-books/advanced-algorithms-book/chapters/02-Divide-and-Conquer.qmd,COMPLEXITY,- Requires O(n) extra space,,O(n),,NO,NO,REVIEWED,NO,NO,LOW,Verify assumptions and terminology,line 2942
2,Core Concepts Mastered,/Users/medina/Projects/oer-books/advanced-algorithms-book/chapters/02-Divide-and-Conquer.qmd,COMPLEXITY,- O(n log n) expected time with randomization,,O(n log n),,NO,NO,REVIEWED,NO,NO,LOW,Verify assumptions and terminology,line 2948
2,Core Concepts Mastered,/Users/medina/Projects/oer-books/advanced-algorithms-book/chapters/02-Divide-and-Conquer.qmd,COMPLEXITY,- O(log n) space (in-place),,O(log n),,NO,NO,REVIEWED,NO,NO,LOW,Verify assumptions and terminology,line 2949
2,Core Concepts Mastered,/Users/medina/Projects/oer-books/advanced-algorithms-book/chapters/02-Divide-and-Conquer.qmd,PROOF,🧮 Master Theorem:,,,,NO,NO,MANUAL REVIEW,NO,NO,LOW,Verify assumptions and terminology,line 2954
2,Core Concepts Mastered,/Users/medina/Projects/oer-books/advanced-algorithms-book/chapters/02-Divide-and-Conquer.qmd,COMPLEXITY,- Karatsuba multiplication: O(n^1.585) integer multiplication,,O(n^1.585),,NO,NO,REVIEWED,NO,NO,LOW,Verify assumptions and terminology,line 2962
2,Core Concepts Mastered,/Users/medina/Projects/oer-books/advanced-algorithms-book/chapters/02-Divide-and-Conquer.qmd,COMPLEXITY,- Strassen's algorithm: O(n^2.807) matrix multiplication,,O(n^2.807),,NO,NO,REVIEWED,NO,NO,LOW,Verify assumptions and terminology,line 2963
2,Core Concepts Mastered,/Users/medina/Projects/oer-books/advanced-algorithms-book/chapters/02-Divide-and-Conquer.qmd,COMPLEXITY,- FFT: O(n log n) signal processing,,O(n log n),,NO,NO,REVIEWED,NO,NO,LOW,Verify assumptions and terminology,line 2964
2,Core Concepts Mastered,/Users/medina/Projects/oer-books/advanced-algorithms-book/chapters/02-Divide-and-Conquer.qmd,COMPLEXITY,- Closest pair: O(n log n) geometric algorithms,,O(n log n),,NO,NO,REVIEWED,NO,NO,LOW,Verify assumptions and terminology,line 2965
2,Performance Comparison Chart,/Users/medina/Projects/oer-books/advanced-algorithms-book/chapters/02-Divide-and-Conquer.qmd,MATHEMATICAL_CLAIM,|Algorithm|Best Case|Average Case|Worst Case|Space|Stable|,,,,NO,NO,MANUAL REVIEW,NO,NO,LOW,Verify assumptions and terminology,line 2969
2,Performance Comparison Chart,/Users/medina/Projects/oer-books/advanced-algorithms-book/chapters/02-Divide-and-Conquer.qmd,COMPLEXITY,|Bubble Sort|O(n)|O(n²)|O(n²)|O(1)|Yes|,,O(n) O(n²) O(n²) O(1),,NO,NO,REVIEWED,NO,NO,LOW,Verify assumptions and terminology,line 2971
2,Performance Comparison Chart,/Users/medina/Projects/oer-books/advanced-algorithms-book/chapters/02-Divide-and-Conquer.qmd,COMPLEXITY,|Selection Sort|O(n²)|O(n²)|O(n²)|O(1)|No|,,O(n²) O(n²) O(n²) O(1),,NO,NO,REVIEWED,NO,NO,LOW,Verify assumptions and terminology,line 2972
2,Performance Comparison Chart,/Users/medina/Projects/oer-books/advanced-algorithms-book/chapters/02-Divide-and-Conquer.qmd,COMPLEXITY,|Insertion Sort|O(n)|O(n²)|O(n²)|O(1)|Yes|,,O(n) O(n²) O(n²) O(1),,NO,NO,REVIEWED,NO,NO,LOW,Verify assumptions and terminology,line 2973
2,Performance Comparison Chart,/Users/medina/Projects/oer-books/advanced-algorithms-book/chapters/02-Divide-and-Conquer.qmd,COMPLEXITY,|Merge Sort|O(n log n)|O(n log n)|O(n log n)|O(n)|Yes|,,O(n log n) O(n log n) O(n log n) O(n),,NO,NO,REVIEWED,NO,NO,LOW,Verify assumptions and terminology,line 2974
2,Performance Comparison Chart,/Users/medina/Projects/oer-books/advanced-algorithms-book/chapters/02-Divide-and-Conquer.qmd,COMPLEXITY,|QuickSort|O(n log n)|O(n log n)|O(n²)|O(log n)|No|,,O(n log n) O(n log n) O(n²) O(log n),,NO,NO,REVIEWED,NO,NO,LOW,Verify assumptions and terminology,line 2975
2,Performance Comparison Chart,/Users/medina/Projects/oer-books/advanced-algorithms-book/chapters/02-Divide-and-Conquer.qmd,COMPLEXITY,|3-Way QuickSort|O(n)|O(n log n)|O(n²)|O(log n)|No|,,O(n) O(n log n) O(n²) O(log n),,NO,NO,REVIEWED,NO,NO,LOW,Verify assumptions and terminology,line 2976
2,Performance Comparison Chart,/Users/medina/Projects/oer-books/advanced-algorithms-book/chapters/02-Divide-and-Conquer.qmd,MATHEMATICAL_CLAIM,"With randomization, worst case becomes extremely unlikely",,,,NO,NO,MANUAL REVIEW,NO,NO,LOW,Verify assumptions and terminology,line 2978
2,When to Use Each Algorithm,/Users/medina/Projects/oer-books/advanced-algorithms-book/chapters/02-Divide-and-Conquer.qmd,PSEUDOCODE,Fenced block at lines 2985-2998,,,UNLABELED,YES,NO,SEE code-verification-results.csv,NO,NO,LOW,Use block-level verification record,Safe automated classification plus targeted tests; unexecuted blocks remain manual review.
2,Common Mistakes to Avoid,/Users/medina/Projects/oer-books/advanced-algorithms-book/chapters/02-Divide-and-Conquer.qmd,MATHEMATICAL_CLAIM,- Ignore the combine step's complexity in analysis,,,,NO,NO,MANUAL REVIEW,NO,NO,LOW,Verify assumptions and terminology,line 3007
2,Common Mistakes to Avoid,/Users/medina/Projects/oer-books/advanced-algorithms-book/chapters/02-Divide-and-Conquer.qmd,MATHEMATICAL_CLAIM,"- Understand the trade-offs (time vs space, average vs worst-case)",,,,NO,NO,MANUAL REVIEW,NO,NO,LOW,Verify assumptions and terminology,line 3016
2,Key Insights for Algorithm Design,/Users/medina/Projects/oer-books/advanced-algorithms-book/chapters/02-Divide-and-Conquer.qmd,COMPLEXITY,Lesson 2: The Combine Step Matters The efficiency of merging or combining solutions determines whether divide and conquer helps. O(1) combine → amazing speedup. O(n²) combine → no benefit.,,O(1) O(n²),,NO,NO,REVIEWED,NO,NO,LOW,Verify assumptions and terminology,line 3023
2,Key Insights for Algorithm Design,/Users/medina/Projects/oer-books/advanced-algorithms-book/chapters/02-Divide-and-Conquer.qmd,MATHEMATICAL_CLAIM,"Lesson 4: Randomization Eliminates Worst Cases Random pivot selection transforms QuickSort from ""sometimes terrible"" to ""always good expected performance.""",,,,NO,NO,MANUAL REVIEW,NO,NO,LOW,Verify assumptions and terminology,line 3031
2,Looking Ahead: Chapter 3 Preview,/Users/medina/Projects/oer-books/advanced-algorithms-book/chapters/02-Divide-and-Conquer.qmd,MATHEMATICAL_CLAIM,- Matrix Chain Multiplication: Optimal computation order,,,,NO,NO,MANUAL REVIEW,NO,NO,LOW,Verify assumptions and terminology,line 3048
2,Looking Ahead: Chapter 3 Preview,/Users/medina/Projects/oer-books/advanced-algorithms-book/chapters/02-Divide-and-Conquer.qmd,MATHEMATICAL_CLAIM,"The techniques you've learned in this chapter—recursive thinking, recurrence relations, complexity analysis—will be essential foundations for dynamic programming.",,,,NO,NO,MANUAL REVIEW,NO,NO,LOW,Verify assumptions and terminology,line 3051
2,Theoretical Problems,/Users/medina/Projects/oer-books/advanced-algorithms-book/chapters/02-Divide-and-Conquer.qmd,PROOF,Solve the following recurrences using the Master Theorem (or state why it doesn't apply):,,,,NO,NO,MANUAL REVIEW,NO,NO,LOW,Verify assumptions and terminology,line 3061
2,Theoretical Problems,/Users/medina/Projects/oer-books/advanced-algorithms-book/chapters/02-Divide-and-Conquer.qmd,PROOF,"For those where Master Theorem doesn't apply, solve using the recursion tree method.",,,,NO,NO,MANUAL REVIEW,NO,NO,LOW,Verify assumptions and terminology,line 3066
2,Theoretical Problems,/Users/medina/Projects/oer-books/advanced-algorithms-book/chapters/02-Divide-and-Conquer.qmd,MATHEMATICAL_CLAIM,Requirements: a) Write pseudocode for your algorithm b) Prove correctness using induction c) Write and solve the recurrence relation d) Compare with the naive approach (two separate passes) e) How many comparisons does your algorithm make? Can you prove this is optimal?,,,,NO,NO,MANUAL REVIEW,NO,NO,LOW,Verify assumptions and terminology,line 3076
2,Theoretical Problems,/Users/medina/Projects/oer-books/advanced-algorithms-book/chapters/02-Divide-and-Conquer.qmd,MATHEMATICAL_CLAIM,Part C: What is the time complexity of your algorithm?,,,,NO,NO,MANUAL REVIEW,NO,NO,LOW,Verify assumptions and terminology,line 3086
2,Theoretical Problems,/Users/medina/Projects/oer-books/advanced-algorithms-book/chapters/02-Divide-and-Conquer.qmd,COMPLEXITY,"Part B: Using this probability, argue why the expected number of ""levels"" of good splits is O(log n).",,O(log n),,NO,NO,REVIEWED,NO,NO,LOW,Verify assumptions and terminology,line 3096
2,Theoretical Problems,/Users/medina/Projects/oer-books/advanced-algorithms-book/chapters/02-Divide-and-Conquer.qmd,COMPLEXITY,Part C: Explain why this implies O(n log n) expected time.,,O(n log n),,NO,NO,REVIEWED,NO,NO,LOW,Verify assumptions and terminology,line 3098
2,Programming Problems,/Users/medina/Projects/oer-books/advanced-algorithms-book/chapters/02-Divide-and-Conquer.qmd,CODE,Fenced block at lines 3116-3121,,,python,YES,CANDIDATE,SEE code-verification-results.csv,NO,NO,LOW,Use block-level verification record,Safe automated classification plus targeted tests; unexecuted blocks remain manual review.
2,Programming Problems,/Users/medina/Projects/oer-books/advanced-algorithms-book/chapters/02-Divide-and-Conquer.qmd,CODE,Fenced block at lines 3139-3153,,O(log n),python,YES,CANDIDATE,SEE code-verification-results.csv,NO,NO,LOW,Use block-level verification record,Safe automated classification plus targeted tests; unexecuted blocks remain manual review.
2,Programming Problems,/Users/medina/Projects/oer-books/advanced-algorithms-book/chapters/02-Divide-and-Conquer.qmd,COMPLEXITY,Implement QuickSelect to find the k-th smallest element in O(n) average time:,,O(n),,NO,NO,REVIEWED,NO,NO,LOW,Verify assumptions and terminology,line 3162
2,Programming Problems,/Users/medina/Projects/oer-books/advanced-algorithms-book/chapters/02-Divide-and-Conquer.qmd,CODE,Fenced block at lines 3165-3178,,O(n),python,YES,CANDIDATE,SEE code-verification-results.csv,NO,NO,LOW,Use block-level verification record,Safe automated classification plus targeted tests; unexecuted blocks remain manual review.
2,Programming Problems,/Users/medina/Projects/oer-books/advanced-algorithms-book/chapters/02-Divide-and-Conquer.qmd,COMPLEXITY,"Requirements: a) Implement with randomized pivot selection b) Prove the average-case O(n) time complexity c) Compare empirically with sorting the array first d) Test on arrays of size 10³, 10⁴, 10⁵, 10⁶",,O(n),,NO,NO,REVIEWED,NO,NO,LOW,Verify assumptions and terminology,line 3181
2,Programming Problems,/Users/medina/Projects/oer-books/advanced-algorithms-book/chapters/02-Divide-and-Conquer.qmd,CODE,Fenced block at lines 3190-3198,,,python,YES,CANDIDATE,SEE code-verification-results.csv,NO,NO,LOW,Use block-level verification record,Safe automated classification plus targeted tests; unexecuted blocks remain manual review.
2,Programming Problems,/Users/medina/Projects/oer-books/advanced-algorithms-book/chapters/02-Divide-and-Conquer.qmd,MATHEMATICAL_CLAIM,- Time complexity (theoretical),,,,NO,NO,MANUAL REVIEW,NO,NO,LOW,Verify assumptions and terminology,line 3205
2,Challenge Problems,/Users/medina/Projects/oer-books/advanced-algorithms-book/chapters/02-Divide-and-Conquer.qmd,COMPLEXITY,"Find the median of two sorted arrays in O(log(min(m,n))) time:",,"O(log(min(m,n)",,NO,NO,REVIEWED,NO,NO,LOW,Verify assumptions and terminology,line 3215
2,Challenge Problems,/Users/medina/Projects/oer-books/advanced-algorithms-book/chapters/02-Divide-and-Conquer.qmd,CODE,Fenced block at lines 3218-3231,,O(log(min(len(arr1),python,YES,CANDIDATE,SEE code-verification-results.csv,NO,NO,LOW,Use block-level verification record,Safe automated classification plus targeted tests; unexecuted blocks remain manual review.
2,Challenge Problems,/Users/medina/Projects/oer-books/advanced-algorithms-book/chapters/02-Divide-and-Conquer.qmd,CODE,Fenced block at lines 3247-3261,,,python,YES,CANDIDATE,SEE code-verification-results.csv,NO,NO,LOW,Use block-level verification record,Safe automated classification plus targeted tests; unexecuted blocks remain manual review.
2,Challenge Problems,/Users/medina/Projects/oer-books/advanced-algorithms-book/chapters/02-Divide-and-Conquer.qmd,MATHEMATICAL_CLAIM,- Analyze time complexity,,,,NO,NO,MANUAL REVIEW,NO,NO,LOW,Verify assumptions and terminology,line 3267
2,Recommended Reading,/Users/medina/Projects/oer-books/advanced-algorithms-book/chapters/02-Divide-and-Conquer.qmd,MATHEMATICAL_CLAIM,"- Strassen, V. (1969). ""Gaussian Elimination is not Optimal""",,,,NO,NO,MANUAL REVIEW,YES,YES,MEDIUM,Verify assumptions and terminology,line 3286
2,Video Lectures,/Users/medina/Projects/oer-books/advanced-algorithms-book/chapters/02-Divide-and-Conquer.qmd,PROOF,- Stanford CS161: Lectures on QuickSort and Master Theorem,,,,NO,NO,MANUAL REVIEW,NO,NO,LOW,Verify assumptions and terminology,line 3296
3,Why Data Structures Matter {.unnumbered},/Users/medina/Projects/oer-books/advanced-algorithms-book/chapters/03-Data-Structures-for-Efficiency.qmd,COMPLEXITY,- Time to find: O(n) - must check every element,,O(n),,NO,NO,REVIEWED,NO,NO,LOW,Verify assumptions and terminology,line 21
3,Why Data Structures Matter {.unnumbered},/Users/medina/Projects/oer-books/advanced-algorithms-book/chapters/03-Data-Structures-for-Efficiency.qmd,MATHEMATICAL_CLAIM,"- 1 billion elements = 1 billion checks, worst case",,,,NO,NO,MANUAL REVIEW,NO,NO,LOW,Verify assumptions and terminology,line 22
3,Why Data Structures Matter {.unnumbered},/Users/medina/Projects/oer-books/advanced-algorithms-book/chapters/03-Data-Structures-for-Efficiency.qmd,COMPLEXITY,- Time to find: O(1) average - direct lookup,,O(1),,NO,NO,REVIEWED,NO,NO,LOW,Verify assumptions and terminology,line 26
3,Why Data Structures Matter {.unnumbered},/Users/medina/Projects/oer-books/advanced-algorithms-book/chapters/03-Data-Structures-for-Efficiency.qmd,COMPLEXITY,- Time to find: O(log n) - binary search property,,O(log n),,NO,NO,REVIEWED,NO,NO,LOW,Verify assumptions and terminology,line 31
3,Chapter Roadmap {.unnumbered},/Users/medina/Projects/oer-books/advanced-algorithms-book/chapters/03-Data-Structures-for-Efficiency.qmd,MATHEMATICAL_CLAIM,- Section 3.4: Amortized analysis techniques,,,,NO,NO,MANUAL REVIEW,NO,NO,LOW,Verify assumptions and terminology,line 76
3,The Priority Queue ADT,/Users/medina/Projects/oer-books/advanced-algorithms-book/chapters/03-Data-Structures-for-Efficiency.qmd,MATHEMATICAL_CLAIM,- Huffman Coding: Building optimal codes,,,,NO,NO,MANUAL REVIEW,NO,NO,LOW,Verify assumptions and terminology,line 100
3,The Binary Heap Structure,/Users/medina/Projects/oer-books/advanced-algorithms-book/chapters/03-Data-Structures-for-Efficiency.qmd,PSEUDOCODE,Fenced block at lines 115-129,,,UNLABELED,YES,NO,SEE code-verification-results.csv,NO,NO,LOW,Use block-level verification record,Safe automated classification plus targeted tests; unexecuted blocks remain manual review.
3,Core Heap Operations,/Users/medina/Projects/oer-books/advanced-algorithms-book/chapters/03-Data-Structures-for-Efficiency.qmd,CODE,Fenced block at lines 135-244,,O(log n) O(log n) O(1) O(n) O(log n) O(log n) O(1) O(n) O(n log n),python,YES,CANDIDATE,SEE code-verification-results.csv,NO,NO,LOW,Use block-level verification record,Safe automated classification plus targeted tests; unexecuted blocks remain manual review.
3,The Magic of O(n) Heap Construction,/Users/medina/Projects/oer-books/advanced-algorithms-book/chapters/03-Data-Structures-for-Efficiency.qmd,COMPLEXITY,The Magic of O(n) Heap Construction,,O(n),,NO,NO,REVIEWED,NO,NO,LOW,Verify assumptions and terminology,line 247
3,The Magic of O(n) Heap Construction,/Users/medina/Projects/oer-books/advanced-algorithms-book/chapters/03-Data-Structures-for-Efficiency.qmd,COMPLEXITY,Why is buildheap O(n) and not O(n log n)?,,O(n) O(n log n),,NO,NO,REVIEWED,NO,NO,LOW,Verify assumptions and terminology,line 249
3,The Magic of O(n) Heap Construction,/Users/medina/Projects/oer-books/advanced-algorithms-book/chapters/03-Data-Structures-for-Efficiency.qmd,PSEUDOCODE,Fenced block at lines 263-268,,O(n),UNLABELED,YES,NO,SEE code-verification-results.csv,NO,NO,LOW,Use block-level verification record,Safe automated classification plus targeted tests; unexecuted blocks remain manual review.
3,Advanced Heap Operations,/Users/medina/Projects/oer-books/advanced-algorithms-book/chapters/03-Data-Structures-for-Efficiency.qmd,CODE,Fenced block at lines 274-336,,O(log n),python,YES,CANDIDATE,SEE code-verification-results.csv,NO,NO,LOW,Use block-level verification record,Safe automated classification plus targeted tests; unexecuted blocks remain manual review.
3,Application 1: K Largest Elements,/Users/medina/Projects/oer-books/advanced-algorithms-book/chapters/03-Data-Structures-for-Efficiency.qmd,CODE,Fenced block at lines 344-384,,O(n + k log n) O(n log k) O(n) O(k log n) O(n log k) O(k),python,YES,CANDIDATE,SEE code-verification-results.csv,NO,NO,LOW,Use block-level verification record,Safe automated classification plus targeted tests; unexecuted blocks remain manual review.
3,Application 2: Median Maintenance,/Users/medina/Projects/oer-books/advanced-algorithms-book/chapters/03-Data-Structures-for-Efficiency.qmd,CODE,Fenced block at lines 390-427,,O(log n) O(log n) O(1),python,YES,CANDIDATE,SEE code-verification-results.csv,NO,NO,LOW,Use block-level verification record,Safe automated classification plus targeted tests; unexecuted blocks remain manual review.
3,The Balance Problem,/Users/medina/Projects/oer-books/advanced-algorithms-book/chapters/03-Data-Structures-for-Efficiency.qmd,COMPLEXITY,Binary Search Trees (BSTs) give us O(log n) operations... if balanced. But what if they're not?,,O(log n),,NO,NO,REVIEWED,NO,NO,LOW,Verify assumptions and terminology,line 436
3,The Balance Problem,/Users/medina/Projects/oer-books/advanced-algorithms-book/chapters/03-Data-Structures-for-Efficiency.qmd,MATHEMATICAL_CLAIM,Worst case - degenerate tree (linked list):,,,,NO,NO,MANUAL REVIEW,NO,NO,LOW,Verify assumptions and terminology,line 438
3,The Balance Problem,/Users/medina/Projects/oer-books/advanced-algorithms-book/chapters/03-Data-Structures-for-Efficiency.qmd,PSEUDOCODE,Fenced block at lines 441-454,,O(n),UNLABELED,YES,NO,SEE code-verification-results.csv,NO,NO,LOW,Use block-level verification record,Safe automated classification plus targeted tests; unexecuted blocks remain manual review.
3,The Balance Problem,/Users/medina/Projects/oer-books/advanced-algorithms-book/chapters/03-Data-Structures-for-Efficiency.qmd,MATHEMATICAL_CLAIM,Best case - perfectly balanced:,,,,NO,NO,MANUAL REVIEW,NO,NO,LOW,Verify assumptions and terminology,line 457
3,The Balance Problem,/Users/medina/Projects/oer-books/advanced-algorithms-book/chapters/03-Data-Structures-for-Efficiency.qmd,PSEUDOCODE,Fenced block at lines 460-467,,O(log n),UNLABELED,YES,NO,SEE code-verification-results.csv,NO,NO,LOW,Use block-level verification record,Safe automated classification plus targeted tests; unexecuted blocks remain manual review.
3,AVL Tree Implementation,/Users/medina/Projects/oer-books/advanced-algorithms-book/chapters/03-Data-Structures-for-Efficiency.qmd,CODE,Fenced block at lines 481-674,,O(log n) O(log n) O(log n) O(log n) O(log n),python,YES,CANDIDATE,SEE code-verification-results.csv,NO,NO,LOW,Use block-level verification record,Safe automated classification plus targeted tests; unexecuted blocks remain manual review.
3,Red-Black Trees: A Different Balance,/Users/medina/Projects/oer-books/advanced-algorithms-book/chapters/03-Data-Structures-for-Efficiency.qmd,CODE,Fenced block at lines 697-840,,,python,YES,CANDIDATE,SEE code-verification-results.csv,NO,NO,LOW,Use block-level verification record,Safe automated classification plus targeted tests; unexecuted blocks remain manual review.
3,Hash Tables - O(1) Average Case Magic,/Users/medina/Projects/oer-books/advanced-algorithms-book/chapters/03-Data-Structures-for-Efficiency.qmd,COMPLEXITY,Hash Tables - O(1) Average Case Magic,,O(1),,NO,NO,REVIEWED,NO,NO,LOW,Verify assumptions and terminology,line 845
3,The Dream of Constant Time,/Users/medina/Projects/oer-books/advanced-algorithms-book/chapters/03-Data-Structures-for-Efficiency.qmd,COMPLEXITY,"Hash tables achieve something seemingly impossible: O(1) average-case lookup, insert, and delete for arbitrary keys.",,O(1),,NO,NO,REVIEWED,NO,NO,LOW,Verify assumptions and terminology,line 849
3,The Dream of Constant Time,/Users/medina/Projects/oer-books/advanced-algorithms-book/chapters/03-Data-Structures-for-Efficiency.qmd,PSEUDOCODE,Fenced block at lines 854-854,,,UNLABELED,YES,NO,SEE code-verification-results.csv,NO,NO,LOW,Use block-level verification record,Safe automated classification plus targeted tests; unexecuted blocks remain manual review.
3,Hash Function Design,/Users/medina/Projects/oer-books/advanced-algorithms-book/chapters/03-Data-Structures-for-Efficiency.qmd,COMPLEXITY,3. Fast: O(1) computation,,O(1),,NO,NO,REVIEWED,NO,NO,LOW,Verify assumptions and terminology,line 863
3,Hash Function Design,/Users/medina/Projects/oer-books/advanced-algorithms-book/chapters/03-Data-Structures-for-Efficiency.qmd,CODE,Fenced block at lines 866-991,,O(1) O(n) O(1) O(n) O(1) O(n) O(1) O(n) O(1),python,YES,CANDIDATE,SEE code-verification-results.csv,NO,NO,LOW,Use block-level verification record,Safe automated classification plus targeted tests; unexecuted blocks remain manual review.
3,Strategy 2: Open Addressing,/Users/medina/Projects/oer-books/advanced-algorithms-book/chapters/03-Data-Structures-for-Efficiency.qmd,CODE,Fenced block at lines 1016-1096,,,python,YES,CANDIDATE,SEE code-verification-results.csv,NO,NO,LOW,Use block-level verification record,Safe automated classification plus targeted tests; unexecuted blocks remain manual review.
3,Cuckoo Hashing - Worst-Case O(1) Lookup,/Users/medina/Projects/oer-books/advanced-algorithms-book/chapters/03-Data-Structures-for-Efficiency.qmd,COMPLEXITY,Cuckoo Hashing - Worst-Case O(1) Lookup,,O(1),,NO,NO,REVIEWED,NO,NO,LOW,Verify assumptions and terminology,line 1101
3,Cuckoo Hashing - Worst-Case O(1) Lookup,/Users/medina/Projects/oer-books/advanced-algorithms-book/chapters/03-Data-Structures-for-Efficiency.qmd,CODE,Fenced block at lines 1104-1179,,O(1) O(1) O(n) O(1),python,YES,CANDIDATE,SEE code-verification-results.csv,NO,NO,LOW,Use block-level verification record,Safe automated classification plus targeted tests; unexecuted blocks remain manual review.
3,Consistent Hashing - Distributed Systems,/Users/medina/Projects/oer-books/advanced-algorithms-book/chapters/03-Data-Structures-for-Efficiency.qmd,CODE,Fenced block at lines 1185-1243,,,python,YES,CANDIDATE,SEE code-verification-results.csv,NO,NO,LOW,Use block-level verification record,Safe automated classification plus targeted tests; unexecuted blocks remain manual review.
3,Amortized Analysis,/Users/medina/Projects/oer-books/advanced-algorithms-book/chapters/03-Data-Structures-for-Efficiency.qmd,MATHEMATICAL_CLAIM,Amortized Analysis,,,,NO,NO,MANUAL REVIEW,NO,NO,LOW,Verify assumptions and terminology,line 1248
3,Beyond Worst-Case,/Users/medina/Projects/oer-books/advanced-algorithms-book/chapters/03-Data-Structures-for-Efficiency.qmd,MATHEMATICAL_CLAIM,Beyond Worst-Case,,,,NO,NO,MANUAL REVIEW,NO,NO,LOW,Verify assumptions and terminology,line 1250
3,Beyond Worst-Case,/Users/medina/Projects/oer-books/advanced-algorithms-book/chapters/03-Data-Structures-for-Efficiency.qmd,MATHEMATICAL_CLAIM,Sometimes worst-case analysis is too pessimistic. Amortized analysis considers the average performance over a sequence of operations.,,,,NO,NO,MANUAL REVIEW,NO,NO,LOW,Verify assumptions and terminology,line 1252
3,Beyond Worst-Case,/Users/medina/Projects/oer-books/advanced-algorithms-book/chapters/03-Data-Structures-for-Efficiency.qmd,COMPLEXITY,- Most insertions: O(1),,O(1),,NO,NO,REVIEWED,NO,NO,LOW,Verify assumptions and terminology,line 1256
3,Beyond Worst-Case,/Users/medina/Projects/oer-books/advanced-algorithms-book/chapters/03-Data-Structures-for-Efficiency.qmd,COMPLEXITY,- Occasional resize: O(n),,O(n),,NO,NO,REVIEWED,NO,NO,LOW,Verify assumptions and terminology,line 1257
3,Beyond Worst-Case,/Users/medina/Projects/oer-books/advanced-algorithms-book/chapters/03-Data-Structures-for-Efficiency.qmd,COMPLEXITY,- Amortized: O(1) per operation!,,O(1),,NO,NO,REVIEWED,NO,NO,LOW,Verify assumptions and terminology,line 1258
3,Three Methods of Amortized Analysis,/Users/medina/Projects/oer-books/advanced-algorithms-book/chapters/03-Data-Structures-for-Efficiency.qmd,MATHEMATICAL_CLAIM,Three Methods of Amortized Analysis,,,,NO,NO,MANUAL REVIEW,NO,NO,LOW,Verify assumptions and terminology,line 1260
3,Method 1: Aggregate Analysis,/Users/medina/Projects/oer-books/advanced-algorithms-book/chapters/03-Data-Structures-for-Efficiency.qmd,MATHEMATICAL_CLAIM,Total cost of n operations ÷ n = amortized cost per operation,,,,NO,NO,MANUAL REVIEW,NO,NO,LOW,Verify assumptions and terminology,line 1264
3,Method 1: Aggregate Analysis,/Users/medina/Projects/oer-books/advanced-algorithms-book/chapters/03-Data-Structures-for-Efficiency.qmd,CODE,Fenced block at lines 1267-1303,,O(1) O(n) O(1) O(1),python,YES,CANDIDATE,SEE code-verification-results.csv,NO,NO,LOW,Use block-level verification record,Safe automated classification plus targeted tests; unexecuted blocks remain manual review.
3,Method 2: Accounting Method,/Users/medina/Projects/oer-books/advanced-algorithms-book/chapters/03-Data-Structures-for-Efficiency.qmd,MATHEMATICAL_CLAIM,"Assign ""amortized costs"" to operations. Some operations are ""charged"" more than actual cost to ""pay for"" expensive operations later.",,,,NO,NO,MANUAL REVIEW,NO,NO,LOW,Verify assumptions and terminology,line 1308
3,Method 2: Accounting Method,/Users/medina/Projects/oer-books/advanced-algorithms-book/chapters/03-Data-Structures-for-Efficiency.qmd,CODE,Fenced block at lines 1311-1323,,,python,YES,CANDIDATE,SEE code-verification-results.csv,NO,NO,LOW,Use block-level verification record,Safe automated classification plus targeted tests; unexecuted blocks remain manual review.
3,Method 3: Potential Method,/Users/medina/Projects/oer-books/advanced-algorithms-book/chapters/03-Data-Structures-for-Efficiency.qmd,CODE,Fenced block at lines 1331-1348,,O(1),python,YES,CANDIDATE,SEE code-verification-results.csv,NO,NO,LOW,Use block-level verification record,Safe automated classification plus targeted tests; unexecuted blocks remain manual review.
3,Union-Find: Amortization in Action,/Users/medina/Projects/oer-books/advanced-algorithms-book/chapters/03-Data-Structures-for-Efficiency.qmd,CODE,Fenced block at lines 1354-1405,,O(α(n) O(α(n) O(n) O(log n) O(log n) O(α(n) O(1),python,YES,CANDIDATE,SEE code-verification-results.csv,NO,NO,LOW,Use block-level verification record,Safe automated classification plus targeted tests; unexecuted blocks remain manual review.
3,Fibonacci Heaps - Theoretical Optimality,/Users/medina/Projects/oer-books/advanced-algorithms-book/chapters/03-Data-Structures-for-Efficiency.qmd,MATHEMATICAL_CLAIM,Fibonacci Heaps - Theoretical Optimality,,,,NO,NO,MANUAL REVIEW,NO,NO,LOW,Verify assumptions and terminology,line 1412
3,Fibonacci Heaps - Theoretical Optimality,/Users/medina/Projects/oer-books/advanced-algorithms-book/chapters/03-Data-Structures-for-Efficiency.qmd,CODE,Fenced block at lines 1415-1504,,O(1) O(1) O(log n) O(1) O(1) O(E + V log V) O(E + V log V) O(1) O(1),python,YES,CANDIDATE,SEE code-verification-results.csv,NO,NO,LOW,Use block-level verification record,Safe automated classification plus targeted tests; unexecuted blocks remain manual review.
3,Skip Lists - Probabilistic Balance,/Users/medina/Projects/oer-books/advanced-algorithms-book/chapters/03-Data-Structures-for-Efficiency.qmd,CODE,Fenced block at lines 1510-1594,,O(log n) O(log n) O(log n),python,YES,CANDIDATE,SEE code-verification-results.csv,NO,NO,LOW,Use block-level verification record,Safe automated classification plus targeted tests; unexecuted blocks remain manual review.
3,Bloom Filters - Space-Efficient Membership,/Users/medina/Projects/oer-books/advanced-algorithms-book/chapters/03-Data-Structures-for-Efficiency.qmd,CODE,Fenced block at lines 1600-1665,,O(k) O(k),python,YES,CANDIDATE,SEE code-verification-results.csv,NO,NO,LOW,Use block-level verification record,Safe automated classification plus targeted tests; unexecuted blocks remain manual review.
3,Building a Production-Ready Library,/Users/medina/Projects/oer-books/advanced-algorithms-book/chapters/03-Data-Structures-for-Efficiency.qmd,CODE,Fenced block at lines 1675-1684,,,python,YES,CANDIDATE,SEE code-verification-results.csv,NO,NO,LOW,Use block-level verification record,Safe automated classification plus targeted tests; unexecuted blocks remain manual review.
3,Comprehensive Testing Suite,/Users/medina/Projects/oer-books/advanced-algorithms-book/chapters/03-Data-Structures-for-Efficiency.qmd,CODE,Fenced block at lines 1690-1798,,O(1) O(n),python,YES,CANDIDATE,SEE code-verification-results.csv,NO,NO,LOW,Use block-level verification record,Safe automated classification plus targeted tests; unexecuted blocks remain manual review.
3,Performance Benchmarking Framework,/Users/medina/Projects/oer-books/advanced-algorithms-book/chapters/03-Data-Structures-for-Efficiency.qmd,CODE,Fenced block at lines 1804-1925,,,python,YES,CANDIDATE,SEE code-verification-results.csv,NO,NO,LOW,Use block-level verification record,Safe automated classification plus targeted tests; unexecuted blocks remain manual review.
3,Real-World Application: LRU Cache,/Users/medina/Projects/oer-books/advanced-algorithms-book/chapters/03-Data-Structures-for-Efficiency.qmd,CODE,Fenced block at lines 1931-2049,,O(1) O(1) O(1) O(1) O(1),python,YES,CANDIDATE,SEE code-verification-results.csv,NO,NO,LOW,Use block-level verification record,Safe automated classification plus targeted tests; unexecuted blocks remain manual review.
3,Theoretical Problems,/Users/medina/Projects/oer-books/advanced-algorithms-book/chapters/03-Data-Structures-for-Efficiency.qmd,MATHEMATICAL_CLAIM,"3.1 Complexity Analysis For each data structure, provide tight bounds: a) Fibonacci heap decrease-key operation b) Splay tree amortized analysis c) Cuckoo hashing with 3 hash functions d) B-tree with minimum degree t",,,,NO,NO,MANUAL REVIEW,NO,NO,LOW,Verify assumptions and terminology,line 2058
3,Theoretical Problems,/Users/medina/Projects/oer-books/advanced-algorithms-book/chapters/03-Data-Structures-for-Efficiency.qmd,PROOF,3.3 Amortized Proofs Prove using potential method: a) Union-Find with path compression is O(log n) b) Splay tree operations are O(log n) amortized c) Dynamic table with α-expansion has O(1) amortized insert,,O(log n) O(log n) O(1),,NO,NO,MANUAL REVIEW,NO,NO,LOW,Verify assumptions and terminology,line 2062
3,Implementation Problems,/Users/medina/Projects/oer-books/advanced-algorithms-book/chapters/03-Data-Structures-for-Efficiency.qmd,CODE,Fenced block at lines 2069-2079,,O(log n) O(log n),python,YES,CANDIDATE,SEE code-verification-results.csv,NO,NO,LOW,Use block-level verification record,Safe automated classification plus targeted tests; unexecuted blocks remain manual review.
3,Implementation Problems,/Users/medina/Projects/oer-books/advanced-algorithms-book/chapters/03-Data-Structures-for-Efficiency.qmd,CODE,Fenced block at lines 2085-2095,,,python,YES,CANDIDATE,SEE code-verification-results.csv,NO,NO,LOW,Use block-level verification record,Safe automated classification plus targeted tests; unexecuted blocks remain manual review.
3,Implementation Problems,/Users/medina/Projects/oer-books/advanced-algorithms-book/chapters/03-Data-Structures-for-Efficiency.qmd,CODE,Fenced block at lines 2101-2111,,,python,YES,CANDIDATE,SEE code-verification-results.csv,NO,NO,LOW,Use block-level verification record,Safe automated classification plus targeted tests; unexecuted blocks remain manual review.
3,Key Takeaways,/Users/medina/Projects/oer-books/advanced-algorithms-book/chapters/03-Data-Structures-for-Efficiency.qmd,COMPLEXITY,1. The Right Structure Matters: O(n) vs O(log n) vs O(1) can mean the difference between seconds and hours.,,O(n) O(log n) O(1),,NO,NO,REVIEWED,NO,NO,LOW,Verify assumptions and terminology,line 2126
3,Key Takeaways,/Users/medina/Projects/oer-books/advanced-algorithms-book/chapters/03-Data-Structures-for-Efficiency.qmd,MATHEMATICAL_CLAIM,- Worst-case vs Average-case,,,,NO,NO,MANUAL REVIEW,NO,NO,LOW,Verify assumptions and terminology,line 2131
3,Key Takeaways,/Users/medina/Projects/oer-books/advanced-algorithms-book/chapters/03-Data-Structures-for-Efficiency.qmd,MATHEMATICAL_CLAIM,4. Cache Matters: Modern performance often depends more on cache friendliness than asymptotic complexity.,,,,NO,NO,MANUAL REVIEW,NO,NO,LOW,Verify assumptions and terminology,line 2136
4,Greedy Algorithms - When Local Optimality Leads to Global Solutions,/Users/medina/Projects/oer-books/advanced-algorithms-book/chapters/04-Greedy-Algorithms.qmd,MATHEMATICAL_CLAIM,Greedy Algorithms - When Local Optimality Leads to Global Solutions,,,,NO,NO,MANUAL REVIEW,NO,NO,LOW,Verify assumptions and terminology,line 1
4,Introduction: The Power of Greed {.unnumbered},/Users/medina/Projects/oer-books/advanced-algorithms-book/chapters/04-Greedy-Algorithms.qmd,MATHEMATICAL_CLAIM,"7 coins total. You just used a greedy algorithm at each step, you made the locally optimal choice (largest coin that fits) without worrying about future consequences.",,,,NO,NO,MANUAL REVIEW,NO,NO,LOW,Verify assumptions and terminology,line 22
4,Introduction: The Power of Greed {.unnumbered},/Users/medina/Projects/oer-books/advanced-algorithms-book/chapters/04-Greedy-Algorithms.qmd,MATHEMATICAL_CLAIM,"But here's the remarkable part: for US currency, this greedy approach always gives the globally optimal solution (minimum number of coins). No backtracking needed. No complex analysis. Just make the best choice at each step, and you're guaranteed the best overall result.",,,,NO,NO,MANUAL REVIEW,NO,NO,LOW,Verify assumptions and terminology,line 24
4,When Greed Works (And When It Doesn't) {.unnumbered},/Users/medina/Projects/oer-books/advanced-algorithms-book/chapters/04-Greedy-Algorithms.qmd,MATHEMATICAL_CLAIM,- Optimal: 3¢ + 3¢ = 2 coins ✗,,,,NO,NO,MANUAL REVIEW,NO,NO,LOW,Verify assumptions and terminology,line 40
4,The Greedy Paradigm {.unnumbered},/Users/medina/Projects/oer-books/advanced-algorithms-book/chapters/04-Greedy-Algorithms.qmd,MATHEMATICAL_CLAIM,2. Make locally optimal choices at each step,,,,NO,NO,MANUAL REVIEW,NO,NO,LOW,Verify assumptions and terminology,line 49
4,The Greedy Paradigm {.unnumbered},/Users/medina/Projects/oer-books/advanced-algorithms-book/chapters/04-Greedy-Algorithms.qmd,COMPLEXITY,- Fast: Usually O(n log n) or better,,O(n log n),,NO,NO,REVIEWED,NO,NO,LOW,Verify assumptions and terminology,line 54
4,The Greedy Paradigm {.unnumbered},/Users/medina/Projects/oer-books/advanced-algorithms-book/chapters/04-Greedy-Algorithms.qmd,COMPLEXITY,- Memory efficient: O(1) extra space often suffices,,O(1),,NO,NO,REVIEWED,NO,NO,LOW,Verify assumptions and terminology,line 56
4,The Greedy Paradigm {.unnumbered},/Users/medina/Projects/oer-books/advanced-algorithms-book/chapters/04-Greedy-Algorithms.qmd,MATHEMATICAL_CLAIM,The challenge is proving correctness—showing that local optimality leads to global optimality.,,,,NO,NO,MANUAL REVIEW,NO,NO,LOW,Verify assumptions and terminology,line 58
4,The Key Properties for Greedy Success,/Users/medina/Projects/oer-books/advanced-algorithms-book/chapters/04-Greedy-Algorithms.qmd,MATHEMATICAL_CLAIM,"For a greedy algorithm to produce an optimal solution, the problem must have:",,,,NO,NO,MANUAL REVIEW,NO,NO,LOW,Verify assumptions and terminology,line 114
4,1. Greedy Choice Property,/Users/medina/Projects/oer-books/advanced-algorithms-book/chapters/04-Greedy-Algorithms.qmd,MATHEMATICAL_CLAIM,We can assemble a globally optimal solution by making locally optimal choices.,,,,NO,NO,MANUAL REVIEW,NO,NO,LOW,Verify assumptions and terminology,line 118
4,2. Optimal Substructure,/Users/medina/Projects/oer-books/advanced-algorithms-book/chapters/04-Greedy-Algorithms.qmd,MATHEMATICAL_CLAIM,2. Optimal Substructure,,,,NO,NO,MANUAL REVIEW,NO,NO,LOW,Verify assumptions and terminology,line 120
4,2. Optimal Substructure,/Users/medina/Projects/oer-books/advanced-algorithms-book/chapters/04-Greedy-Algorithms.qmd,MATHEMATICAL_CLAIM,An optimal solution contains optimal solutions to subproblems.,,,,NO,NO,MANUAL REVIEW,NO,NO,LOW,Verify assumptions and terminology,line 122
4,Proving Correctness: The Exchange Argument,/Users/medina/Projects/oer-books/advanced-algorithms-book/chapters/04-Greedy-Algorithms.qmd,MATHEMATICAL_CLAIM,1. Consider any optimal solution O,,,,NO,NO,MANUAL REVIEW,NO,NO,LOW,Verify assumptions and terminology,line 128
4,Proving Correctness: The Exchange Argument,/Users/medina/Projects/oer-books/advanced-algorithms-book/chapters/04-Greedy-Algorithms.qmd,MATHEMATICAL_CLAIM,"4. Therefore, G is also optimal",,,,NO,NO,MANUAL REVIEW,NO,NO,LOW,Verify assumptions and terminology,line 131
4,Greedy Strategies - Which Works?,/Users/medina/Projects/oer-books/advanced-algorithms-book/chapters/04-Greedy-Algorithms.qmd,MATHEMATICAL_CLAIM,Which one guarantees an optimal solution?,,,,NO,NO,MANUAL REVIEW,NO,NO,LOW,Verify assumptions and terminology,line 159
4,Implementation and Proof,/Users/medina/Projects/oer-books/advanced-algorithms-book/chapters/04-Greedy-Algorithms.qmd,PROOF,Implementation and Proof,,,,NO,NO,MANUAL REVIEW,NO,NO,LOW,Verify assumptions and terminology,line 161
4,Implementation and Proof,/Users/medina/Projects/oer-books/advanced-algorithms-book/chapters/04-Greedy-Algorithms.qmd,CODE,Fenced block at lines 164-233,,O(n log n) O(1),python,YES,CANDIDATE,SEE code-verification-results.csv,NO,NO,LOW,Use block-level verification record,Safe automated classification plus targeted tests; unexecuted blocks remain manual review.
4,Weighted Activity Selection,/Users/medina/Projects/oer-books/advanced-algorithms-book/chapters/04-Greedy-Algorithms.qmd,CODE,Fenced block at lines 241-271,,,python,YES,CANDIDATE,SEE code-verification-results.csv,NO,NO,LOW,Use block-level verification record,Safe automated classification plus targeted tests; unexecuted blocks remain manual review.
4,Interval Partitioning,/Users/medina/Projects/oer-books/advanced-algorithms-book/chapters/04-Greedy-Algorithms.qmd,CODE,Fenced block at lines 279-351,,O(n log n),python,YES,CANDIDATE,SEE code-verification-results.csv,NO,NO,LOW,Use block-level verification record,Safe automated classification plus targeted tests; unexecuted blocks remain manual review.
4,Huffman Coding - Optimal Data Compression,/Users/medina/Projects/oer-books/advanced-algorithms-book/chapters/04-Greedy-Algorithms.qmd,MATHEMATICAL_CLAIM,Huffman Coding - Optimal Data Compression,,,,NO,NO,MANUAL REVIEW,NO,NO,LOW,Verify assumptions and terminology,line 356
4,Building the Huffman Tree,/Users/medina/Projects/oer-books/advanced-algorithms-book/chapters/04-Greedy-Algorithms.qmd,CODE,Fenced block at lines 367-556,,"O(n log n) O(n) o(self, text)",python,YES,CANDIDATE,SEE code-verification-results.csv,NO,NO,LOW,Use block-level verification record,Safe automated classification plus targeted tests; unexecuted blocks remain manual review.
4,Example: Compressing Text,/Users/medina/Projects/oer-books/advanced-algorithms-book/chapters/04-Greedy-Algorithms.qmd,CODE,Fenced block at lines 562-595,,o(text),python,YES,CANDIDATE,SEE code-verification-results.csv,NO,NO,LOW,Use block-level verification record,Safe automated classification plus targeted tests; unexecuted blocks remain manual review.
4,Kruskal's Algorithm - Edge-Centric Greedy,/Users/medina/Projects/oer-books/advanced-algorithms-book/chapters/04-Greedy-Algorithms.qmd,CODE,Fenced block at lines 616-703,,O(E log E) O(V),python,YES,CANDIDATE,SEE code-verification-results.csv,NO,NO,LOW,Use block-level verification record,Safe automated classification plus targeted tests; unexecuted blocks remain manual review.
4,Prim's Algorithm - Vertex-Centric Greedy,/Users/medina/Projects/oer-books/advanced-algorithms-book/chapters/04-Greedy-Algorithms.qmd,CODE,Fenced block at lines 709-821,,O(E log V) O(E + V log V),python,YES,CANDIDATE,SEE code-verification-results.csv,NO,NO,LOW,Use block-level verification record,Safe automated classification plus targeted tests; unexecuted blocks remain manual review.
4,MST Properties and Proofs,/Users/medina/Projects/oer-books/advanced-algorithms-book/chapters/04-Greedy-Algorithms.qmd,PROOF,MST Properties and Proofs,,,,NO,NO,MANUAL REVIEW,NO,NO,LOW,Verify assumptions and terminology,line 824
4,MST Properties and Proofs,/Users/medina/Projects/oer-books/advanced-algorithms-book/chapters/04-Greedy-Algorithms.qmd,CODE,Fenced block at lines 827-881,,,python,YES,CANDIDATE,SEE code-verification-results.csv,NO,NO,LOW,Use block-level verification record,Safe automated classification plus targeted tests; unexecuted blocks remain manual review.
4,Single-Source Shortest Paths,/Users/medina/Projects/oer-books/advanced-algorithms-book/chapters/04-Greedy-Algorithms.qmd,CODE,Fenced block at lines 891-1088,,O(E log V) O(E + V log V),python,YES,CANDIDATE,SEE code-verification-results.csv,NO,NO,LOW,Use block-level verification record,Safe automated classification plus targeted tests; unexecuted blocks remain manual review.
4,Common Pitfalls,/Users/medina/Projects/oer-books/advanced-algorithms-book/chapters/04-Greedy-Algorithms.qmd,CODE,Fenced block at lines 1098-1188,,,python,YES,CANDIDATE,SEE code-verification-results.csv,NO,NO,LOW,Use block-level verification record,Safe automated classification plus targeted tests; unexecuted blocks remain manual review.
4,Proving Greedy Correctness,/Users/medina/Projects/oer-books/advanced-algorithms-book/chapters/04-Greedy-Algorithms.qmd,CODE,Fenced block at lines 1194-1273,,,python,YES,CANDIDATE,SEE code-verification-results.csv,NO,NO,LOW,Use block-level verification record,Safe automated classification plus targeted tests; unexecuted blocks remain manual review.
4,Comprehensive Implementation,/Users/medina/Projects/oer-books/advanced-algorithms-book/chapters/04-Greedy-Algorithms.qmd,CODE,Fenced block at lines 1283-1443,,,python,YES,CANDIDATE,SEE code-verification-results.csv,NO,NO,LOW,Use block-level verification record,Safe automated classification plus targeted tests; unexecuted blocks remain manual review.
4,Testing and Benchmarking,/Users/medina/Projects/oer-books/advanced-algorithms-book/chapters/04-Greedy-Algorithms.qmd,CODE,Fenced block at lines 1449-1564,,,python,YES,CANDIDATE,SEE code-verification-results.csv,NO,NO,LOW,Use block-level verification record,Safe automated classification plus targeted tests; unexecuted blocks remain manual review.
4,Theoretical Problems,/Users/medina/Projects/oer-books/advanced-algorithms-book/chapters/04-Greedy-Algorithms.qmd,MATHEMATICAL_CLAIM,"4.1 Prove or Disprove For each claim, prove it's true or give a counterexample: a) If all edge weights are distinct, Kruskal and Prim give the same MST b) Greedy algorithm for vertex cover (pick vertex with most edges) gives 2-approximation c) In a DAG, greedy coloring gives optimal solution d) For unit-weight jobs, any greedy scheduling minimizes average completion time",,,,NO,NO,MANUAL REVIEW,NO,NO,LOW,Verify assumptions and terminology,line 1573
4,Theoretical Problems,/Users/medina/Projects/oer-books/advanced-algorithms-book/chapters/04-Greedy-Algorithms.qmd,MATHEMATICAL_CLAIM,4.2 Exchange Arguments Prove these algorithms are optimal using exchange arguments: a) Huffman coding produces optimal prefix-free code b) Kruskal's algorithm produces MST c) Earliest deadline first minimizes maximum lateness d) Cashier's algorithm works for US coins,,,,NO,NO,MANUAL REVIEW,NO,NO,LOW,Verify assumptions and terminology,line 1575
4,Implementation Problems,/Users/medina/Projects/oer-books/advanced-algorithms-book/chapters/04-Greedy-Algorithms.qmd,CODE,Fenced block at lines 1584-1596,,,python,YES,CANDIDATE,SEE code-verification-results.csv,NO,NO,LOW,Use block-level verification record,Safe automated classification plus targeted tests; unexecuted blocks remain manual review.
4,Implementation Problems,/Users/medina/Projects/oer-books/advanced-algorithms-book/chapters/04-Greedy-Algorithms.qmd,CODE,Fenced block at lines 1602-1613,,,python,YES,CANDIDATE,SEE code-verification-results.csv,NO,NO,LOW,Use block-level verification record,Safe automated classification plus targeted tests; unexecuted blocks remain manual review.
4,Implementation Problems,/Users/medina/Projects/oer-books/advanced-algorithms-book/chapters/04-Greedy-Algorithms.qmd,CODE,Fenced block at lines 1619-1631,,,python,YES,CANDIDATE,SEE code-verification-results.csv,NO,NO,LOW,Use block-level verification record,Safe automated classification plus targeted tests; unexecuted blocks remain manual review.
4,Key Takeaways,/Users/medina/Projects/oer-books/advanced-algorithms-book/chapters/04-Greedy-Algorithms.qmd,MATHEMATICAL_CLAIM,- Problem has optimal substructure,,,,NO,NO,MANUAL REVIEW,NO,NO,LOW,Verify assumptions and terminology,line 1651
4,Key Takeaways,/Users/medina/Projects/oer-books/advanced-algorithms-book/chapters/04-Greedy-Algorithms.qmd,MATHEMATICAL_CLAIM,- Local optimality leads to global optimality,,,,NO,NO,MANUAL REVIEW,NO,NO,LOW,Verify assumptions and terminology,line 1652
4,Key Takeaways,/Users/medina/Projects/oer-books/advanced-algorithms-book/chapters/04-Greedy-Algorithms.qmd,PROOF,3. Proof Techniques:,,,,NO,NO,MANUAL REVIEW,NO,NO,LOW,Verify assumptions and terminology,line 1659
4,Key Takeaways,/Users/medina/Projects/oer-books/advanced-algorithms-book/chapters/04-Greedy-Algorithms.qmd,MATHEMATICAL_CLAIM,- Most NP-hard problems,,,,NO,NO,MANUAL REVIEW,NO,NO,LOW,Verify assumptions and terminology,line 1670
4,When to Use Greedy,/Users/medina/Projects/oer-books/advanced-algorithms-book/chapters/04-Greedy-Algorithms.qmd,MATHEMATICAL_CLAIM,- Future choices affect current optimality,,,,NO,NO,MANUAL REVIEW,NO,NO,LOW,Verify assumptions and terminology,line 1697
4,When to Use Greedy,/Users/medina/Projects/oer-books/advanced-algorithms-book/chapters/04-Greedy-Algorithms.qmd,MATHEMATICAL_CLAIM,- Problem is known NP-hard,,,,NO,NO,MANUAL REVIEW,NO,NO,LOW,Verify assumptions and terminology,line 1699
4,Next Chapter Preview,/Users/medina/Projects/oer-books/advanced-algorithms-book/chapters/04-Greedy-Algorithms.qmd,MATHEMATICAL_CLAIM,"Chapter 5 dives deep into Dynamic Programming, where we'll handle problems that greedy can't solve. We'll learn to break problems into overlapping subproblems and build optimal solutions from the bottom up.",,,,NO,NO,MANUAL REVIEW,NO,NO,LOW,Verify assumptions and terminology,line 1704
5,Welcome to the World of Memoization {.unnumbered},/Users/medina/Projects/oer-books/advanced-algorithms-book/chapters/05-Dynamic-Programming.qmd,COMPLEXITY,"This overlap is the key. When subproblems repeat, we can solve each one just once, store the solution, and look it up whenever needed. The result? Algorithms that would take exponential time can suddenly run in polynomial time—the difference between ""impossible"" and ""instant.""",,exponential time polynomial time,,NO,NO,REVIEWED,NO,NO,LOW,Verify assumptions and terminology,line 18
5,Why This Matters {.unnumbered},/Users/medina/Projects/oer-books/advanced-algorithms-book/chapters/05-Dynamic-Programming.qmd,MATHEMATICAL_CLAIM,🎮 Game AI: Optimal strategy calculation in games from chess to poker relies on DP techniques.,,,,NO,NO,MANUAL REVIEW,NO,NO,LOW,Verify assumptions and terminology,line 32
5,Chapter Roadmap {.unnumbered},/Users/medina/Projects/oer-books/advanced-algorithms-book/chapters/05-Dynamic-Programming.qmd,MATHEMATICAL_CLAIM,- Section 5.4: Tackles matrix chain multiplication and optimal substructure,,,,NO,NO,MANUAL REVIEW,NO,NO,LOW,Verify assumptions and terminology,line 58
5,Chapter Roadmap {.unnumbered},/Users/medina/Projects/oer-books/advanced-algorithms-book/chapters/05-Dynamic-Programming.qmd,MATHEMATICAL_CLAIM,"Unlike recursion in Chapter 2, which many students find challenging initially, DP often feels even MORE difficult at first. That's completely normal! DP requires seeing problems from a new angle—thinking about optimal substructure and overlapping subproblems simultaneously. We'll take it slowly, with plenty of examples and visualizations.",,,,NO,NO,MANUAL REVIEW,NO,NO,LOW,Verify assumptions and terminology,line 62
5,Fibonacci: A Cautionary Tale,/Users/medina/Projects/oer-books/advanced-algorithms-book/chapters/05-Dynamic-Programming.qmd,PSEUDOCODE,Fenced block at lines 79-83,,,UNLABELED,YES,NO,SEE code-verification-results.csv,NO,NO,LOW,Use block-level verification record,Safe automated classification plus targeted tests; unexecuted blocks remain manual review.
5,Fibonacci: A Cautionary Tale,/Users/medina/Projects/oer-books/advanced-algorithms-book/chapters/05-Dynamic-Programming.qmd,CODE,Fenced block at lines 89-111,,O(2^n) O(n),python,YES,CANDIDATE,SEE code-verification-results.csv,NO,NO,LOW,Use block-level verification record,Safe automated classification plus targeted tests; unexecuted blocks remain manual review.
5,Fibonacci: A Cautionary Tale,/Users/medina/Projects/oer-books/advanced-algorithms-book/chapters/05-Dynamic-Programming.qmd,CODE,Fenced block at lines 117-123,,,python,YES,CANDIDATE,SEE code-verification-results.csv,NO,NO,LOW,Use block-level verification record,Safe automated classification plus targeted tests; unexecuted blocks remain manual review.
5,Fibonacci: A Cautionary Tale,/Users/medina/Projects/oer-books/advanced-algorithms-book/chapters/05-Dynamic-Programming.qmd,PSEUDOCODE,Fenced block at lines 129-141,,,UNLABELED,YES,NO,SEE code-verification-results.csv,NO,NO,LOW,Use block-level verification record,Safe automated classification plus targeted tests; unexecuted blocks remain manual review.
5,Counting the Catastrophe,/Users/medina/Projects/oer-books/advanced-algorithms-book/chapters/05-Dynamic-Programming.qmd,PSEUDOCODE,Fenced block at lines 160-164,,,UNLABELED,YES,NO,SEE code-verification-results.csv,NO,NO,LOW,Use block-level verification record,Safe automated classification plus targeted tests; unexecuted blocks remain manual review.
5,Counting the Catastrophe,/Users/medina/Projects/oer-books/advanced-algorithms-book/chapters/05-Dynamic-Programming.qmd,COMPLEXITY,Solution: This is approximately O(φ^n) where φ ≈ 1.618 (the golden ratio),,O(φ^n),,NO,NO,REVIEWED,NO,NO,LOW,Verify assumptions and terminology,line 167
5,Counting the Catastrophe,/Users/medina/Projects/oer-books/advanced-algorithms-book/chapters/05-Dynamic-Programming.qmd,COMPLEXITY,"More practically, it's O(2^n)—exponential growth!",,O(2^n),,NO,NO,REVIEWED,NO,NO,LOW,Verify assumptions and terminology,line 169
5,Enter Dynamic Programming: Memoization,/Users/medina/Projects/oer-books/advanced-algorithms-book/chapters/05-Dynamic-Programming.qmd,CODE,Fenced block at lines 189-218,,O(n) O(n),python,YES,CANDIDATE,SEE code-verification-results.csv,NO,NO,LOW,Use block-level verification record,Safe automated classification plus targeted tests; unexecuted blocks remain manual review.
5,Enter Dynamic Programming: Memoization,/Users/medina/Projects/oer-books/advanced-algorithms-book/chapters/05-Dynamic-Programming.qmd,CODE,Fenced block at lines 230-233,,,python,YES,CANDIDATE,SEE code-verification-results.csv,NO,NO,LOW,Use block-level verification record,Safe automated classification plus targeted tests; unexecuted blocks remain manual review.
5,Enter Dynamic Programming: Memoization,/Users/medina/Projects/oer-books/advanced-algorithms-book/chapters/05-Dynamic-Programming.qmd,PSEUDOCODE,Fenced block at lines 239-250,,O(1),UNLABELED,YES,NO,SEE code-verification-results.csv,NO,NO,LOW,Use block-level verification record,Safe automated classification plus targeted tests; unexecuted blocks remain manual review.
5,Enter Dynamic Programming: Memoization,/Users/medina/Projects/oer-books/advanced-algorithms-book/chapters/05-Dynamic-Programming.qmd,COMPLEXITY,- Total time: O(n) instead of O(2^n),,O(n) O(2^n),,NO,NO,REVIEWED,NO,NO,LOW,Verify assumptions and terminology,line 257
5,The Two Fundamental Properties,/Users/medina/Projects/oer-books/advanced-algorithms-book/chapters/05-Dynamic-Programming.qmd,MATHEMATICAL_CLAIM,1. Optimal Substructure The optimal solution to a problem can be constructed from optimal solutions to its subproblems.,,,,NO,NO,MANUAL REVIEW,NO,NO,LOW,Verify assumptions and terminology,line 264
5,The Two Fundamental Properties,/Users/medina/Projects/oer-books/advanced-algorithms-book/chapters/05-Dynamic-Programming.qmd,PSEUDOCODE,Fenced block at lines 269-271,,,UNLABELED,YES,NO,SEE code-verification-results.csv,NO,NO,LOW,Use block-level verification record,Safe automated classification plus targeted tests; unexecuted blocks remain manual review.
5,The Two Fundamental Properties,/Users/medina/Projects/oer-books/advanced-algorithms-book/chapters/05-Dynamic-Programming.qmd,PSEUDOCODE,Fenced block at lines 279-284,,,UNLABELED,YES,NO,SEE code-verification-results.csv,NO,NO,LOW,Use block-level verification record,Safe automated classification plus targeted tests; unexecuted blocks remain manual review.
5,The Two Fundamental Properties,/Users/medina/Projects/oer-books/advanced-algorithms-book/chapters/05-Dynamic-Programming.qmd,MATHEMATICAL_CLAIM,"Key insight: Divide and conquer (from Chapter 2) also has optimal substructure, but its subproblems are independent—they don't overlap. In merge sort, we never sort the same subarray twice. That's why divide and conquer doesn't need memoization, but dynamic programming does!",,,,NO,NO,MANUAL REVIEW,NO,NO,LOW,Verify assumptions and terminology,line 287
5,Tabulation: The Bottom-Up Alternative,/Users/medina/Projects/oer-books/advanced-algorithms-book/chapters/05-Dynamic-Programming.qmd,CODE,Fenced block at lines 294-327,,O(n) O(n),python,YES,CANDIDATE,SEE code-verification-results.csv,NO,NO,LOW,Use block-level verification record,Safe automated classification plus targeted tests; unexecuted blocks remain manual review.
5,Tabulation: The Bottom-Up Alternative,/Users/medina/Projects/oer-books/advanced-algorithms-book/chapters/05-Dynamic-Programming.qmd,PSEUDOCODE,Fenced block at lines 333-342,,,UNLABELED,YES,NO,SEE code-verification-results.csv,NO,NO,LOW,Use block-level verification record,Safe automated classification plus targeted tests; unexecuted blocks remain manual review.
5,Space Optimization: Using Only What You Need,/Users/medina/Projects/oer-books/advanced-algorithms-book/chapters/05-Dynamic-Programming.qmd,CODE,Fenced block at lines 364-385,,O(1) O(n) O(1),python,YES,CANDIDATE,SEE code-verification-results.csv,NO,NO,LOW,Use block-level verification record,Safe automated classification plus targeted tests; unexecuted blocks remain manual review.
5,Space Optimization: Using Only What You Need,/Users/medina/Projects/oer-books/advanced-algorithms-book/chapters/05-Dynamic-Programming.qmd,COMPLEXITY,Space complexity: O(1) instead of O(n)!,,O(1) O(n),,NO,NO,REVIEWED,NO,NO,LOW,Verify assumptions and terminology,line 388
5,Comparing All Approaches,/Users/medina/Projects/oer-books/advanced-algorithms-book/chapters/05-Dynamic-Programming.qmd,COMPLEXITY,"|Naive Recursion|O(2^n)|O(n)|Simple, matches definition|Exponentially slow|",,O(2^n) O(n),,NO,NO,REVIEWED,NO,NO,LOW,Verify assumptions and terminology,line 398
5,Comparing All Approaches,/Users/medina/Projects/oer-books/advanced-algorithms-book/chapters/05-Dynamic-Programming.qmd,COMPLEXITY,"|Memoization (Top-Down)|O(n)|O(n)|Intuitive, only computes needed|Recursion overhead|",,O(n) O(n),,NO,NO,REVIEWED,NO,NO,LOW,Verify assumptions and terminology,line 399
5,Comparing All Approaches,/Users/medina/Projects/oer-books/advanced-algorithms-book/chapters/05-Dynamic-Programming.qmd,COMPLEXITY,"|Tabulation (Bottom-Up)|O(n)|O(n)|No recursion, predictable|Less intuitive initially|",,O(n) O(n),,NO,NO,REVIEWED,NO,NO,LOW,Verify assumptions and terminology,line 400
5,Comparing All Approaches,/Users/medina/Projects/oer-books/advanced-algorithms-book/chapters/05-Dynamic-Programming.qmd,COMPLEXITY,|Space-Optimized|O(n)|O(1)|Minimal memory|Only works for some problems|,,O(n) O(1),,NO,NO,REVIEWED,NO,NO,LOW,Verify assumptions and terminology,line 401
5,A Systematic Approach to DP Problems,/Users/medina/Projects/oer-books/advanced-algorithms-book/chapters/05-Dynamic-Programming.qmd,PSEUDOCODE,Fenced block at lines 456-463,,,UNLABELED,YES,NO,SEE code-verification-results.csv,NO,NO,LOW,Use block-level verification record,Safe automated classification plus targeted tests; unexecuted blocks remain manual review.
5,A Systematic Approach to DP Problems,/Users/medina/Projects/oer-books/advanced-algorithms-book/chapters/05-Dynamic-Programming.qmd,PSEUDOCODE,Fenced block at lines 469-473,,,UNLABELED,YES,NO,SEE code-verification-results.csv,NO,NO,LOW,Use block-level verification record,Safe automated classification plus targeted tests; unexecuted blocks remain manual review.
5,Step 1: Characterize the Structure of Optimal Solutions,/Users/medina/Projects/oer-books/advanced-algorithms-book/chapters/05-Dynamic-Programming.qmd,MATHEMATICAL_CLAIM,Step 1: Characterize the Structure of Optimal Solutions,,,,NO,NO,MANUAL REVIEW,NO,NO,LOW,Verify assumptions and terminology,line 478
5,Step 1: Characterize the Structure of Optimal Solutions,/Users/medina/Projects/oer-books/advanced-algorithms-book/chapters/05-Dynamic-Programming.qmd,MATHEMATICAL_CLAIM,"Key question: For the optimal solution, what decision do we make about the last item (item n)?",,,,NO,NO,MANUAL REVIEW,NO,NO,LOW,Verify assumptions and terminology,line 480
5,Step 1: Characterize the Structure of Optimal Solutions,/Users/medina/Projects/oer-books/advanced-algorithms-book/chapters/05-Dynamic-Programming.qmd,MATHEMATICAL_CLAIM,1. Item n is in the optimal solution:,,,,NO,NO,MANUAL REVIEW,NO,NO,LOW,Verify assumptions and terminology,line 484
5,Step 1: Characterize the Structure of Optimal Solutions,/Users/medina/Projects/oer-books/advanced-algorithms-book/chapters/05-Dynamic-Programming.qmd,MATHEMATICAL_CLAIM,- We need optimal solution for remaining capacity (W - w[n]) using items 1...n-1,,,,NO,NO,MANUAL REVIEW,NO,NO,LOW,Verify assumptions and terminology,line 487
5,Step 1: Characterize the Structure of Optimal Solutions,/Users/medina/Projects/oer-books/advanced-algorithms-book/chapters/05-Dynamic-Programming.qmd,MATHEMATICAL_CLAIM,2. Item n is NOT in the optimal solution:,,,,NO,NO,MANUAL REVIEW,NO,NO,LOW,Verify assumptions and terminology,line 488
5,Step 1: Characterize the Structure of Optimal Solutions,/Users/medina/Projects/oer-books/advanced-algorithms-book/chapters/05-Dynamic-Programming.qmd,MATHEMATICAL_CLAIM,- We need optimal solution for full capacity W using items 1...n-1,,,,NO,NO,MANUAL REVIEW,NO,NO,LOW,Verify assumptions and terminology,line 491
5,Step 1: Characterize the Structure of Optimal Solutions,/Users/medina/Projects/oer-books/advanced-algorithms-book/chapters/05-Dynamic-Programming.qmd,PSEUDOCODE,Fenced block at lines 496-508,,,UNLABELED,YES,NO,SEE code-verification-results.csv,NO,NO,LOW,Use block-level verification record,Safe automated classification plus targeted tests; unexecuted blocks remain manual review.
5,Step 1: Characterize the Structure of Optimal Solutions,/Users/medina/Projects/oer-books/advanced-algorithms-book/chapters/05-Dynamic-Programming.qmd,MATHEMATICAL_CLAIM,This is optimal substructure: the optimal solution contains optimal solutions to subproblems!,,,,NO,NO,MANUAL REVIEW,NO,NO,LOW,Verify assumptions and terminology,line 511
5,Step 2: Define the Recurrence Relation Precisely,/Users/medina/Projects/oer-books/advanced-algorithms-book/chapters/05-Dynamic-Programming.qmd,PSEUDOCODE,Fenced block at lines 518-531,,,UNLABELED,YES,NO,SEE code-verification-results.csv,NO,NO,LOW,Use block-level verification record,Safe automated classification plus targeted tests; unexecuted blocks remain manual review.
5,Step 3: Identify Overlapping Subproblems,/Users/medina/Projects/oer-books/advanced-algorithms-book/chapters/05-Dynamic-Programming.qmd,PSEUDOCODE,Fenced block at lines 539-553,,,UNLABELED,YES,NO,SEE code-verification-results.csv,NO,NO,LOW,Use block-level verification record,Safe automated classification plus targeted tests; unexecuted blocks remain manual review.
5,Step 4: Implement Bottom-Up (Tabulation),/Users/medina/Projects/oer-books/advanced-algorithms-book/chapters/05-Dynamic-Programming.qmd,CODE,Fenced block at lines 563-606,,O(n W) O(n W),python,YES,CANDIDATE,SEE code-verification-results.csv,NO,NO,LOW,Use block-level verification record,Safe automated classification plus targeted tests; unexecuted blocks remain manual review.
5,Step 4: Implement Bottom-Up (Tabulation),/Users/medina/Projects/oer-books/advanced-algorithms-book/chapters/05-Dynamic-Programming.qmd,PSEUDOCODE,Fenced block at lines 612-623,,,UNLABELED,YES,NO,SEE code-verification-results.csv,NO,NO,LOW,Use block-level verification record,Safe automated classification plus targeted tests; unexecuted blocks remain manual review.
5,Step 5: Extract the Solution (Which Items to Take),/Users/medina/Projects/oer-books/advanced-algorithms-book/chapters/05-Dynamic-Programming.qmd,CODE,Fenced block at lines 639-675,,,python,YES,CANDIDATE,SEE code-verification-results.csv,NO,NO,LOW,Use block-level verification record,Safe automated classification plus targeted tests; unexecuted blocks remain manual review.
5,Step 5: Extract the Solution (Which Items to Take),/Users/medina/Projects/oer-books/advanced-algorithms-book/chapters/05-Dynamic-Programming.qmd,PSEUDOCODE,Fenced block at lines 681-698,,,UNLABELED,YES,NO,SEE code-verification-results.csv,NO,NO,LOW,Use block-level verification record,Safe automated classification plus targeted tests; unexecuted blocks remain manual review.
5,Step 6: Optimize Space (When Possible),/Users/medina/Projects/oer-books/advanced-algorithms-book/chapters/05-Dynamic-Programming.qmd,CODE,Fenced block at lines 706-736,,O(n W) O(W),python,YES,CANDIDATE,SEE code-verification-results.csv,NO,NO,LOW,Use block-level verification record,Safe automated classification plus targeted tests; unexecuted blocks remain manual review.
5,Step 6: Optimize Space (When Possible),/Users/medina/Projects/oer-books/advanced-algorithms-book/chapters/05-Dynamic-Programming.qmd,CODE,Fenced block at lines 742-758,,O(W),python,YES,CANDIDATE,SEE code-verification-results.csv,NO,NO,LOW,Use block-level verification record,Safe automated classification plus targeted tests; unexecuted blocks remain manual review.
5,Complexity Analysis,/Users/medina/Projects/oer-books/advanced-algorithms-book/chapters/05-Dynamic-Programming.qmd,MATHEMATICAL_CLAIM,Complexity Analysis,,,,NO,NO,MANUAL REVIEW,NO,NO,LOW,Verify assumptions and terminology,line 763
5,Complexity Analysis,/Users/medina/Projects/oer-books/advanced-algorithms-book/chapters/05-Dynamic-Programming.qmd,COMPLEXITY,Time Complexity: O(n × W),,O(n × W),,NO,NO,REVIEWED,NO,NO,LOW,Verify assumptions and terminology,line 765
5,Complexity Analysis,/Users/medina/Projects/oer-books/advanced-algorithms-book/chapters/05-Dynamic-Programming.qmd,COMPLEXITY,- Each cell computed in O(1) time,,O(1),,NO,NO,REVIEWED,NO,NO,LOW,Verify assumptions and terminology,line 769
5,Complexity Analysis,/Users/medina/Projects/oer-books/advanced-algorithms-book/chapters/05-Dynamic-Programming.qmd,MATHEMATICAL_CLAIM,Space Complexity:,,,,NO,NO,MANUAL REVIEW,NO,NO,LOW,Verify assumptions and terminology,line 771
5,Complexity Analysis,/Users/medina/Projects/oer-books/advanced-algorithms-book/chapters/05-Dynamic-Programming.qmd,COMPLEXITY,- Full table: O(n × W),,O(n × W),,NO,NO,REVIEWED,NO,NO,LOW,Verify assumptions and terminology,line 773
5,Complexity Analysis,/Users/medina/Projects/oer-books/advanced-algorithms-book/chapters/05-Dynamic-Programming.qmd,COMPLEXITY,- Two rows: O(W),,O(W),,NO,NO,REVIEWED,NO,NO,LOW,Verify assumptions and terminology,line 774
5,Complexity Analysis,/Users/medina/Projects/oer-books/advanced-algorithms-book/chapters/05-Dynamic-Programming.qmd,COMPLEXITY,- Single row: O(W),,O(W),,NO,NO,REVIEWED,NO,NO,LOW,Verify assumptions and terminology,line 775
5,Complexity Analysis,/Users/medina/Projects/oer-books/advanced-algorithms-book/chapters/05-Dynamic-Programming.qmd,MATHEMATICAL_CLAIM,"Is this polynomial? Technically, it's pseudo-polynomial!",,,,NO,NO,MANUAL REVIEW,NO,NO,LOW,Verify assumptions and terminology,line 777
5,Complexity Analysis,/Users/medina/Projects/oer-books/advanced-algorithms-book/chapters/05-Dynamic-Programming.qmd,MATHEMATICAL_CLAIM,- Polynomial in n (number of items),,,,NO,NO,MANUAL REVIEW,NO,NO,LOW,Verify assumptions and terminology,line 779
5,The Longest Common Subsequence (LCS) Problem,/Users/medina/Projects/oer-books/advanced-algorithms-book/chapters/05-Dynamic-Programming.qmd,PSEUDOCODE,Fenced block at lines 808-812,,,UNLABELED,YES,NO,SEE code-verification-results.csv,NO,NO,LOW,Use block-level verification record,Safe automated classification plus targeted tests; unexecuted blocks remain manual review.
5,Developing the Solution,/Users/medina/Projects/oer-books/advanced-algorithms-book/chapters/05-Dynamic-Programming.qmd,MATHEMATICAL_CLAIM,Key Insight: The optimal solution has optimal substructure. If we split at position k:,,,,NO,NO,MANUAL REVIEW,NO,NO,LOW,Verify assumptions and terminology,line 861
5,Developing the Solution,/Users/medina/Projects/oer-books/advanced-algorithms-book/chapters/05-Dynamic-Programming.qmd,PSEUDOCODE,Fenced block at lines 864-864,,,UNLABELED,YES,NO,SEE code-verification-results.csv,NO,NO,LOW,Use block-level verification record,Safe automated classification plus targeted tests; unexecuted blocks remain manual review.
5,Developing the Solution,/Users/medina/Projects/oer-books/advanced-algorithms-book/chapters/05-Dynamic-Programming.qmd,MATHEMATICAL_CLAIM,Then both subchains must be parenthesized optimally!,,,,NO,NO,MANUAL REVIEW,NO,NO,LOW,Verify assumptions and terminology,line 867
5,Developing the Solution,/Users/medina/Projects/oer-books/advanced-algorithms-book/chapters/05-Dynamic-Programming.qmd,PSEUDOCODE,Fenced block at lines 874-877,,,UNLABELED,YES,NO,SEE code-verification-results.csv,NO,NO,LOW,Use block-level verification record,Safe automated classification plus targeted tests; unexecuted blocks remain manual review.
5,Matrix Chain Implementation,/Users/medina/Projects/oer-books/advanced-algorithms-book/chapters/05-Dynamic-Programming.qmd,CODE,Fenced block at lines 889-950,,,python,YES,CANDIDATE,SEE code-verification-results.csv,NO,NO,LOW,Use block-level verification record,Safe automated classification plus targeted tests; unexecuted blocks remain manual review.
5,Tracing Through an Example,/Users/medina/Projects/oer-books/advanced-algorithms-book/chapters/05-Dynamic-Programming.qmd,CODE,Fenced block at lines 956-974,,,python,YES,CANDIDATE,SEE code-verification-results.csv,NO,NO,LOW,Use block-level verification record,Safe automated classification plus targeted tests; unexecuted blocks remain manual review.
5,Complexity Analysis,/Users/medina/Projects/oer-books/advanced-algorithms-book/chapters/05-Dynamic-Programming.qmd,MATHEMATICAL_CLAIM,Complexity Analysis,,,,NO,NO,MANUAL REVIEW,NO,NO,LOW,Verify assumptions and terminology,line 977
5,Complexity Analysis,/Users/medina/Projects/oer-books/advanced-algorithms-book/chapters/05-Dynamic-Programming.qmd,COMPLEXITY,Time Complexity: O(n³),,O(n³),,NO,NO,REVIEWED,NO,NO,LOW,Verify assumptions and terminology,line 979
5,Complexity Analysis,/Users/medina/Projects/oer-books/advanced-algorithms-book/chapters/05-Dynamic-Programming.qmd,COMPLEXITY,- O(n²) table entries,,O(n²),,NO,NO,REVIEWED,NO,NO,LOW,Verify assumptions and terminology,line 981
5,Complexity Analysis,/Users/medina/Projects/oer-books/advanced-algorithms-book/chapters/05-Dynamic-Programming.qmd,COMPLEXITY,- O(n) work per entry (trying all split points),,O(n),,NO,NO,REVIEWED,NO,NO,LOW,Verify assumptions and terminology,line 982
5,Complexity Analysis,/Users/medina/Projects/oer-books/advanced-algorithms-book/chapters/05-Dynamic-Programming.qmd,COMPLEXITY,Space Complexity: O(n²),,O(n²),,NO,NO,REVIEWED,NO,NO,LOW,Verify assumptions and terminology,line 984
5,Complexity Analysis,/Users/medina/Projects/oer-books/advanced-algorithms-book/chapters/05-Dynamic-Programming.qmd,MATHEMATICAL_CLAIM,- Exponential vs polynomial!,,,,NO,NO,MANUAL REVIEW,NO,NO,LOW,Verify assumptions and terminology,line 991
5,1. Interval DP,/Users/medina/Projects/oer-books/advanced-algorithms-book/chapters/05-Dynamic-Programming.qmd,CODE,Fenced block at lines 1004-1037,,,python,YES,CANDIDATE,SEE code-verification-results.csv,NO,NO,LOW,Use block-level verification record,Safe automated classification plus targeted tests; unexecuted blocks remain manual review.
5,2. Tree DP,/Users/medina/Projects/oer-books/advanced-algorithms-book/chapters/05-Dynamic-Programming.qmd,CODE,Fenced block at lines 1045-1066,,,python,YES,CANDIDATE,SEE code-verification-results.csv,NO,NO,LOW,Use block-level verification record,Safe automated classification plus targeted tests; unexecuted blocks remain manual review.
5,3. Digit DP,/Users/medina/Projects/oer-books/advanced-algorithms-book/chapters/05-Dynamic-Programming.qmd,CODE,Fenced block at lines 1074-1105,,,python,YES,CANDIDATE,SEE code-verification-results.csv,NO,NO,LOW,Use block-level verification record,Safe automated classification plus targeted tests; unexecuted blocks remain manual review.
5,1. Rolling Array,/Users/medina/Projects/oer-books/advanced-algorithms-book/chapters/05-Dynamic-Programming.qmd,CODE,Fenced block at lines 1115-1125,,O(1),python,YES,CANDIDATE,SEE code-verification-results.csv,NO,NO,LOW,Use block-level verification record,Safe automated classification plus targeted tests; unexecuted blocks remain manual review.
5,2. State Compression,/Users/medina/Projects/oer-books/advanced-algorithms-book/chapters/05-Dynamic-Programming.qmd,CODE,Fenced block at lines 1133-1170,,O(n² × 2ⁿ) O(n × 2ⁿ),python,YES,CANDIDATE,SEE code-verification-results.csv,NO,NO,LOW,Use block-level verification record,Safe automated classification plus targeted tests; unexecuted blocks remain manual review.
5,3. Divide and Conquer Optimization,/Users/medina/Projects/oer-books/advanced-algorithms-book/chapters/05-Dynamic-Programming.qmd,CODE,Fenced block at lines 1178-1184,,,python,YES,CANDIDATE,SEE code-verification-results.csv,NO,NO,LOW,Use block-level verification record,Safe automated classification plus targeted tests; unexecuted blocks remain manual review.
5,DP Optimization Checklist,/Users/medina/Projects/oer-books/advanced-algorithms-book/chapters/05-Dynamic-Programming.qmd,MATHEMATICAL_CLAIM,- Binary search on optimal split point,,,,NO,NO,MANUAL REVIEW,NO,NO,LOW,Verify assumptions and terminology,line 1195
5,DP Optimization Checklist,/Users/medina/Projects/oer-books/advanced-algorithms-book/chapters/05-Dynamic-Programming.qmd,MATHEMATICAL_CLAIM,- Sometimes reformulating gives better complexity,,,,NO,NO,MANUAL REVIEW,NO,NO,LOW,Verify assumptions and terminology,line 1203
5,Project Structure,/Users/medina/Projects/oer-books/advanced-algorithms-book/chapters/05-Dynamic-Programming.qmd,PSEUDOCODE,Fenced block at lines 1217-1245,,,UNLABELED,YES,NO,SEE code-verification-results.csv,NO,NO,LOW,Use block-level verification record,Safe automated classification plus targeted tests; unexecuted blocks remain manual review.
5,Core Implementation: DP Base Class,/Users/medina/Projects/oer-books/advanced-algorithms-book/chapters/05-Dynamic-Programming.qmd,CODE,Fenced block at lines 1251-1404,,,python,YES,CANDIDATE,SEE code-verification-results.csv,NO,NO,LOW,Use block-level verification record,Safe automated classification plus targeted tests; unexecuted blocks remain manual review.
5,Example: Knapsack Implementation,/Users/medina/Projects/oer-books/advanced-algorithms-book/chapters/05-Dynamic-Programming.qmd,CODE,Fenced block at lines 1410-1495,,,python,YES,CANDIDATE,SEE code-verification-results.csv,NO,NO,LOW,Use block-level verification record,Safe automated classification plus targeted tests; unexecuted blocks remain manual review.
5,Visualization Component,/Users/medina/Projects/oer-books/advanced-algorithms-book/chapters/05-Dynamic-Programming.qmd,CODE,Fenced block at lines 1501-1592,,,python,YES,CANDIDATE,SEE code-verification-results.csv,NO,NO,LOW,Use block-level verification record,Safe automated classification plus targeted tests; unexecuted blocks remain manual review.
5,Real-World Example: DNA Alignment Tool,/Users/medina/Projects/oer-books/advanced-algorithms-book/chapters/05-Dynamic-Programming.qmd,CODE,Fenced block at lines 1598-1695,,,python,YES,CANDIDATE,SEE code-verification-results.csv,NO,NO,LOW,Use block-level verification record,Safe automated classification plus targeted tests; unexecuted blocks remain manual review.
5,Testing Suite,/Users/medina/Projects/oer-books/advanced-algorithms-book/chapters/05-Dynamic-Programming.qmd,CODE,Fenced block at lines 1701-1806,,,python,YES,CANDIDATE,SEE code-verification-results.csv,NO,NO,LOW,Use block-level verification record,Safe automated classification plus targeted tests; unexecuted blocks remain manual review.
5,Theoretical Problems,/Users/medina/Projects/oer-books/advanced-algorithms-book/chapters/05-Dynamic-Programming.qmd,MATHEMATICAL_CLAIM,5.1 Recurrence Relations Derive the recurrence relation for the following problems: a) Counting paths in a grid with obstacles b) Maximum sum path in a triangle c) Optimal strategy for a coin game d) Palindrome partitioning,,,,NO,NO,MANUAL REVIEW,NO,NO,LOW,Verify assumptions and terminology,line 1815
5,Theoretical Problems,/Users/medina/Projects/oer-books/advanced-algorithms-book/chapters/05-Dynamic-Programming.qmd,MATHEMATICAL_CLAIM,"5.2 Complexity Analysis For each problem, determine time and space complexity: a) Matrix chain multiplication with n matrices b) LCS of k sequences (not just 2) c) 0/1 knapsack with weight limit W and n items d) Edit distance with custom operation costs",,,,NO,NO,MANUAL REVIEW,NO,NO,LOW,Verify assumptions and terminology,line 1817
5,Theoretical Problems,/Users/medina/Projects/oer-books/advanced-algorithms-book/chapters/05-Dynamic-Programming.qmd,PROOF,"5.3 Proof of Correctness Prove that the knapsack DP solution is optimal by showing: a) The problem has optimal substructure, b) Subproblems overlap c) The recurrence correctly combines subproblem solutions",,,,NO,NO,MANUAL REVIEW,NO,NO,LOW,Verify assumptions and terminology,line 1819
5,Programming Problems,/Users/medina/Projects/oer-books/advanced-algorithms-book/chapters/05-Dynamic-Programming.qmd,CODE,Fenced block at lines 1826-1836,,,python,YES,CANDIDATE,SEE code-verification-results.csv,NO,NO,LOW,Use block-level verification record,Safe automated classification plus targeted tests; unexecuted blocks remain manual review.
5,Programming Problems,/Users/medina/Projects/oer-books/advanced-algorithms-book/chapters/05-Dynamic-Programming.qmd,CODE,Fenced block at lines 1842-1852,,,python,YES,CANDIDATE,SEE code-verification-results.csv,NO,NO,LOW,Use block-level verification record,Safe automated classification plus targeted tests; unexecuted blocks remain manual review.
5,Programming Problems,/Users/medina/Projects/oer-books/advanced-algorithms-book/chapters/05-Dynamic-Programming.qmd,CODE,Fenced block at lines 1858-1868,,,python,YES,CANDIDATE,SEE code-verification-results.csv,NO,NO,LOW,Use block-level verification record,Safe automated classification plus targeted tests; unexecuted blocks remain manual review.
5,Implementation Challenges,/Users/medina/Projects/oer-books/advanced-algorithms-book/chapters/05-Dynamic-Programming.qmd,CODE,Fenced block at lines 1876-1886,,,python,YES,CANDIDATE,SEE code-verification-results.csv,NO,NO,LOW,Use block-level verification record,Safe automated classification plus targeted tests; unexecuted blocks remain manual review.
5,Implementation Challenges,/Users/medina/Projects/oer-books/advanced-algorithms-book/chapters/05-Dynamic-Programming.qmd,COMPLEXITY,3.8 Space-Optimized Implementations Optimize these to use O(n) space instead of O(n²):,,O(n) O(n²),,NO,NO,REVIEWED,NO,NO,LOW,Verify assumptions and terminology,line 1889
5,Implementation Challenges,/Users/medina/Projects/oer-books/advanced-algorithms-book/chapters/05-Dynamic-Programming.qmd,CODE,Fenced block at lines 1892-1898,,"O(min(m,n)",python,YES,CANDIDATE,SEE code-verification-results.csv,NO,NO,LOW,Use block-level verification record,Safe automated classification plus targeted tests; unexecuted blocks remain manual review.
5,Implementation Challenges,/Users/medina/Projects/oer-books/advanced-algorithms-book/chapters/05-Dynamic-Programming.qmd,CODE,Fenced block at lines 1904-1913,,,python,YES,CANDIDATE,SEE code-verification-results.csv,NO,NO,LOW,Use block-level verification record,Safe automated classification plus targeted tests; unexecuted blocks remain manual review.
5,Analysis Problems,/Users/medina/Projects/oer-books/advanced-algorithms-book/chapters/05-Dynamic-Programming.qmd,MATHEMATICAL_CLAIM,5.11 When DP Fails Identify why DP doesn't work well for: a) Traveling Salesman Problem (still exponential) b) Longest Path in general graphs (NP-hard) c) 3-SAT problem d) Graph coloring,,,,NO,NO,MANUAL REVIEW,NO,NO,LOW,Verify assumptions and terminology,line 1925
5,Key Takeaways,/Users/medina/Projects/oer-books/advanced-algorithms-book/chapters/05-Dynamic-Programming.qmd,MATHEMATICAL_CLAIM,- Optimal substructure exists,,,,NO,NO,MANUAL REVIEW,NO,NO,LOW,Verify assumptions and terminology,line 1937
5,What's Next,/Users/medina/Projects/oer-books/advanced-algorithms-book/chapters/05-Dynamic-Programming.qmd,MATHEMATICAL_CLAIM,"Chapter 4 will explore Greedy Algorithms, where we'll learn when making locally optimal choices leads to global optimality. We'll see how greedy differs from DP and when each approach is appropriate.",,,,NO,NO,MANUAL REVIEW,NO,NO,LOW,Verify assumptions and terminology,line 1967
5,Final Thought,/Users/medina/Projects/oer-books/advanced-algorithms-book/chapters/05-Dynamic-Programming.qmd,MATHEMATICAL_CLAIM,"Dynamic Programming transforms the impossible into the tractable. By remembering our past computations, we avoid repeating work, turning exponential nightmares into polynomial solutions. This simple principle of memoization has revolutionized fields from biology to economics.",,,,NO,NO,MANUAL REVIEW,NO,NO,LOW,Verify assumptions and terminology,line 1973
5,Final Thought,/Users/medina/Projects/oer-books/advanced-algorithms-book/chapters/05-Dynamic-Programming.qmd,MATHEMATICAL_CLAIM,"As computer scientist Richard Bellman (who coined ""dynamic programming"") said: ""An optimal policy has the property that whatever the initial state and initial decision are, the remaining decisions must constitute an optimal policy with regard to the state resulting from the first decision.""",,,,NO,NO,MANUAL REVIEW,NO,NO,LOW,Verify assumptions and terminology,line 1975
6,Why Randomness? {.unnumbered},/Users/medina/Projects/oer-books/advanced-algorithms-book/chapters/06-Randomized-Algorithms.qmd,MATHEMATICAL_CLAIM,2. Speed: Expected running time frequently beats worst-case deterministic,,,,NO,NO,MANUAL REVIEW,NO,NO,LOW,Verify assumptions and terminology,line 37
6,A Simple Example: Finding Your Friend in a Crowd,/Users/medina/Projects/oer-books/advanced-algorithms-book/chapters/06-Randomized-Algorithms.qmd,MATHEMATICAL_CLAIM,"- Worst case: Your friend is in the last seat—you check all 50,000 seats!",,,,NO,NO,MANUAL REVIEW,NO,NO,LOW,Verify assumptions and terminology,line 92
6,A Simple Example: Finding Your Friend in a Crowd,/Users/medina/Projects/oer-books/advanced-algorithms-book/chapters/06-Randomized-Algorithms.qmd,MATHEMATICAL_CLAIM,"- Expected case: On average, you'll find them after checking half the seats (25,000).",,,,NO,NO,MANUAL REVIEW,NO,NO,LOW,Verify assumptions and terminology,line 96
6,A Simple Example: Finding Your Friend in a Crowd,/Users/medina/Projects/oer-books/advanced-algorithms-book/chapters/06-Randomized-Algorithms.qmd,MATHEMATICAL_CLAIM,- Key insight: No one can force a worst case—every arrangement is equally likely to be good or bad!,,,,NO,NO,MANUAL REVIEW,NO,NO,LOW,Verify assumptions and terminology,line 97
6,A Simple Example: Finding Your Friend in a Crowd,/Users/medina/Projects/oer-books/advanced-algorithms-book/chapters/06-Randomized-Algorithms.qmd,MATHEMATICAL_CLAIM,This is the power of randomization: it eliminates predictable worst cases.,,,,NO,NO,MANUAL REVIEW,NO,NO,LOW,Verify assumptions and terminology,line 99
6,"Las Vegas Algorithms: ""Always Right, Sometimes Slow""",/Users/medina/Projects/oer-books/advanced-algorithms-book/chapters/06-Randomized-Algorithms.qmd,MATHEMATICAL_CLAIM,"The Guarantee: These algorithms ALWAYS give you the correct answer, but the time they take is random.",,,,NO,NO,MANUAL REVIEW,NO,NO,LOW,Verify assumptions and terminology,line 107
6,"Las Vegas Algorithms: ""Always Right, Sometimes Slow""",/Users/medina/Projects/oer-books/advanced-algorithms-book/chapters/06-Randomized-Algorithms.qmd,MATHEMATICAL_CLAIM,"Think of shuffling a deck of cards to find all the aces. You'll always find all four aces eventually (correctness guaranteed), but sometimes you'll get lucky and find them quickly, other times it takes longer.",,,,NO,NO,MANUAL REVIEW,NO,NO,LOW,Verify assumptions and terminology,line 110
6,"Las Vegas Algorithms: ""Always Right, Sometimes Slow""",/Users/medina/Projects/oer-books/advanced-algorithms-book/chapters/06-Randomized-Algorithms.qmd,MATHEMATICAL_CLAIM,- ⏱️ Running time varies (we analyze expected/average time),,,,NO,NO,MANUAL REVIEW,NO,NO,LOW,Verify assumptions and terminology,line 114
6,"Monte Carlo Algorithms: ""Always Fast, Usually Right""",/Users/medina/Projects/oer-books/advanced-algorithms-book/chapters/06-Randomized-Algorithms.qmd,MATHEMATICAL_CLAIM,"The Guarantee: These algorithms ALWAYS finish quickly, but might occasionally give a wrong answer.",,,,NO,NO,MANUAL REVIEW,NO,NO,LOW,Verify assumptions and terminology,line 123
6,Regular QuickSort: The Predictable Approach,/Users/medina/Projects/oer-books/advanced-algorithms-book/chapters/06-Randomized-Algorithms.qmd,COMPLEXITY,Time complexity: O(n²) - absolutely terrible for large datasets!,,O(n²),,NO,NO,REVIEWED,NO,NO,LOW,Verify assumptions and terminology,line 175
6,Why Random Pivots Save the Day,/Users/medina/Projects/oer-books/advanced-algorithms-book/chapters/06-Randomized-Algorithms.qmd,MATHEMATICAL_CLAIM,"- If students line up by height (worst case), you get groups of 0 and 99!",,,,NO,NO,MANUAL REVIEW,NO,NO,LOW,Verify assumptions and terminology,line 188
6,Why Random Pivots Save the Day,/Users/medina/Projects/oer-books/advanced-algorithms-book/chapters/06-Randomized-Algorithms.qmd,COMPLEXITY,- Expected number of times we split: O(log n),,O(log n),,NO,NO,REVIEWED,NO,NO,LOW,Verify assumptions and terminology,line 199
6,Why Random Pivots Save the Day,/Users/medina/Projects/oer-books/advanced-algorithms-book/chapters/06-Randomized-Algorithms.qmd,COMPLEXITY,- Total expected work: O(n log n) - MUCH better!,,O(n log n),,NO,NO,REVIEWED,NO,NO,LOW,Verify assumptions and terminology,line 200
6,The Implementation,/Users/medina/Projects/oer-books/advanced-algorithms-book/chapters/06-Randomized-Algorithms.qmd,CODE,Fenced block at lines 233-252,,O(n log n) O(n²),python,YES,CANDIDATE,SEE code-verification-results.csv,NO,NO,LOW,Use block-level verification record,Safe automated classification plus targeted tests; unexecuted blocks remain manual review.
6,Why This Simple Change Is So Powerful,/Users/medina/Projects/oer-books/advanced-algorithms-book/chapters/06-Randomized-Algorithms.qmd,MATHEMATICAL_CLAIM,- Expected depth of recursion ≈ 2 log₂ n (since we get good pivots half the time),,,,NO,NO,MANUAL REVIEW,NO,NO,LOW,Verify assumptions and terminology,line 261
6,Why This Simple Change Is So Powerful,/Users/medina/Projects/oer-books/advanced-algorithms-book/chapters/06-Randomized-Algorithms.qmd,MATHEMATICAL_CLAIM,- Total expected comparisons ≈ 2n ln n ≈ 1.39n log₂ n,,,,NO,NO,MANUAL REVIEW,NO,NO,LOW,Verify assumptions and terminology,line 262
6,Why This Simple Change Is So Powerful,/Users/medina/Projects/oer-books/advanced-algorithms-book/chapters/06-Randomized-Algorithms.qmd,MATHEMATICAL_CLAIM,- Worst case (deterministic): 1 trillion comparisons,,,,NO,NO,MANUAL REVIEW,NO,NO,LOW,Verify assumptions and terminology,line 266
6,Why This Simple Change Is So Powerful,/Users/medina/Projects/oer-books/advanced-algorithms-book/chapters/06-Randomized-Algorithms.qmd,MATHEMATICAL_CLAIM,- Expected (randomized): 20 million comparisons,,,,NO,NO,MANUAL REVIEW,NO,NO,LOW,Verify assumptions and terminology,line 267
6,How Miller-Rabin Works (Intuitive Explanation),/Users/medina/Projects/oer-books/advanced-algorithms-book/chapters/06-Randomized-Algorithms.qmd,CODE,Fenced block at lines 313-366,,,python,YES,CANDIDATE,SEE code-verification-results.csv,NO,NO,LOW,Use block-level verification record,Safe automated classification plus targeted tests; unexecuted blocks remain manual review.
6,"Expected Value: Your ""Average"" Outcome",/Users/medina/Projects/oer-books/advanced-algorithms-book/chapters/06-Randomized-Algorithms.qmd,MATHEMATICAL_CLAIM,"Expected Value: Your ""Average"" Outcome",,,,NO,NO,MANUAL REVIEW,NO,NO,LOW,Verify assumptions and terminology,line 375
6,"Expected Value: Your ""Average"" Outcome",/Users/medina/Projects/oer-books/advanced-algorithms-book/chapters/06-Randomized-Algorithms.qmd,MATHEMATICAL_CLAIM,"Concept: Expected value is what you'd get ""on average"" if you repeated something many times.",,,,NO,NO,MANUAL REVIEW,NO,NO,LOW,Verify assumptions and terminology,line 377
6,"Expected Value: Your ""Average"" Outcome",/Users/medina/Projects/oer-books/advanced-algorithms-book/chapters/06-Randomized-Algorithms.qmd,MATHEMATICAL_CLAIM,- Expected value = 1×(1/6) + 2×(1/6) + 3×(1/6) + 4×(1/6) + 5×(1/6) + 6×(1/6) = 3.5,,,,NO,NO,MANUAL REVIEW,NO,NO,LOW,Verify assumptions and terminology,line 382
6,"Expected Value: Your ""Average"" Outcome",/Users/medina/Projects/oer-books/advanced-algorithms-book/chapters/06-Randomized-Algorithms.qmd,MATHEMATICAL_CLAIM,- Best case: 1 comparison (element is first),,,,NO,NO,MANUAL REVIEW,NO,NO,LOW,Verify assumptions and terminology,line 388
6,"Expected Value: Your ""Average"" Outcome",/Users/medina/Projects/oer-books/advanced-algorithms-book/chapters/06-Randomized-Algorithms.qmd,MATHEMATICAL_CLAIM,- Worst case: n comparisons (element is last),,,,NO,NO,MANUAL REVIEW,NO,NO,LOW,Verify assumptions and terminology,line 389
6,"Expected Value: Your ""Average"" Outcome",/Users/medina/Projects/oer-books/advanced-algorithms-book/chapters/06-Randomized-Algorithms.qmd,MATHEMATICAL_CLAIM,"- Expected case: (n+1)/2 comparisons (on average, halfway through)",,,,NO,NO,MANUAL REVIEW,NO,NO,LOW,Verify assumptions and terminology,line 390
6,The Birthday Paradox: When Intuition Fails,/Users/medina/Projects/oer-books/advanced-algorithms-book/chapters/06-Randomized-Algorithms.qmd,MATHEMATICAL_CLAIM,This same principle explains why hash tables have collisions sooner than expected!,,,,NO,NO,MANUAL REVIEW,NO,NO,LOW,Verify assumptions and terminology,line 413
6,The Birthday Paradox: When Intuition Fails,/Users/medina/Projects/oer-books/advanced-algorithms-book/chapters/06-Randomized-Algorithms.qmd,CODE,Fenced block at lines 418-450,,,python,YES,CANDIDATE,SEE code-verification-results.csv,NO,NO,LOW,Use block-level verification record,Safe automated classification plus targeted tests; unexecuted blocks remain manual review.
6,Amplification: Making Algorithms More Reliable,/Users/medina/Projects/oer-books/advanced-algorithms-book/chapters/06-Randomized-Algorithms.qmd,CODE,Fenced block at lines 471-498,,,python,YES,CANDIDATE,SEE code-verification-results.csv,NO,NO,LOW,Use block-level verification record,Safe automated classification plus targeted tests; unexecuted blocks remain manual review.
6,The Naive Approach,/Users/medina/Projects/oer-books/advanced-algorithms-book/chapters/06-Randomized-Algorithms.qmd,COMPLEXITY,- Sort the entire array: O(n log n),,O(n log n),,NO,NO,REVIEWED,NO,NO,LOW,Verify assumptions and terminology,line 517
6,The Naive Approach,/Users/medina/Projects/oer-books/advanced-algorithms-book/chapters/06-Randomized-Algorithms.qmd,COMPLEXITY,- Return element at position k: O(1),,O(1),,NO,NO,REVIEWED,NO,NO,LOW,Verify assumptions and terminology,line 518
6,The Naive Approach,/Users/medina/Projects/oer-books/advanced-algorithms-book/chapters/06-Randomized-Algorithms.qmd,COMPLEXITY,- Total: O(n log n),,O(n log n),,NO,NO,REVIEWED,NO,NO,LOW,Verify assumptions and terminology,line 519
6,Why It's Fast,/Users/medina/Projects/oer-books/advanced-algorithms-book/chapters/06-Randomized-Algorithms.qmd,COMPLEXITY,- Expected comparisons: n + n/2 + n/4 + ... = 2n = O(n),,O(n),,NO,NO,REVIEWED,NO,NO,LOW,Verify assumptions and terminology,line 554
6,Why It's Fast,/Users/medina/Projects/oer-books/advanced-algorithms-book/chapters/06-Randomized-Algorithms.qmd,COMPLEXITY,That's linear time! Much better than O(n log n) for sorting.,,linear time O(n log n),,NO,NO,REVIEWED,NO,NO,LOW,Verify assumptions and terminology,line 556
6,The Implementation,/Users/medina/Projects/oer-books/advanced-algorithms-book/chapters/06-Randomized-Algorithms.qmd,CODE,Fenced block at lines 561-596,,O(n) O(n²),python,YES,CANDIDATE,SEE code-verification-results.csv,NO,NO,LOW,Use block-level verification record,Safe automated classification plus targeted tests; unexecuted blocks remain manual review.
6,Practical Applications of QuickSelect,/Users/medina/Projects/oer-books/advanced-algorithms-book/chapters/06-Randomized-Algorithms.qmd,COMPLEXITY,- QuickSelect: O(n) vs Sorting: O(n log n),,O(n) O(n log n),,NO,NO,REVIEWED,NO,NO,LOW,Verify assumptions and terminology,line 604
6,The Problem: Collisions,/Users/medina/Projects/oer-books/advanced-algorithms-book/chapters/06-Randomized-Algorithms.qmd,COMPLEXITY,- Your O(1) lookup becomes O(n) - disaster!,,O(1) O(n),,NO,NO,REVIEWED,NO,NO,LOW,Verify assumptions and terminology,line 639
6,The Carter-Wegman Construction,/Users/medina/Projects/oer-books/advanced-algorithms-book/chapters/06-Randomized-Algorithms.qmd,PSEUDOCODE,Fenced block at lines 665-665,,,UNLABELED,YES,NO,SEE code-verification-results.csv,NO,NO,LOW,Use block-level verification record,Safe automated classification plus targeted tests; unexecuted blocks remain manual review.
6,The Carter-Wegman Construction,/Users/medina/Projects/oer-books/advanced-algorithms-book/chapters/06-Randomized-Algorithms.qmd,CODE,Fenced block at lines 677-773,,,python,YES,CANDIDATE,SEE code-verification-results.csv,NO,NO,LOW,Use block-level verification record,Safe automated classification plus targeted tests; unexecuted blocks remain manual review.
6,Understanding Bloom Filter Parameters,/Users/medina/Projects/oer-books/advanced-algorithms-book/chapters/06-Randomized-Algorithms.qmd,MATHEMATICAL_CLAIM,The math behind optimal Bloom filter parameters:,,,,NO,NO,MANUAL REVIEW,NO,NO,LOW,Verify assumptions and terminology,line 806
6,Understanding Bloom Filter Parameters,/Users/medina/Projects/oer-books/advanced-algorithms-book/chapters/06-Randomized-Algorithms.qmd,MATHEMATICAL_CLAIM,- n = expected number of items,,,,NO,NO,MANUAL REVIEW,NO,NO,LOW,Verify assumptions and terminology,line 808
6,Understanding Bloom Filter Parameters,/Users/medina/Projects/oer-books/advanced-algorithms-book/chapters/06-Randomized-Algorithms.qmd,MATHEMATICAL_CLAIM,Optimal formulas:,,,,NO,NO,MANUAL REVIEW,NO,NO,LOW,Verify assumptions and terminology,line 812
6,Understanding Bloom Filter Parameters,/Users/medina/Projects/oer-books/advanced-algorithms-book/chapters/06-Randomized-Algorithms.qmd,CODE,Fenced block at lines 825-959,,,python,YES,CANDIDATE,SEE code-verification-results.csv,NO,NO,LOW,Use block-level verification record,Safe automated classification plus targeted tests; unexecuted blocks remain manual review.
6,Why It Works (Intuitive Explanation),/Users/medina/Projects/oer-books/advanced-algorithms-book/chapters/06-Randomized-Algorithms.qmd,CODE,Fenced block at lines 1010-1096,,,python,YES,CANDIDATE,SEE code-verification-results.csv,NO,NO,LOW,Use block-level verification record,Safe automated classification plus targeted tests; unexecuted blocks remain manual review.
6,The Solution: Count-Min Sketch,/Users/medina/Projects/oer-books/advanced-algorithms-book/chapters/06-Randomized-Algorithms.qmd,CODE,Fenced block at lines 1120-1216,,,python,YES,CANDIDATE,SEE code-verification-results.csv,NO,NO,LOW,Use block-level verification record,Safe automated classification plus targeted tests; unexecuted blocks remain manual review.
6,Expected Value: The Average Case,/Users/medina/Projects/oer-books/advanced-algorithms-book/chapters/06-Randomized-Algorithms.qmd,MATHEMATICAL_CLAIM,Expected Value: The Average Case,,,,NO,NO,MANUAL REVIEW,NO,NO,LOW,Verify assumptions and terminology,line 1253
6,Expected Value: The Average Case,/Users/medina/Projects/oer-books/advanced-algorithms-book/chapters/06-Randomized-Algorithms.qmd,MATHEMATICAL_CLAIM,"Definition: If an algorithm has different possible running times, the expected value is the average, weighted by probability.",,,,NO,NO,MANUAL REVIEW,NO,NO,LOW,Verify assumptions and terminology,line 1255
6,Expected Value: The Average Case,/Users/medina/Projects/oer-books/advanced-algorithms-book/chapters/06-Randomized-Algorithms.qmd,PSEUDOCODE,Fenced block at lines 1259-1263,,,UNLABELED,YES,NO,SEE code-verification-results.csv,NO,NO,LOW,Use block-level verification record,Safe automated classification plus targeted tests; unexecuted blocks remain manual review.
6,High Probability Bounds,/Users/medina/Projects/oer-books/advanced-algorithms-book/chapters/06-Randomized-Algorithms.qmd,MATHEMATICAL_CLAIM,"""Expected"" performance is nice, but what if we get unlucky? We want stronger guarantees!",,,,NO,NO,MANUAL REVIEW,NO,NO,LOW,Verify assumptions and terminology,line 1268
6,High Probability Bounds,/Users/medina/Projects/oer-books/advanced-algorithms-book/chapters/06-Randomized-Algorithms.qmd,COMPLEXITY,"High Probability Statement: ""The algorithm finishes in O(n log n) time with probability ≥ 1 - 1/n²""",,O(n log n),,NO,NO,REVIEWED,NO,NO,LOW,Verify assumptions and terminology,line 1270
6,Concentration Inequalities: Why Randomized Algorithms Don't Get Unlucky,/Users/medina/Projects/oer-books/advanced-algorithms-book/chapters/06-Randomized-Algorithms.qmd,MATHEMATICAL_CLAIM,These mathematical tools prove that random events cluster around their expected values.,,,,NO,NO,MANUAL REVIEW,NO,NO,LOW,Verify assumptions and terminology,line 1279
6,Markov's Inequality: The Weakest Bound,/Users/medina/Projects/oer-books/advanced-algorithms-book/chapters/06-Randomized-Algorithms.qmd,MATHEMATICAL_CLAIM,"""The probability of being k times worse than expected is at most 1/k""",,,,NO,NO,MANUAL REVIEW,NO,NO,LOW,Verify assumptions and terminology,line 1287
6,Chernoff Bounds: Much Stronger Guarantees,/Users/medina/Projects/oer-books/advanced-algorithms-book/chapters/06-Randomized-Algorithms.qmd,MATHEMATICAL_CLAIM,Chernoff Bounds: Much Stronger Guarantees,,,,NO,NO,MANUAL REVIEW,NO,NO,LOW,Verify assumptions and terminology,line 1294
6,Chernoff Bounds: Much Stronger Guarantees,/Users/medina/Projects/oer-books/advanced-algorithms-book/chapters/06-Randomized-Algorithms.qmd,MATHEMATICAL_CLAIM,Flip 1000 fair coins. Expected heads = 500.,,,,NO,NO,MANUAL REVIEW,NO,NO,LOW,Verify assumptions and terminology,line 1299
6,Chernoff Bounds: Much Stronger Guarantees,/Users/medina/Projects/oer-books/advanced-algorithms-book/chapters/06-Randomized-Algorithms.qmd,CODE,Fenced block at lines 1308-1415,,,python,YES,CANDIDATE,SEE code-verification-results.csv,NO,NO,LOW,Use block-level verification record,Safe automated classification plus targeted tests; unexecuted blocks remain manual review.
6,The Elegant Randomized Solution,/Users/medina/Projects/oer-books/advanced-algorithms-book/chapters/06-Randomized-Algorithms.qmd,CODE,Fenced block at lines 1453-1583,,,python,YES,CANDIDATE,SEE code-verification-results.csv,NO,NO,LOW,Use block-level verification record,Safe automated classification plus targeted tests; unexecuted blocks remain manual review.
6,Estimating π with Random Points,/Users/medina/Projects/oer-books/advanced-algorithms-book/chapters/06-Randomized-Algorithms.qmd,CODE,Fenced block at lines 1609-1664,,,python,YES,CANDIDATE,SEE code-verification-results.csv,NO,NO,LOW,Use block-level verification record,Safe automated classification plus targeted tests; unexecuted blocks remain manual review.
6,The Problem,/Users/medina/Projects/oer-books/advanced-algorithms-book/chapters/06-Randomized-Algorithms.qmd,CODE,Fenced block at lines 1690-1741,,,python,YES,CANDIDATE,SEE code-verification-results.csv,NO,NO,LOW,Use block-level verification record,Safe automated classification plus targeted tests; unexecuted blocks remain manual review.
6,A/B Testing with Statistical Significance,/Users/medina/Projects/oer-books/advanced-algorithms-book/chapters/06-Randomized-Algorithms.qmd,CODE,Fenced block at lines 1749-1847,,,python,YES,CANDIDATE,SEE code-verification-results.csv,NO,NO,LOW,Use block-level verification record,Safe automated classification plus targeted tests; unexecuted blocks remain manual review.
6,Key Takeaways,/Users/medina/Projects/oer-books/advanced-algorithms-book/chapters/06-Randomized-Algorithms.qmd,MATHEMATICAL_CLAIM,1. Randomization Eliminates Worst Cases,,,,NO,NO,MANUAL REVIEW,NO,NO,LOW,Verify assumptions and terminology,line 1856
6,When to Use Randomization,/Users/medina/Projects/oer-books/advanced-algorithms-book/chapters/06-Randomized-Algorithms.qmd,MATHEMATICAL_CLAIM,- Worst-case is much worse than average,,,,NO,NO,MANUAL REVIEW,NO,NO,LOW,Verify assumptions and terminology,line 1882
6,When to Use Randomization,/Users/medina/Projects/oer-books/advanced-algorithms-book/chapters/06-Randomized-Algorithms.qmd,MATHEMATICAL_CLAIM,- Real-time guarantees essential,,,,NO,NO,MANUAL REVIEW,NO,NO,LOW,Verify assumptions and terminology,line 1892
6,Final Thought,/Users/medina/Projects/oer-books/advanced-algorithms-book/chapters/06-Randomized-Algorithms.qmd,MATHEMATICAL_CLAIM,"""In the face of complexity, randomness is often our best strategy.""",,,,NO,NO,MANUAL REVIEW,NO,NO,LOW,Verify assumptions and terminology,line 1896
6,Final Thought,/Users/medina/Projects/oer-books/advanced-algorithms-book/chapters/06-Randomized-Algorithms.qmd,MATHEMATICAL_CLAIM,"Next chapter, we'll explore the limits of computation itself with NP-Completeness!",,,,NO,NO,MANUAL REVIEW,NO,NO,LOW,Verify assumptions and terminology,line 1900
7,Computational Complexity & NP-Completeness - The Limits of Computing,/Users/medina/Projects/oer-books/advanced-algorithms-book/chapters/07-Computational-Complexity.qmd,MATHEMATICAL_CLAIM,Computational Complexity & NP-Completeness - The Limits of Computing,,,,NO,NO,MANUAL REVIEW,NO,NO,LOW,Verify assumptions and terminology,line 1
7,Why This Matters to You {.unnumbered},/Users/medina/Projects/oer-books/advanced-algorithms-book/chapters/07-Computational-Complexity.qmd,MATHEMATICAL_CLAIM,Understanding computational complexity isn't just academic—it affects real decisions every day:,,,,NO,NO,MANUAL REVIEW,NO,NO,LOW,Verify assumptions and terminology,line 34
7,Why This Matters to You {.unnumbered},/Users/medina/Projects/oer-books/advanced-algorithms-book/chapters/07-Computational-Complexity.qmd,MATHEMATICAL_CLAIM,- Finding the absolute shortest route visiting multiple stops is NP-hard,,,,NO,NO,MANUAL REVIEW,NO,NO,LOW,Verify assumptions and terminology,line 37
7,Why This Matters to You {.unnumbered},/Users/medina/Projects/oer-books/advanced-algorithms-book/chapters/07-Computational-Complexity.qmd,MATHEMATICAL_CLAIM,- Many AI problems are NP-complete,,,,NO,NO,MANUAL REVIEW,NO,NO,LOW,Verify assumptions and terminology,line 45
7,Why This Matters to You {.unnumbered},/Users/medina/Projects/oer-books/advanced-algorithms-book/chapters/07-Computational-Complexity.qmd,MATHEMATICAL_CLAIM,"- Sudoku, Minesweeper, even some Pokemon games are NP-complete",,,,NO,NO,MANUAL REVIEW,NO,NO,LOW,Verify assumptions and terminology,line 49
7,What You'll Learn in This Chapter {.unnumbered},/Users/medina/Projects/oer-books/advanced-algorithms-book/chapters/07-Computational-Complexity.qmd,MATHEMATICAL_CLAIM,We'll demystify computational complexity step by step:,,,,NO,NO,MANUAL REVIEW,NO,NO,LOW,Verify assumptions and terminology,line 54
7,What You'll Learn in This Chapter {.unnumbered},/Users/medina/Projects/oer-books/advanced-algorithms-book/chapters/07-Computational-Complexity.qmd,MATHEMATICAL_CLAIM,"1. The Complexity Zoo: Understanding P, NP, and their friends",,,,NO,NO,MANUAL REVIEW,NO,NO,LOW,Verify assumptions and terminology,line 56
7,What You'll Learn in This Chapter {.unnumbered},/Users/medina/Projects/oer-books/advanced-algorithms-book/chapters/07-Computational-Complexity.qmd,MATHEMATICAL_CLAIM,"3. Classic NP-Complete Problems: The ""hardest"" problems we know",,,,NO,NO,MANUAL REVIEW,NO,NO,LOW,Verify assumptions and terminology,line 58
7,What You'll Learn in This Chapter {.unnumbered},/Users/medina/Projects/oer-books/advanced-algorithms-book/chapters/07-Computational-Complexity.qmd,MATHEMATICAL_CLAIM,4. Coping Strategies: What to do when your problem is NP-complete,,,,NO,NO,MANUAL REVIEW,NO,NO,LOW,Verify assumptions and terminology,line 59
7,Understanding Computational Complexity,/Users/medina/Projects/oer-books/advanced-algorithms-book/chapters/07-Computational-Complexity.qmd,MATHEMATICAL_CLAIM,Understanding Computational Complexity,,,,NO,NO,MANUAL REVIEW,NO,NO,LOW,Verify assumptions and terminology,line 66
7,Time Complexity: How Long Does It Take?,/Users/medina/Projects/oer-books/advanced-algorithms-book/chapters/07-Computational-Complexity.qmd,MATHEMATICAL_CLAIM,Time Complexity: How Long Does It Take?,,,,NO,NO,MANUAL REVIEW,NO,NO,LOW,Verify assumptions and terminology,line 68
7,The Birthday Party Planning Problem,/Users/medina/Projects/oer-books/advanced-algorithms-book/chapters/07-Computational-Complexity.qmd,COMPLEXITY,- This is linear time: O(n),,linear time O(n),,NO,NO,REVIEWED,NO,NO,LOW,Verify assumptions and terminology,line 80
7,The Birthday Party Planning Problem,/Users/medina/Projects/oer-books/advanced-algorithms-book/chapters/07-Computational-Complexity.qmd,COMPLEXITY,- This is quadratic time: O(n²),,quadratic time O(n²),,NO,NO,REVIEWED,NO,NO,LOW,Verify assumptions and terminology,line 86
7,The Birthday Party Planning Problem,/Users/medina/Projects/oer-books/advanced-algorithms-book/chapters/07-Computational-Complexity.qmd,COMPLEXITY,- This is factorial time: O(n!),,factorial time O(n!),,NO,NO,REVIEWED,NO,NO,LOW,Verify assumptions and terminology,line 92
7,The Birthday Party Planning Problem,/Users/medina/Projects/oer-books/advanced-algorithms-book/chapters/07-Computational-Complexity.qmd,COMPLEXITY,| Guests | Linear (O(n)) | Quadratic (O(n²)) | Factorial (O(n!)) |,,O(n) O(n²) O(n!),,NO,NO,REVIEWED,NO,NO,LOW,Verify assumptions and terminology,line 96
7,Polynomial vs Exponential: The Great Divide,/Users/medina/Projects/oer-books/advanced-algorithms-book/chapters/07-Computational-Complexity.qmd,MATHEMATICAL_CLAIM,Polynomial vs Exponential: The Great Divide,,,,NO,NO,MANUAL REVIEW,NO,NO,LOW,Verify assumptions and terminology,line 107
7,Polynomial vs Exponential: The Great Divide,/Users/medina/Projects/oer-books/advanced-algorithms-book/chapters/07-Computational-Complexity.qmd,MATHEMATICAL_CLAIM,The fundamental distinction in complexity theory is between:,,,,NO,NO,MANUAL REVIEW,NO,NO,LOW,Verify assumptions and terminology,line 109
7,Polynomial vs Exponential: The Great Divide,/Users/medina/Projects/oer-books/advanced-algorithms-book/chapters/07-Computational-Complexity.qmd,COMPLEXITY,"Polynomial Time (considered ""efficient""):",,Polynomial Time,,NO,NO,REVIEWED,NO,NO,LOW,Verify assumptions and terminology,line 111
7,Polynomial vs Exponential: The Great Divide,/Users/medina/Projects/oer-books/advanced-algorithms-book/chapters/07-Computational-Complexity.qmd,COMPLEXITY,"- O(n), O(n²), O(n³), even O(n¹⁰⁰)",,O(n) O(n²) O(n³) O(n¹⁰⁰),,NO,NO,REVIEWED,NO,NO,LOW,Verify assumptions and terminology,line 112
7,Polynomial vs Exponential: The Great Divide,/Users/medina/Projects/oer-books/advanced-algorithms-book/chapters/07-Computational-Complexity.qmd,COMPLEXITY,"- O(2ⁿ), O(n!), O(nⁿ)",,O(2ⁿ) O(n!) O(nⁿ),,NO,NO,REVIEWED,NO,NO,LOW,Verify assumptions and terminology,line 117
7,Class P: Problems We Can Solve Efficiently,/Users/medina/Projects/oer-books/advanced-algorithms-book/chapters/07-Computational-Complexity.qmd,COMPLEXITY,Definition for Beginners: P is the class of problems that a computer can solve quickly (in polynomial time).,,polynomial time,,NO,NO,REVIEWED,NO,NO,LOW,Verify assumptions and terminology,line 141
7,Class P: Problems We Can Solve Efficiently,/Users/medina/Projects/oer-books/advanced-algorithms-book/chapters/07-Computational-Complexity.qmd,COMPLEXITY,Formal Definition: P = {problems solvable by a deterministic Turing machine in polynomial time},,polynomial time,,NO,NO,REVIEWED,NO,NO,LOW,Verify assumptions and terminology,line 143
7,Examples of Problems in P,/Users/medina/Projects/oer-books/advanced-algorithms-book/chapters/07-Computational-Complexity.qmd,COMPLEXITY,- Time: O(n log n),,O(n log n),,NO,NO,REVIEWED,NO,NO,LOW,Verify assumptions and terminology,line 151
7,Examples of Problems in P,/Users/medina/Projects/oer-books/advanced-algorithms-book/chapters/07-Computational-Complexity.qmd,COMPLEXITY,- Time: O(E log V),,O(E log V),,NO,NO,REVIEWED,NO,NO,LOW,Verify assumptions and terminology,line 156
7,Examples of Problems in P,/Users/medina/Projects/oer-books/advanced-algorithms-book/chapters/07-Computational-Complexity.qmd,COMPLEXITY,- Time: O(log⁶ n),,O(log⁶ n),,NO,NO,REVIEWED,NO,NO,LOW,Verify assumptions and terminology,line 161
7,Examples of Problems in P,/Users/medina/Projects/oer-books/advanced-algorithms-book/chapters/07-Computational-Complexity.qmd,COMPLEXITY,- Time: O(VE²),,O(VE²),,NO,NO,REVIEWED,NO,NO,LOW,Verify assumptions and terminology,line 166
7,Class NP: Problems We Can Verify Efficiently,/Users/medina/Projects/oer-books/advanced-algorithms-book/chapters/07-Computational-Complexity.qmd,MATHEMATICAL_CLAIM,"The Name: NP stands for ""Nondeterministic Polynomial"" (not ""Not Polynomial""!)",,,,NO,NO,MANUAL REVIEW,NO,NO,LOW,Verify assumptions and terminology,line 173
7,"Visualizing P, NP, and Beyond",/Users/medina/Projects/oer-books/advanced-algorithms-book/chapters/07-Computational-Complexity.qmd,PSEUDOCODE,Fenced block at lines 209-223,,Exponential Time,UNLABELED,YES,NO,SEE code-verification-results.csv,NO,NO,LOW,Use block-level verification record,Safe automated classification plus targeted tests; unexecuted blocks remain manual review.
7,Why We Think P ≠ NP,/Users/medina/Projects/oer-books/advanced-algorithms-book/chapters/07-Computational-Complexity.qmd,MATHEMATICAL_CLAIM,- No one has succeeded for any NP-complete problem,,,,NO,NO,MANUAL REVIEW,NO,NO,LOW,Verify assumptions and terminology,line 242
7,NP-Completeness - The Hardest Problems in NP,/Users/medina/Projects/oer-books/advanced-algorithms-book/chapters/07-Computational-Complexity.qmd,MATHEMATICAL_CLAIM,NP-Completeness - The Hardest Problems in NP,,,,NO,NO,MANUAL REVIEW,NO,NO,LOW,Verify assumptions and terminology,line 247
7,The Discovery That Changed Everything,/Users/medina/Projects/oer-books/advanced-algorithms-book/chapters/07-Computational-Complexity.qmd,MATHEMATICAL_CLAIM,"Shortly after, Richard Karp showed that 21 other important problems were equally hard. These problems are called NP-complete.",,,,NO,NO,MANUAL REVIEW,NO,NO,LOW,Verify assumptions and terminology,line 255
7,What Makes a Problem NP-Complete?,/Users/medina/Projects/oer-books/advanced-algorithms-book/chapters/07-Computational-Complexity.qmd,MATHEMATICAL_CLAIM,What Makes a Problem NP-Complete?,,,,NO,NO,MANUAL REVIEW,NO,NO,LOW,Verify assumptions and terminology,line 257
7,What Makes a Problem NP-Complete?,/Users/medina/Projects/oer-books/advanced-algorithms-book/chapters/07-Computational-Complexity.qmd,MATHEMATICAL_CLAIM,A problem is NP-complete if:,,,,NO,NO,MANUAL REVIEW,NO,NO,LOW,Verify assumptions and terminology,line 259
7,What Makes a Problem NP-Complete?,/Users/medina/Projects/oer-books/advanced-algorithms-book/chapters/07-Computational-Complexity.qmd,MATHEMATICAL_CLAIM,2. It's NP-hard (it's at least as hard as every problem in NP),,,,NO,NO,MANUAL REVIEW,NO,NO,LOW,Verify assumptions and terminology,line 262
7,What Makes a Problem NP-Complete?,/Users/medina/Projects/oer-books/advanced-algorithms-book/chapters/07-Computational-Complexity.qmd,MATHEMATICAL_CLAIM,"Think of NP-complete problems as the ""bosses"" of NP:",,,,NO,NO,MANUAL REVIEW,NO,NO,LOW,Verify assumptions and terminology,line 264
7,Understanding Reductions,/Users/medina/Projects/oer-books/advanced-algorithms-book/chapters/07-Computational-Complexity.qmd,MATHEMATICAL_CLAIM,Reduction is how we prove problems are NP-complete. It's like translating between languages.,,,,NO,NO,MANUAL REVIEW,NO,NO,LOW,Verify assumptions and terminology,line 271
7,Formal Reduction,/Users/medina/Projects/oer-books/advanced-algorithms-book/chapters/07-Computational-Complexity.qmd,COMPLEXITY,2. Transform it to an instance of Problem B (in polynomial time),,polynomial time,,NO,NO,REVIEWED,NO,NO,LOW,Verify assumptions and terminology,line 289
7,Formal Reduction,/Users/medina/Projects/oer-books/advanced-algorithms-book/chapters/07-Computational-Complexity.qmd,MATHEMATICAL_CLAIM,"If we can do this, and A is NP-hard, then B is also NP-hard!",,,,NO,NO,MANUAL REVIEW,NO,NO,LOW,Verify assumptions and terminology,line 293
7,The First NP-Complete Problem: SAT,/Users/medina/Projects/oer-books/advanced-algorithms-book/chapters/07-Computational-Complexity.qmd,MATHEMATICAL_CLAIM,The First NP-Complete Problem: SAT,,,,NO,NO,MANUAL REVIEW,NO,NO,LOW,Verify assumptions and terminology,line 295
7,Boolean Satisfiability (SAT),/Users/medina/Projects/oer-books/advanced-algorithms-book/chapters/07-Computational-Complexity.qmd,PSEUDOCODE,Fenced block at lines 303-313,,,UNLABELED,YES,NO,SEE code-verification-results.csv,NO,NO,LOW,Use block-level verification record,Safe automated classification plus targeted tests; unexecuted blocks remain manual review.
7,Why SAT is Special,/Users/medina/Projects/oer-books/advanced-algorithms-book/chapters/07-Computational-Complexity.qmd,PROOF,Cook proved that EVERY problem in NP can be reduced to SAT. The proof idea:,,,,NO,NO,MANUAL REVIEW,YES,YES,MEDIUM,Verify assumptions and terminology,line 318
7,Classic NP-Complete Problems,/Users/medina/Projects/oer-books/advanced-algorithms-book/chapters/07-Computational-Complexity.qmd,MATHEMATICAL_CLAIM,Classic NP-Complete Problems,,,,NO,NO,MANUAL REVIEW,NO,NO,LOW,Verify assumptions and terminology,line 328
7,The Traveling Salesman Problem (TSP),/Users/medina/Projects/oer-books/advanced-algorithms-book/chapters/07-Computational-Complexity.qmd,MATHEMATICAL_CLAIM,What Makes It NP-Complete:,,,,NO,NO,MANUAL REVIEW,NO,NO,LOW,Verify assumptions and terminology,line 345
7,The Traveling Salesman Problem (TSP),/Users/medina/Projects/oer-books/advanced-algorithms-book/chapters/07-Computational-Complexity.qmd,MATHEMATICAL_CLAIM,2. NP-hard: Can reduce Hamiltonian Cycle to TSP,,,,NO,NO,MANUAL REVIEW,NO,NO,LOW,Verify assumptions and terminology,line 347
7,The Knapsack Problem (Decision Version),/Users/medina/Projects/oer-books/advanced-algorithms-book/chapters/07-Computational-Complexity.qmd,PSEUDOCODE,Fenced block at lines 355-364,,,UNLABELED,YES,NO,SEE code-verification-results.csv,NO,NO,LOW,Use block-level verification record,Safe automated classification plus targeted tests; unexecuted blocks remain manual review.
7,Graph Coloring,/Users/medina/Projects/oer-books/advanced-algorithms-book/chapters/07-Computational-Complexity.qmd,PROOF,Famous Instance: The Four Color Theorem,,,,NO,NO,MANUAL REVIEW,NO,NO,LOW,Verify assumptions and terminology,line 377
7,Graph Coloring,/Users/medina/Projects/oer-books/advanced-algorithms-book/chapters/07-Computational-Complexity.qmd,MATHEMATICAL_CLAIM,- But deciding if a specific map needs only 3 colors is NP-complete!,,,,NO,NO,MANUAL REVIEW,NO,NO,LOW,Verify assumptions and terminology,line 380
7,3-SAT: The Special Case,/Users/medina/Projects/oer-books/advanced-algorithms-book/chapters/07-Computational-Complexity.qmd,PSEUDOCODE,Fenced block at lines 394-396,,,UNLABELED,YES,NO,SEE code-verification-results.csv,NO,NO,LOW,Use block-level verification record,Safe automated classification plus targeted tests; unexecuted blocks remain manual review.
7,3-SAT: The Special Case,/Users/medina/Projects/oer-books/advanced-algorithms-book/chapters/07-Computational-Complexity.qmd,MATHEMATICAL_CLAIM,- Still NP-complete,,,,NO,NO,MANUAL REVIEW,NO,NO,LOW,Verify assumptions and terminology,line 401
7,The Clique Problem,/Users/medina/Projects/oer-books/advanced-algorithms-book/chapters/07-Computational-Complexity.qmd,PSEUDOCODE,Fenced block at lines 412-415,,,UNLABELED,YES,NO,SEE code-verification-results.csv,NO,NO,LOW,Use block-level verification record,Safe automated classification plus targeted tests; unexecuted blocks remain manual review.
7,Proving NP-Completeness,/Users/medina/Projects/oer-books/advanced-algorithms-book/chapters/07-Computational-Complexity.qmd,MATHEMATICAL_CLAIM,Proving NP-Completeness,,,,NO,NO,MANUAL REVIEW,NO,NO,LOW,Verify assumptions and terminology,line 420
7,The Recipe for Proving NP-Completeness,/Users/medina/Projects/oer-books/advanced-algorithms-book/chapters/07-Computational-Complexity.qmd,MATHEMATICAL_CLAIM,The Recipe for Proving NP-Completeness,,,,NO,NO,MANUAL REVIEW,NO,NO,LOW,Verify assumptions and terminology,line 422
7,The Recipe for Proving NP-Completeness,/Users/medina/Projects/oer-books/advanced-algorithms-book/chapters/07-Computational-Complexity.qmd,MATHEMATICAL_CLAIM,To prove a new problem is NP-complete:,,,,NO,NO,MANUAL REVIEW,NO,NO,LOW,Verify assumptions and terminology,line 424
7,The Recipe for Proving NP-Completeness,/Users/medina/Projects/oer-books/advanced-algorithms-book/chapters/07-Computational-Complexity.qmd,MATHEMATICAL_CLAIM,2. Choose a known NP-complete problem (usually 3-SAT),,,,NO,NO,MANUAL REVIEW,NO,NO,LOW,Verify assumptions and terminology,line 427
7,The Recipe for Proving NP-Completeness,/Users/medina/Projects/oer-books/advanced-algorithms-book/chapters/07-Computational-Complexity.qmd,COMPLEXITY,5. Prove it runs in polynomial time,,polynomial time,,NO,NO,REVIEWED,NO,NO,LOW,Verify assumptions and terminology,line 430
7,Example: Proving Vertex Cover is NP-Complete,/Users/medina/Projects/oer-books/advanced-algorithms-book/chapters/07-Computational-Complexity.qmd,MATHEMATICAL_CLAIM,Example: Proving Vertex Cover is NP-Complete,,,,NO,NO,MANUAL REVIEW,NO,NO,LOW,Verify assumptions and terminology,line 432
7,Step 1: Show Vertex Cover is in NP,/Users/medina/Projects/oer-books/advanced-algorithms-book/chapters/07-Computational-Complexity.qmd,CODE,Fenced block at lines 442-452,,O(E),python,YES,CANDIDATE,SEE code-verification-results.csv,NO,NO,LOW,Use block-level verification record,Safe automated classification plus targeted tests; unexecuted blocks remain manual review.
7,Step 2: Choose a Known NP-Complete Problem,/Users/medina/Projects/oer-books/advanced-algorithms-book/chapters/07-Computational-Complexity.qmd,MATHEMATICAL_CLAIM,Step 2: Choose a Known NP-Complete Problem,,,,NO,NO,MANUAL REVIEW,NO,NO,LOW,Verify assumptions and terminology,line 455
7,Step 2: Choose a Known NP-Complete Problem,/Users/medina/Projects/oer-books/advanced-algorithms-book/chapters/07-Computational-Complexity.qmd,MATHEMATICAL_CLAIM,We'll reduce from 3-SAT (we know it's NP-complete).,,,,NO,NO,MANUAL REVIEW,NO,NO,LOW,Verify assumptions and terminology,line 457
7,Step 3: Construct the Reduction,/Users/medina/Projects/oer-books/advanced-algorithms-book/chapters/07-Computational-Complexity.qmd,PSEUDOCODE,Fenced block at lines 467-473,,,UNLABELED,YES,NO,SEE code-verification-results.csv,NO,NO,LOW,Use block-level verification record,Safe automated classification plus targeted tests; unexecuted blocks remain manual review.
7,Step 3: Construct the Reduction,/Users/medina/Projects/oer-books/advanced-algorithms-book/chapters/07-Computational-Complexity.qmd,PSEUDOCODE,Fenced block at lines 478-480,,,UNLABELED,YES,NO,SEE code-verification-results.csv,NO,NO,LOW,Use block-level verification record,Safe automated classification plus targeted tests; unexecuted blocks remain manual review.
7,Step 5: Prove Polynomial Time,/Users/medina/Projects/oer-books/advanced-algorithms-book/chapters/07-Computational-Complexity.qmd,COMPLEXITY,Step 5: Prove Polynomial Time,,Polynomial Time,,NO,NO,REVIEWED,NO,NO,LOW,Verify assumptions and terminology,line 492
7,Step 5: Prove Polynomial Time,/Users/medina/Projects/oer-books/advanced-algorithms-book/chapters/07-Computational-Complexity.qmd,COMPLEXITY,- Creating gadgets: O(clauses + variables),,O(clauses + variables),,NO,NO,REVIEWED,NO,NO,LOW,Verify assumptions and terminology,line 494
7,Step 5: Prove Polynomial Time,/Users/medina/Projects/oer-books/advanced-algorithms-book/chapters/07-Computational-Complexity.qmd,COMPLEXITY,- Connecting gadgets: O(clauses × 3),,O(clauses × 3),,NO,NO,REVIEWED,NO,NO,LOW,Verify assumptions and terminology,line 495
7,Step 5: Prove Polynomial Time,/Users/medina/Projects/oer-books/advanced-algorithms-book/chapters/07-Computational-Complexity.qmd,MATHEMATICAL_CLAIM,- Total: Polynomial! ✓,,,,NO,NO,MANUAL REVIEW,NO,NO,LOW,Verify assumptions and terminology,line 496
7,Step 5: Prove Polynomial Time,/Users/medina/Projects/oer-books/advanced-algorithms-book/chapters/07-Computational-Complexity.qmd,MATHEMATICAL_CLAIM,"Therefore, Vertex Cover is NP-complete!",,,,NO,NO,MANUAL REVIEW,NO,NO,LOW,Verify assumptions and terminology,line 498
7,Coping with NP-Completeness,/Users/medina/Projects/oer-books/advanced-algorithms-book/chapters/07-Computational-Complexity.qmd,MATHEMATICAL_CLAIM,Coping with NP-Completeness,,,,NO,NO,MANUAL REVIEW,NO,NO,LOW,Verify assumptions and terminology,line 502
7,When Your Problem is NP-Complete,/Users/medina/Projects/oer-books/advanced-algorithms-book/chapters/07-Computational-Complexity.qmd,MATHEMATICAL_CLAIM,When Your Problem is NP-Complete,,,,NO,NO,MANUAL REVIEW,NO,NO,LOW,Verify assumptions and terminology,line 504
7,When Your Problem is NP-Complete,/Users/medina/Projects/oer-books/advanced-algorithms-book/chapters/07-Computational-Complexity.qmd,MATHEMATICAL_CLAIM,Finding out your problem is NP-complete isn't the end—it's the beginning of finding practical solutions!,,,,NO,NO,MANUAL REVIEW,NO,NO,LOW,Verify assumptions and terminology,line 506
7,Example: 2-Approximation for Vertex Cover,/Users/medina/Projects/oer-books/advanced-algorithms-book/chapters/07-Computational-Complexity.qmd,CODE,Fenced block at lines 515-535,,O(E),python,YES,CANDIDATE,SEE code-verification-results.csv,NO,NO,LOW,Use block-level verification record,Safe automated classification plus targeted tests; unexecuted blocks remain manual review.
7,Example: 2-Approximation for Vertex Cover,/Users/medina/Projects/oer-books/advanced-algorithms-book/chapters/07-Computational-Complexity.qmd,MATHEMATICAL_CLAIM,Guarantee: This always finds a vertex cover at most twice the optimal size!,,,,NO,NO,MANUAL REVIEW,NO,NO,LOW,Verify assumptions and terminology,line 538
7,Strategy 2: Fixed-Parameter Tractability,/Users/medina/Projects/oer-books/advanced-algorithms-book/chapters/07-Computational-Complexity.qmd,MATHEMATICAL_CLAIM,"- If k is fixed, this is polynomial in n!",,,,NO,NO,MANUAL REVIEW,NO,NO,LOW,Verify assumptions and terminology,line 546
7,Strategy 3: Special Cases,/Users/medina/Projects/oer-books/advanced-algorithms-book/chapters/07-Computational-Complexity.qmd,MATHEMATICAL_CLAIM,- General TSP: NP-complete,,,,NO,NO,MANUAL REVIEW,NO,NO,LOW,Verify assumptions and terminology,line 553
7,Strategy 4: Heuristics That Work in Practice,/Users/medina/Projects/oer-books/advanced-algorithms-book/chapters/07-Computational-Complexity.qmd,MATHEMATICAL_CLAIM,"Idea: Use algorithms that work well on real instances, even without guarantees.",,,,NO,NO,MANUAL REVIEW,NO,NO,LOW,Verify assumptions and terminology,line 559
7,Example: SAT Solvers,/Users/medina/Projects/oer-books/advanced-algorithms-book/chapters/07-Computational-Complexity.qmd,CODE,Fenced block at lines 572-605,,,python,YES,CANDIDATE,SEE code-verification-results.csv,NO,NO,LOW,Use block-level verification record,Safe automated classification plus targeted tests; unexecuted blocks remain manual review.
7,Strategy 5: Randomization,/Users/medina/Projects/oer-books/advanced-algorithms-book/chapters/07-Computational-Complexity.qmd,MATHEMATICAL_CLAIM,Idea: Random choices can sometimes avoid worst cases.,,,,NO,NO,MANUAL REVIEW,NO,NO,LOW,Verify assumptions and terminology,line 610
7,Strategy 5: Randomization,/Users/medina/Projects/oer-books/advanced-algorithms-book/chapters/07-Computational-Complexity.qmd,CODE,Fenced block at lines 617-638,,polynomial time,python,YES,CANDIDATE,SEE code-verification-results.csv,NO,NO,LOW,Use block-level verification record,Safe automated classification plus targeted tests; unexecuted blocks remain manual review.
7,Strategy 6: Quantum Computing (Future?),/Users/medina/Projects/oer-books/advanced-algorithms-book/chapters/07-Computational-Complexity.qmd,MATHEMATICAL_CLAIM,The Promise: Quantum computers might solve some NP-complete problems faster.,,,,NO,NO,MANUAL REVIEW,NO,NO,LOW,Verify assumptions and terminology,line 643
7,Strategy 6: Quantum Computing (Future?),/Users/medina/Projects/oer-books/advanced-algorithms-book/chapters/07-Computational-Complexity.qmd,PROOF,- Still no proof quantum computers can solve NP-complete problems in polynomial time,,polynomial time,,NO,NO,MANUAL REVIEW,NO,NO,LOW,Verify assumptions and terminology,line 646
7,The Good,/Users/medina/Projects/oer-books/advanced-algorithms-book/chapters/07-Computational-Complexity.qmd,PROOF,- Automated theorem proving,,,,NO,NO,MANUAL REVIEW,NO,NO,LOW,Verify assumptions and terminology,line 673
7,If P ≠ NP: Status Quo (Probably),/Users/medina/Projects/oer-books/advanced-algorithms-book/chapters/07-Computational-Complexity.qmd,COMPLEXITY,If P ≠ NP: Status Quo (Probably),,o (Probably),,NO,NO,REVIEWED,NO,NO,LOW,Verify assumptions and terminology,line 687
7,Other Complexity Classes,/Users/medina/Projects/oer-books/advanced-algorithms-book/chapters/07-Computational-Complexity.qmd,MATHEMATICAL_CLAIM,Other Complexity Classes,,,,NO,NO,MANUAL REVIEW,NO,NO,LOW,Verify assumptions and terminology,line 706
7,Other Complexity Classes,/Users/medina/Projects/oer-books/advanced-algorithms-book/chapters/07-Computational-Complexity.qmd,MATHEMATICAL_CLAIM,The complexity zoo has many inhabitants:,,,,NO,NO,MANUAL REVIEW,NO,NO,LOW,Verify assumptions and terminology,line 708
7,NP-Hard: Even Harder Than NP-Complete,/Users/medina/Projects/oer-books/advanced-algorithms-book/chapters/07-Computational-Complexity.qmd,MATHEMATICAL_CLAIM,NP-Hard: Even Harder Than NP-Complete,,,,NO,NO,MANUAL REVIEW,NO,NO,LOW,Verify assumptions and terminology,line 710
7,NP-Hard: Even Harder Than NP-Complete,/Users/medina/Projects/oer-books/advanced-algorithms-book/chapters/07-Computational-Complexity.qmd,MATHEMATICAL_CLAIM,"Problems at least as hard as NP-complete, but might not be in NP.",,,,NO,NO,MANUAL REVIEW,NO,NO,LOW,Verify assumptions and terminology,line 712
7,NP-Hard: Even Harder Than NP-Complete,/Users/medina/Projects/oer-books/advanced-algorithms-book/chapters/07-Computational-Complexity.qmd,MATHEMATICAL_CLAIM,"- Decision TSP: ""Is there a route ≤ 100 miles?"" (NP-complete)",,,,NO,NO,MANUAL REVIEW,NO,NO,LOW,Verify assumptions and terminology,line 715
7,NP-Hard: Even Harder Than NP-Complete,/Users/medina/Projects/oer-books/advanced-algorithms-book/chapters/07-Computational-Complexity.qmd,MATHEMATICAL_CLAIM,"- Optimization TSP: ""What's the shortest route?"" (NP-hard, not known to be in NP)",,,,NO,NO,MANUAL REVIEW,NO,NO,LOW,Verify assumptions and terminology,line 716
7,co-NP: The Flip Side,/Users/medina/Projects/oer-books/advanced-algorithms-book/chapters/07-Computational-Complexity.qmd,PROOF,"Problems where ""NO"" answers have short proofs.",,,,NO,NO,MANUAL REVIEW,NO,NO,LOW,Verify assumptions and terminology,line 720
7,co-NP: The Flip Side,/Users/medina/Projects/oer-books/advanced-algorithms-book/chapters/07-Computational-Complexity.qmd,MATHEMATICAL_CLAIM,"- SAT: ""Is this formula satisfiable?"" (NP-complete)",,,,NO,NO,MANUAL REVIEW,NO,NO,LOW,Verify assumptions and terminology,line 723
7,co-NP: The Flip Side,/Users/medina/Projects/oer-books/advanced-algorithms-book/chapters/07-Computational-Complexity.qmd,MATHEMATICAL_CLAIM,"- UNSAT: ""Is this formula unsatisfiable?"" (co-NP-complete)",,,,NO,NO,MANUAL REVIEW,NO,NO,LOW,Verify assumptions and terminology,line 724
7,PSPACE: Problems Solvable with Polynomial Space,/Users/medina/Projects/oer-books/advanced-algorithms-book/chapters/07-Computational-Complexity.qmd,COMPLEXITY,PSPACE: Problems Solvable with Polynomial Space,,Polynomial Space,,NO,NO,REVIEWED,NO,NO,LOW,Verify assumptions and terminology,line 726
7,The Complexity Hierarchy,/Users/medina/Projects/oer-books/advanced-algorithms-book/chapters/07-Computational-Complexity.qmd,MATHEMATICAL_CLAIM,The Complexity Hierarchy,,,,NO,NO,MANUAL REVIEW,NO,NO,LOW,Verify assumptions and terminology,line 742
7,The Complexity Hierarchy,/Users/medina/Projects/oer-books/advanced-algorithms-book/chapters/07-Computational-Complexity.qmd,PSEUDOCODE,Fenced block at lines 745-759,,Exponential Time Polynomial Space Polynomial Time Logarithmic Space,UNLABELED,YES,NO,SEE code-verification-results.csv,NO,NO,LOW,Use block-level verification record,Safe automated classification plus targeted tests; unexecuted blocks remain manual review.
7,Case Study 1: The Netflix Prize,/Users/medina/Projects/oer-books/advanced-algorithms-book/chapters/07-Computational-Complexity.qmd,MATHEMATICAL_CLAIM,The Hidden NP-Complete Problem:,,,,NO,NO,MANUAL REVIEW,NO,NO,LOW,Verify assumptions and terminology,line 774
7,Case Study 1: The Netflix Prize,/Users/medina/Projects/oer-books/advanced-algorithms-book/chapters/07-Computational-Complexity.qmd,MATHEMATICAL_CLAIM,- Matrix completion is NP-hard,,,,NO,NO,MANUAL REVIEW,NO,NO,LOW,Verify assumptions and terminology,line 775
7,Case Study 1: The Netflix Prize,/Users/medina/Projects/oer-books/advanced-algorithms-book/chapters/07-Computational-Complexity.qmd,MATHEMATICAL_CLAIM,- Finding optimal features is NP-complete,,,,NO,NO,MANUAL REVIEW,NO,NO,LOW,Verify assumptions and terminology,line 776
7,Case Study 1: The Netflix Prize,/Users/medina/Projects/oer-books/advanced-algorithms-book/chapters/07-Computational-Complexity.qmd,MATHEMATICAL_CLAIM,"Lesson: Real problems often hide NP-complete subproblems, but approximations work!",,,,NO,NO,MANUAL REVIEW,NO,NO,LOW,Verify assumptions and terminology,line 779
7,Case Study 2: Protein Folding,/Users/medina/Projects/oer-books/advanced-algorithms-book/chapters/07-Computational-Complexity.qmd,MATHEMATICAL_CLAIM,The Complexity:,,,,NO,NO,MANUAL REVIEW,NO,NO,LOW,Verify assumptions and terminology,line 785
7,Case Study 2: Protein Folding,/Users/medina/Projects/oer-books/advanced-algorithms-book/chapters/07-Computational-Complexity.qmd,MATHEMATICAL_CLAIM,- General protein folding is NP-hard,,,,NO,NO,MANUAL REVIEW,NO,NO,LOW,Verify assumptions and terminology,line 786
7,Case Study 2: Protein Folding,/Users/medina/Projects/oer-books/advanced-algorithms-book/chapters/07-Computational-Complexity.qmd,MATHEMATICAL_CLAIM,- Even simplified models (HP model) are NP-complete,,,,NO,NO,MANUAL REVIEW,NO,NO,LOW,Verify assumptions and terminology,line 787
7,Case Study 2: Protein Folding,/Users/medina/Projects/oer-books/advanced-algorithms-book/chapters/07-Computational-Complexity.qmd,MATHEMATICAL_CLAIM,- Shows that NP-hard doesn't mean unsolvable in practice,,,,NO,NO,MANUAL REVIEW,NO,NO,LOW,Verify assumptions and terminology,line 792
7,Case Study 3: Modern SAT Solvers,/Users/medina/Projects/oer-books/advanced-algorithms-book/chapters/07-Computational-Complexity.qmd,MATHEMATICAL_CLAIM,"Despite being NP-complete, SAT solvers handle huge problems:",,,,NO,NO,MANUAL REVIEW,NO,NO,LOW,Verify assumptions and terminology,line 796
7,Case Study 4: Uber's Routing Problem,/Users/medina/Projects/oer-books/advanced-algorithms-book/chapters/07-Computational-Complexity.qmd,MATHEMATICAL_CLAIM,- Multiple pickups/dropoffs = NP-hard,,,,NO,NO,MANUAL REVIEW,NO,NO,LOW,Verify assumptions and terminology,line 815
7,Conceptual Understanding,/Users/medina/Projects/oer-books/advanced-algorithms-book/chapters/07-Computational-Complexity.qmd,MATHEMATICAL_CLAIM,"Classify each problem as P, NP, NP-complete, or unknown:",,,,NO,NO,MANUAL REVIEW,NO,NO,LOW,Verify assumptions and terminology,line 832
7,Conceptual Understanding,/Users/medina/Projects/oer-books/advanced-algorithms-book/chapters/07-Computational-Complexity.qmd,MATHEMATICAL_CLAIM,Show that the following problems are NP-complete:,,,,NO,NO,MANUAL REVIEW,NO,NO,LOW,Verify assumptions and terminology,line 844
7,Implementation Exercises,/Users/medina/Projects/oer-books/advanced-algorithms-book/chapters/07-Computational-Complexity.qmd,MATHEMATICAL_CLAIM,Implement polynomial-time verifiers for:,,,,NO,NO,MANUAL REVIEW,NO,NO,LOW,Verify assumptions and terminology,line 861
7,Implementation Exercises,/Users/medina/Projects/oer-books/advanced-algorithms-book/chapters/07-Computational-Complexity.qmd,CODE,Fenced block at lines 864-883,,O(n) O(E) O(n),python,YES,CANDIDATE,SEE code-verification-results.csv,NO,NO,LOW,Use block-level verification record,Safe automated classification plus targeted tests; unexecuted blocks remain manual review.
7,Implementation Exercises,/Users/medina/Projects/oer-books/advanced-algorithms-book/chapters/07-Computational-Complexity.qmd,CODE,Fenced block at lines 890-906,,,python,YES,CANDIDATE,SEE code-verification-results.csv,NO,NO,LOW,Use block-level verification record,Safe automated classification plus targeted tests; unexecuted blocks remain manual review.
7,Implementation Exercises,/Users/medina/Projects/oer-books/advanced-algorithms-book/chapters/07-Computational-Complexity.qmd,CODE,Fenced block at lines 913-919,,,python,YES,CANDIDATE,SEE code-verification-results.csv,NO,NO,LOW,Use block-level verification record,Safe automated classification plus targeted tests; unexecuted blocks remain manual review.
7,Analysis Problems,/Users/medina/Projects/oer-books/advanced-algorithms-book/chapters/07-Computational-Complexity.qmd,MATHEMATICAL_CLAIM,7.7 Complexity Analysis,,,,NO,NO,MANUAL REVIEW,NO,NO,LOW,Verify assumptions and terminology,line 924
7,Analysis Problems,/Users/medina/Projects/oer-books/advanced-algorithms-book/chapters/07-Computational-Complexity.qmd,COMPLEXITY,a) O(n^100) algorithm for 3-SAT,,O(n^100),,NO,NO,REVIEWED,NO,NO,LOW,Verify assumptions and terminology,line 927
7,Analysis Problems,/Users/medina/Projects/oer-books/advanced-algorithms-book/chapters/07-Computational-Complexity.qmd,COMPLEXITY,b) O(2^√n) algorithm for TSP,,O(2^√n),,NO,NO,REVIEWED,NO,NO,LOW,Verify assumptions and terminology,line 928
7,Analysis Problems,/Users/medina/Projects/oer-books/advanced-algorithms-book/chapters/07-Computational-Complexity.qmd,COMPLEXITY,c) O(n^log n) algorithm for Clique,,O(n^log n),,NO,NO,REVIEWED,NO,NO,LOW,Verify assumptions and terminology,line 929
7,Analysis Problems,/Users/medina/Projects/oer-books/advanced-algorithms-book/chapters/07-Computational-Complexity.qmd,MATHEMATICAL_CLAIM,d) Quantum polynomial algorithm for Factoring,,,,NO,NO,MANUAL REVIEW,NO,NO,LOW,Verify assumptions and terminology,line 930
7,Analysis Problems,/Users/medina/Projects/oer-books/advanced-algorithms-book/chapters/07-Computational-Complexity.qmd,MATHEMATICAL_CLAIM,Identify special cases where NP-complete problems become easy:,,,,NO,NO,MANUAL REVIEW,NO,NO,LOW,Verify assumptions and terminology,line 933
7,Analysis Problems,/Users/medina/Projects/oer-books/advanced-algorithms-book/chapters/07-Computational-Complexity.qmd,MATHEMATICAL_CLAIM,Model these real problems and identify their complexity:,,,,NO,NO,MANUAL REVIEW,NO,NO,LOW,Verify assumptions and terminology,line 941
7,Key Takeaways,/Users/medina/Projects/oer-books/advanced-algorithms-book/chapters/07-Computational-Complexity.qmd,MATHEMATICAL_CLAIM,1. The Complexity Hierarchy,,,,NO,NO,MANUAL REVIEW,NO,NO,LOW,Verify assumptions and terminology,line 954
7,Key Takeaways,/Users/medina/Projects/oer-books/advanced-algorithms-book/chapters/07-Computational-Complexity.qmd,MATHEMATICAL_CLAIM,- NP-complete: The hardest problems in NP,,,,NO,NO,MANUAL REVIEW,NO,NO,LOW,Verify assumptions and terminology,line 957
7,Key Takeaways,/Users/medina/Projects/oer-books/advanced-algorithms-book/chapters/07-Computational-Complexity.qmd,MATHEMATICAL_CLAIM,2. Recognizing NP-Completeness,,,,NO,NO,MANUAL REVIEW,NO,NO,LOW,Verify assumptions and terminology,line 960
7,Key Takeaways,/Users/medina/Projects/oer-books/advanced-algorithms-book/chapters/07-Computational-Complexity.qmd,MATHEMATICAL_CLAIM,"- ""Find the best"" often means NP-hard",,,,NO,NO,MANUAL REVIEW,NO,NO,LOW,Verify assumptions and terminology,line 962
7,Key Takeaways,/Users/medina/Projects/oer-books/advanced-algorithms-book/chapters/07-Computational-Complexity.qmd,MATHEMATICAL_CLAIM,3. Proving NP-Completeness,,,,NO,NO,MANUAL REVIEW,NO,NO,LOW,Verify assumptions and terminology,line 965
7,Key Takeaways,/Users/medina/Projects/oer-books/advanced-algorithms-book/chapters/07-Computational-Complexity.qmd,MATHEMATICAL_CLAIM,- Reduce from known NP-complete problem,,,,NO,NO,MANUAL REVIEW,NO,NO,LOW,Verify assumptions and terminology,line 967
7,Key Takeaways,/Users/medina/Projects/oer-books/advanced-algorithms-book/chapters/07-Computational-Complexity.qmd,COMPLEXITY,- Ensure reduction is polynomial time,,polynomial time,,NO,NO,REVIEWED,NO,NO,LOW,Verify assumptions and terminology,line 968
7,Key Takeaways,/Users/medina/Projects/oer-books/advanced-algorithms-book/chapters/07-Computational-Complexity.qmd,MATHEMATICAL_CLAIM,- NP-complete ≠ impossible,,,,NO,NO,MANUAL REVIEW,NO,NO,LOW,Verify assumptions and terminology,line 977
7,Key Takeaways,/Users/medina/Projects/oer-books/advanced-algorithms-book/chapters/07-Computational-Complexity.qmd,MATHEMATICAL_CLAIM,- Many NP-complete problems solved daily,,,,NO,NO,MANUAL REVIEW,NO,NO,LOW,Verify assumptions and terminology,line 978
7,Key Takeaways,/Users/medina/Projects/oer-books/advanced-algorithms-book/chapters/07-Computational-Complexity.qmd,MATHEMATICAL_CLAIM,- Understanding complexity guides approach,,,,NO,NO,MANUAL REVIEW,NO,NO,LOW,Verify assumptions and terminology,line 979
7,The Big Picture,/Users/medina/Projects/oer-books/advanced-algorithms-book/chapters/07-Computational-Complexity.qmd,MATHEMATICAL_CLAIM,Understanding computational complexity is like understanding physics:,,,,NO,NO,MANUAL REVIEW,NO,NO,LOW,Verify assumptions and terminology,line 984
7,The Big Picture,/Users/medina/Projects/oer-books/advanced-algorithms-book/chapters/07-Computational-Complexity.qmd,COMPLEXITY,- You (probably) can't solve NP-complete problems in polynomial time,,polynomial time,,NO,NO,REVIEWED,NO,NO,LOW,Verify assumptions and terminology,line 986
7,A Final Perspective,/Users/medina/Projects/oer-books/advanced-algorithms-book/chapters/07-Computational-Complexity.qmd,MATHEMATICAL_CLAIM,"2. If it seems hard, check if it's NP-complete - Stop looking for perfect polynomial solution",,,,NO,NO,MANUAL REVIEW,NO,NO,LOW,Verify assumptions and terminology,line 994
7,A Final Perspective,/Users/medina/Projects/oer-books/advanced-algorithms-book/chapters/07-Computational-Complexity.qmd,MATHEMATICAL_CLAIM,"3. If NP-complete, choose your weapon:",,,,NO,NO,MANUAL REVIEW,NO,NO,LOW,Verify assumptions and terminology,line 995
7,The Ongoing Quest,/Users/medina/Projects/oer-books/advanced-algorithms-book/chapters/07-Computational-Complexity.qmd,MATHEMATICAL_CLAIM,"The P vs NP question remains open. But even without the answer, understanding computational complexity has revolutionized how we approach problems. We know what's possible, what's practical, and what's worth attempting.",,,,NO,NO,MANUAL REVIEW,NO,NO,LOW,Verify assumptions and terminology,line 1003
7,Next Chapter Preview,/Users/medina/Projects/oer-books/advanced-algorithms-book/chapters/07-Computational-Complexity.qmd,MATHEMATICAL_CLAIM,"In Chapter 8, we'll explore Approximation Algorithms—the art of finding near-optimal solutions to NP-hard problems. Because in the real world, ""good enough"" often is!",,,,NO,NO,MANUAL REVIEW,NO,NO,LOW,Verify assumptions and terminology,line 1013
7,Final Thought,/Users/medina/Projects/oer-books/advanced-algorithms-book/chapters/07-Computational-Complexity.qmd,MATHEMATICAL_CLAIM,"""The question of whether P equals NP is not just about complexity theory. It's about the nature of creativity, the limits of intelligence, and the fundamental capabilities of the universe to process information.""",,,,NO,NO,MANUAL REVIEW,NO,NO,LOW,Verify assumptions and terminology,line 1017
7,Final Thought,/Users/medina/Projects/oer-books/advanced-algorithms-book/chapters/07-Computational-Complexity.qmd,MATHEMATICAL_CLAIM,"NP-completeness isn't a wall—it's a signpost. It tells us when to stop looking for perfect solutions and start looking for clever alternatives. Master this perspective, and you'll never waste time trying to solve the impossible!",,,,NO,NO,MANUAL REVIEW,NO,NO,LOW,Verify assumptions and terminology,line 1019
8,Introduction: The 99% Solution {.unnumbered},/Users/medina/Projects/oer-books/advanced-algorithms-book/chapters/08-Approximation-Algorithms.qmd,MATHEMATICAL_CLAIM,"Imagine you're planning a road trip to visit 50 tourist attractions across the country. Finding the absolute shortest route is an NP-hard optimization problem and can require impractical computation. But what if I told you that in just a few seconds, we could find a route with a provable bound on how far it is from the shortest possible route? Would you take it?",,,,NO,NO,MANUAL REVIEW,NO,NO,LOW,Verify assumptions and terminology,line 11
8,Introduction: The 99% Solution {.unnumbered},/Users/medina/Projects/oer-books/advanced-algorithms-book/chapters/08-Approximation-Algorithms.qmd,MATHEMATICAL_CLAIM,This is the essence of approximation algorithms: trading perfection for practicality while maintaining mathematical guarantees about solution quality.,,,,NO,NO,MANUAL REVIEW,NO,NO,LOW,Verify assumptions and terminology,line 15
8,A Real-World Success Story {.unnumbered},/Users/medina/Projects/oer-books/advanced-algorithms-book/chapters/08-Approximation-Algorithms.qmd,MATHEMATICAL_CLAIM,"UPS has used algorithmic route optimization for delivery routing, a family of problems related to the NP-hard Vehicle Routing Problem. Precise dates, guarantees, and savings figures require authoritative sourcing; they are deferred to the freshness and citation pass.",,,,NO,NO,MANUAL REVIEW,NO,NO,LOW,Verify assumptions and terminology,line 19
8,A Real-World Success Story {.unnumbered},/Users/medina/Projects/oer-books/advanced-algorithms-book/chapters/08-Approximation-Algorithms.qmd,MATHEMATICAL_CLAIM,"The key technical distinction is that an approximation algorithm comes with a proved worst-case quality guarantee, whereas a heuristic may work well empirically without such a guarantee.",,,,NO,NO,MANUAL REVIEW,YES,YES,MEDIUM,Verify assumptions and terminology,line 21
8,Why Approximation Algorithms Matter {.unnumbered},/Users/medina/Projects/oer-books/advanced-algorithms-book/chapters/08-Approximation-Algorithms.qmd,MATHEMATICAL_CLAIM,"When faced with an NP-hard problem, you have several options:",,,,NO,NO,MANUAL REVIEW,NO,NO,LOW,Verify assumptions and terminology,line 25
8,Why Approximation Algorithms Matter {.unnumbered},/Users/medina/Projects/oer-books/advanced-algorithms-book/chapters/08-Approximation-Algorithms.qmd,MATHEMATICAL_CLAIM,2. Heuristics - Fast but no quality guarantee,,,,NO,NO,MANUAL REVIEW,NO,NO,LOW,Verify assumptions and terminology,line 28
8,Why Approximation Algorithms Matter {.unnumbered},/Users/medina/Projects/oer-books/advanced-algorithms-book/chapters/08-Approximation-Algorithms.qmd,MATHEMATICAL_CLAIM,3. Approximation algorithms - Fast WITH quality guarantees ✨,,,,NO,NO,MANUAL REVIEW,NO,NO,LOW,Verify assumptions and terminology,line 29
8,The Approximation Guarantee {.unnumbered},/Users/medina/Projects/oer-books/advanced-algorithms-book/chapters/08-Approximation-Algorithms.qmd,MATHEMATICAL_CLAIM,The Approximation Guarantee {.unnumbered},,,,NO,NO,MANUAL REVIEW,NO,NO,LOW,Verify assumptions and terminology,line 33
8,The Approximation Guarantee {.unnumbered},/Users/medina/Projects/oer-books/advanced-algorithms-book/chapters/08-Approximation-Algorithms.qmd,MATHEMATICAL_CLAIM,- Algorithm solution ≤ α × optimal solution,,,,NO,NO,MANUAL REVIEW,NO,NO,LOW,Verify assumptions and terminology,line 38
8,The Approximation Guarantee {.unnumbered},/Users/medina/Projects/oer-books/advanced-algorithms-book/chapters/08-Approximation-Algorithms.qmd,MATHEMATICAL_CLAIM,- Algorithm solution ≥ (1/α) × optimal solution,,,,NO,NO,MANUAL REVIEW,NO,NO,LOW,Verify assumptions and terminology,line 41
8,The Approximation Guarantee {.unnumbered},/Users/medina/Projects/oer-books/advanced-algorithms-book/chapters/08-Approximation-Algorithms.qmd,COMPLEXITY,Where α is the approximation ratio (α ≥ 1).,,o (α ≥ 1),,NO,NO,REVIEWED,NO,NO,LOW,Verify assumptions and terminology,line 43
8,What You'll Learn {.unnumbered},/Users/medina/Projects/oer-books/advanced-algorithms-book/chapters/08-Approximation-Algorithms.qmd,MATHEMATICAL_CLAIM,1. Design approximation algorithms with provable guarantees,,,,NO,NO,MANUAL REVIEW,NO,NO,LOW,Verify assumptions and terminology,line 53
8,What You'll Learn {.unnumbered},/Users/medina/Projects/oer-books/advanced-algorithms-book/chapters/08-Approximation-Algorithms.qmd,MATHEMATICAL_CLAIM,"By the end, you'll have a powerful toolkit for tackling NP-hard problems in the real world!",,,,NO,NO,MANUAL REVIEW,NO,NO,LOW,Verify assumptions and terminology,line 59
8,The Lemonade Stand Location Problem,/Users/medina/Projects/oer-books/advanced-algorithms-book/chapters/08-Approximation-Algorithms.qmd,MATHEMATICAL_CLAIM,Optimal Solution: NP-hard to find!,,,,NO,NO,MANUAL REVIEW,NO,NO,LOW,Verify assumptions and terminology,line 73
8,The Lemonade Stand Location Problem,/Users/medina/Projects/oer-books/advanced-algorithms-book/chapters/08-Approximation-Algorithms.qmd,CODE,Fenced block at lines 81-109,,,python,YES,CANDIDATE,SEE code-verification-results.csv,NO,NO,LOW,Use block-level verification record,Safe automated classification plus targeted tests; unexecuted blocks remain manual review.
8,The Lemonade Stand Location Problem,/Users/medina/Projects/oer-books/advanced-algorithms-book/chapters/08-Approximation-Algorithms.qmd,PROOF,Proof intuition:,,,,NO,NO,MANUAL REVIEW,NO,NO,LOW,Verify assumptions and terminology,line 114
8,The Lemonade Stand Location Problem,/Users/medina/Projects/oer-books/advanced-algorithms-book/chapters/08-Approximation-Algorithms.qmd,MATHEMATICAL_CLAIM,- The optimal solution must also cover these houses,,,,NO,NO,MANUAL REVIEW,NO,NO,LOW,Verify assumptions and terminology,line 116
8,The Lemonade Stand Location Problem,/Users/medina/Projects/oer-books/advanced-algorithms-book/chapters/08-Approximation-Algorithms.qmd,MATHEMATICAL_CLAIM,"- In the worst case, optimal places stands perfectly between our stands",,,,NO,NO,MANUAL REVIEW,NO,NO,LOW,Verify assumptions and terminology,line 117
8,The Lemonade Stand Location Problem,/Users/medina/Projects/oer-books/advanced-algorithms-book/chapters/08-Approximation-Algorithms.qmd,MATHEMATICAL_CLAIM,- But that means optimal needs at least half as many stands as we use,,,,NO,NO,MANUAL REVIEW,NO,NO,LOW,Verify assumptions and terminology,line 118
8,The Lemonade Stand Location Problem,/Users/medina/Projects/oer-books/advanced-algorithms-book/chapters/08-Approximation-Algorithms.qmd,MATHEMATICAL_CLAIM,- Therefore: our solution ≤ 2 × optimal,,,,NO,NO,MANUAL REVIEW,NO,NO,LOW,Verify assumptions and terminology,line 119
8,Types of Approximation Guarantees,/Users/medina/Projects/oer-books/advanced-algorithms-book/chapters/08-Approximation-Algorithms.qmd,MATHEMATICAL_CLAIM,Types of Approximation Guarantees,,,,NO,NO,MANUAL REVIEW,NO,NO,LOW,Verify assumptions and terminology,line 121
8,Constant Factor Approximation,/Users/medina/Projects/oer-books/advanced-algorithms-book/chapters/08-Approximation-Algorithms.qmd,MATHEMATICAL_CLAIM,Definition: Algorithm always within constant factor of optimal.,,,,NO,NO,MANUAL REVIEW,NO,NO,LOW,Verify assumptions and terminology,line 125
8,Constant Factor Approximation,/Users/medina/Projects/oer-books/advanced-algorithms-book/chapters/08-Approximation-Algorithms.qmd,MATHEMATICAL_CLAIM,- Your solution ≤ 2 × optimal,,,,NO,NO,MANUAL REVIEW,NO,NO,LOW,Verify assumptions and terminology,line 128
8,Logarithmic Approximation,/Users/medina/Projects/oer-books/advanced-algorithms-book/chapters/08-Approximation-Algorithms.qmd,COMPLEXITY,Example: O(log n)-approximation for Set Cover,,O(log n),,NO,NO,REVIEWED,NO,NO,LOW,Verify assumptions and terminology,line 136
8,Logarithmic Approximation,/Users/medina/Projects/oer-books/advanced-algorithms-book/chapters/08-Approximation-Algorithms.qmd,MATHEMATICAL_CLAIM,- Your solution ≤ (ln n) × optimal,,,,NO,NO,MANUAL REVIEW,NO,NO,LOW,Verify assumptions and terminology,line 137
8,Polynomial Approximation Schemes (PTAS),/Users/medina/Projects/oer-books/advanced-algorithms-book/chapters/08-Approximation-Algorithms.qmd,MATHEMATICAL_CLAIM,Polynomial Approximation Schemes (PTAS),,,,NO,NO,MANUAL REVIEW,NO,NO,LOW,Verify assumptions and terminology,line 141
8,Polynomial Approximation Schemes (PTAS),/Users/medina/Projects/oer-books/advanced-algorithms-book/chapters/08-Approximation-Algorithms.qmd,MATHEMATICAL_CLAIM,"Definition: Get arbitrarily close to optimal, but time grows with accuracy.",,,,NO,NO,MANUAL REVIEW,NO,NO,LOW,Verify assumptions and terminology,line 143
8,Polynomial Approximation Schemes (PTAS),/Users/medina/Projects/oer-books/advanced-algorithms-book/chapters/08-Approximation-Algorithms.qmd,COMPLEXITY,- Runtime like O(n^(1/ε)) - polynomial for fixed ε,,O(n^(1/ε),,NO,NO,REVIEWED,NO,NO,LOW,Verify assumptions and terminology,line 148
8,The Traveling Salesman Problem (General),/Users/medina/Projects/oer-books/advanced-algorithms-book/chapters/08-Approximation-Algorithms.qmd,MATHEMATICAL_CLAIM,- Even getting within 1000000 × optimal is NP-hard!,,,,NO,NO,MANUAL REVIEW,NO,NO,LOW,Verify assumptions and terminology,line 158
8,The Traveling Salesman Problem (General),/Users/medina/Projects/oer-books/advanced-algorithms-book/chapters/08-Approximation-Algorithms.qmd,MATHEMATICAL_CLAIM,"Why? If we could approximate general TSP, we could solve Hamiltonian Cycle (NP-complete).",,,,NO,NO,MANUAL REVIEW,NO,NO,LOW,Verify assumptions and terminology,line 160
8,Clique Problem,/Users/medina/Projects/oer-books/advanced-algorithms-book/chapters/08-Approximation-Algorithms.qmd,MATHEMATICAL_CLAIM,- Can't even guarantee finding a clique of size 10 when optimal is 100!,,,,NO,NO,MANUAL REVIEW,NO,NO,LOW,Verify assumptions and terminology,line 167
8,The Approximation Algorithm Design Process,/Users/medina/Projects/oer-books/advanced-algorithms-book/chapters/08-Approximation-Algorithms.qmd,COMPLEXITY,- Must run in polynomial time,,polynomial time,,NO,NO,REVIEWED,NO,NO,LOW,Verify assumptions and terminology,line 177
8,The Approximation Algorithm Design Process,/Users/medina/Projects/oer-books/advanced-algorithms-book/chapters/08-Approximation-Algorithms.qmd,MATHEMATICAL_CLAIM,- Compare to optimal (without finding it!),,,,NO,NO,MANUAL REVIEW,NO,NO,LOW,Verify assumptions and terminology,line 180
8,The Naive Approach,/Users/medina/Projects/oer-books/advanced-algorithms-book/chapters/08-Approximation-Algorithms.qmd,CODE,Fenced block at lines 203-220,,exponential time,python,YES,CANDIDATE,SEE code-verification-results.csv,NO,NO,LOW,Use block-level verification record,Safe automated classification plus targeted tests; unexecuted blocks remain manual review.
8,The Naive Approach,/Users/medina/Projects/oer-books/advanced-algorithms-book/chapters/08-Approximation-Algorithms.qmd,COMPLEXITY,Time: O(2^n × m) - Impossibly slow for n > 20!,,O(2^n × m),,NO,NO,REVIEWED,NO,NO,LOW,Verify assumptions and terminology,line 223
8,The Greedy 2-Approximation,/Users/medina/Projects/oer-books/advanced-algorithms-book/chapters/08-Approximation-Algorithms.qmd,CODE,Fenced block at lines 230-269,,O(V + E),python,YES,CANDIDATE,SEE code-verification-results.csv,NO,NO,LOW,Use block-level verification record,Safe automated classification plus targeted tests; unexecuted blocks remain manual review.
8,Why This is a 2-Approximation,/Users/medina/Projects/oer-books/advanced-algorithms-book/chapters/08-Approximation-Algorithms.qmd,PROOF,The Brilliant Proof:,,,,NO,NO,MANUAL REVIEW,NO,NO,LOW,Verify assumptions and terminology,line 274
8,Why This is a 2-Approximation,/Users/medina/Projects/oer-books/advanced-algorithms-book/chapters/08-Approximation-Algorithms.qmd,MATHEMATICAL_CLAIM,- Optimal cover needs at least |M| vertices,,,,NO,NO,MANUAL REVIEW,NO,NO,LOW,Verify assumptions and terminology,line 282
8,Why This is a 2-Approximation,/Users/medina/Projects/oer-books/advanced-algorithms-book/chapters/08-Approximation-Algorithms.qmd,PROOF,Visual Proof:,,,,NO,NO,MANUAL REVIEW,NO,NO,LOW,Verify assumptions and terminology,line 288
8,Why This is a 2-Approximation,/Users/medina/Projects/oer-books/advanced-algorithms-book/chapters/08-Approximation-Algorithms.qmd,PSEUDOCODE,Fenced block at lines 290-293,,,UNLABELED,YES,NO,SEE code-verification-results.csv,NO,NO,LOW,Use block-level verification record,Safe automated classification plus targeted tests; unexecuted blocks remain manual review.
8,An Improved Algorithm: Maximum Matching,/Users/medina/Projects/oer-books/advanced-algorithms-book/chapters/08-Approximation-Algorithms.qmd,CODE,Fenced block at lines 299-316,,,python,YES,CANDIDATE,SEE code-verification-results.csv,NO,NO,LOW,Use block-level verification record,Safe automated classification plus targeted tests; unexecuted blocks remain manual review.
8,Can We Do Better Than 2?,/Users/medina/Projects/oer-books/advanced-algorithms-book/chapters/08-Approximation-Algorithms.qmd,CODE,Fenced block at lines 326-356,,polynomial time,python,YES,CANDIDATE,SEE code-verification-results.csv,NO,NO,LOW,Use block-level verification record,Safe automated classification plus targeted tests; unexecuted blocks remain manual review.
8,The 2-Approximation Algorithm,/Users/medina/Projects/oer-books/advanced-algorithms-book/chapters/08-Approximation-Algorithms.qmd,CODE,Fenced block at lines 379-460,,O(V² log V),python,YES,CANDIDATE,SEE code-verification-results.csv,NO,NO,LOW,Use block-level verification record,Safe automated classification plus targeted tests; unexecuted blocks remain manual review.
8,Why This is a 2-Approximation,/Users/medina/Projects/oer-books/advanced-algorithms-book/chapters/08-Approximation-Algorithms.qmd,PROOF,The Proof:,,,,NO,NO,MANUAL REVIEW,NO,NO,LOW,Verify assumptions and terminology,line 465
8,Why This is a 2-Approximation,/Users/medina/Projects/oer-books/advanced-algorithms-book/chapters/08-Approximation-Algorithms.qmd,MATHEMATICAL_CLAIM,- Optimal TSP tour minus one edge is a spanning tree,,,,NO,NO,MANUAL REVIEW,NO,NO,LOW,Verify assumptions and terminology,line 468
8,Christofides Algorithm: 1.5-Approximation,/Users/medina/Projects/oer-books/advanced-algorithms-book/chapters/08-Approximation-Algorithms.qmd,CODE,Fenced block at lines 488-591,,O(V³),python,YES,CANDIDATE,SEE code-verification-results.csv,NO,NO,LOW,Use block-level verification record,Safe automated classification plus targeted tests; unexecuted blocks remain manual review.
8,Christofides Algorithm: 1.5-Approximation,/Users/medina/Projects/oer-books/advanced-algorithms-book/chapters/08-Approximation-Algorithms.qmd,MATHEMATICAL_CLAIM,2. Matching weight ≤ OPT/2 (clever argument using optimal tour on odd vertices),,,,NO,NO,MANUAL REVIEW,NO,NO,LOW,Verify assumptions and terminology,line 597
8,The Greedy Algorithm,/Users/medina/Projects/oer-books/advanced-algorithms-book/chapters/08-Approximation-Algorithms.qmd,CODE,Fenced block at lines 617-662,,O(|universe| × |sets| × |largest set|),python,YES,CANDIDATE,SEE code-verification-results.csv,NO,NO,LOW,Use block-level verification record,Safe automated classification plus targeted tests; unexecuted blocks remain manual review.
8,Why ln(n) Approximation?,/Users/medina/Projects/oer-books/advanced-algorithms-book/chapters/08-Approximation-Algorithms.qmd,MATHEMATICAL_CLAIM,- If k sets remain in optimal solution,,,,NO,NO,MANUAL REVIEW,NO,NO,LOW,Verify assumptions and terminology,line 670
8,Why ln(n) Approximation?,/Users/medina/Projects/oer-books/advanced-algorithms-book/chapters/08-Approximation-Algorithms.qmd,COMPLEXITY,- Total: O(OPT × ln(n)) sets,,O(OPT × ln(n),,NO,NO,REVIEWED,NO,NO,LOW,Verify assumptions and terminology,line 681
8,The Weighted Version,/Users/medina/Projects/oer-books/advanced-algorithms-book/chapters/08-Approximation-Algorithms.qmd,CODE,Fenced block at lines 686-723,,,python,YES,CANDIDATE,SEE code-verification-results.csv,NO,NO,LOW,Use block-level verification record,Safe automated classification plus targeted tests; unexecuted blocks remain manual review.
8,When Greedy is Optimal: Matroids,/Users/medina/Projects/oer-books/advanced-algorithms-book/chapters/08-Approximation-Algorithms.qmd,MATHEMATICAL_CLAIM,When Greedy is Optimal: Matroids,,,,NO,NO,MANUAL REVIEW,NO,NO,LOW,Verify assumptions and terminology,line 726
8,When Greedy is Optimal: Matroids,/Users/medina/Projects/oer-books/advanced-algorithms-book/chapters/08-Approximation-Algorithms.qmd,MATHEMATICAL_CLAIM,"For some problems, greedy gives OPTIMAL solutions!",,,,NO,NO,MANUAL REVIEW,NO,NO,LOW,Verify assumptions and terminology,line 728
8,When Greedy is Optimal: Matroids,/Users/medina/Projects/oer-books/advanced-algorithms-book/chapters/08-Approximation-Algorithms.qmd,MATHEMATICAL_CLAIM,Examples where greedy is optimal:,,,,NO,NO,MANUAL REVIEW,NO,NO,LOW,Verify assumptions and terminology,line 734
8,MAX-CUT: A Simple Randomized Algorithm,/Users/medina/Projects/oer-books/advanced-algorithms-book/chapters/08-Approximation-Algorithms.qmd,CODE,Fenced block at lines 752-820,,,python,YES,CANDIDATE,SEE code-verification-results.csv,NO,NO,LOW,Use block-level verification record,Safe automated classification plus targeted tests; unexecuted blocks remain manual review.
8,MAX-CUT: A Simple Randomized Algorithm,/Users/medina/Projects/oer-books/advanced-algorithms-book/chapters/08-Approximation-Algorithms.qmd,MATHEMATICAL_CLAIM,- Expected edges in cut = 0.5 × |E|,,,,NO,NO,MANUAL REVIEW,NO,NO,LOW,Verify assumptions and terminology,line 827
8,MAX-CUT: A Simple Randomized Algorithm,/Users/medina/Projects/oer-books/advanced-algorithms-book/chapters/08-Approximation-Algorithms.qmd,MATHEMATICAL_CLAIM,- Therefore: expected cut ≥ 0.5 × MAX-CUT ✓,,,,NO,NO,MANUAL REVIEW,NO,NO,LOW,Verify assumptions and terminology,line 829
8,MAX-SAT: Randomized Rounding,/Users/medina/Projects/oer-books/advanced-algorithms-book/chapters/08-Approximation-Algorithms.qmd,CODE,Fenced block at lines 834-888,,,python,YES,CANDIDATE,SEE code-verification-results.csv,NO,NO,LOW,Use block-level verification record,Safe automated classification plus targeted tests; unexecuted blocks remain manual review.
8,The Method of Conditional Expectations,/Users/medina/Projects/oer-books/advanced-algorithms-book/chapters/08-Approximation-Algorithms.qmd,MATHEMATICAL_CLAIM,"2. At each step, choose option maximizing expected outcome",,,,NO,NO,MANUAL REVIEW,NO,NO,LOW,Verify assumptions and terminology,line 897
8,The Method of Conditional Expectations,/Users/medina/Projects/oer-books/advanced-algorithms-book/chapters/08-Approximation-Algorithms.qmd,MATHEMATICAL_CLAIM,3. Final result at least as good as expected value of randomized algorithm,,,,NO,NO,MANUAL REVIEW,NO,NO,LOW,Verify assumptions and terminology,line 898
8,The Method of Conditional Expectations,/Users/medina/Projects/oer-books/advanced-algorithms-book/chapters/08-Approximation-Algorithms.qmd,CODE,Fenced block at lines 901-937,,,python,YES,CANDIDATE,SEE code-verification-results.csv,NO,NO,LOW,Use block-level verification record,Safe automated classification plus targeted tests; unexecuted blocks remain manual review.
8,Vertex Cover via LP Relaxation,/Users/medina/Projects/oer-books/advanced-algorithms-book/chapters/08-Approximation-Algorithms.qmd,CODE,Fenced block at lines 951-1009,,polynomial time,python,YES,CANDIDATE,SEE code-verification-results.csv,NO,NO,LOW,Use block-level verification record,Safe automated classification plus targeted tests; unexecuted blocks remain manual review.
8,Set Cover via LP Relaxation,/Users/medina/Projects/oer-books/advanced-algorithms-book/chapters/08-Approximation-Algorithms.qmd,CODE,Fenced block at lines 1015-1058,,,python,YES,CANDIDATE,SEE code-verification-results.csv,NO,NO,LOW,Use block-level verification record,Safe automated classification plus targeted tests; unexecuted blocks remain manual review.
8,The Integrality Gap,/Users/medina/Projects/oer-books/advanced-algorithms-book/chapters/08-Approximation-Algorithms.qmd,PSEUDOCODE,Fenced block at lines 1066-1066,,,UNLABELED,YES,NO,SEE code-verification-results.csv,NO,NO,LOW,Use block-level verification record,Safe automated classification plus targeted tests; unexecuted blocks remain manual review.
8,PTAS: Polynomial Time Approximation Scheme,/Users/medina/Projects/oer-books/advanced-algorithms-book/chapters/08-Approximation-Algorithms.qmd,COMPLEXITY,PTAS: Polynomial Time Approximation Scheme,,Polynomial Time,,NO,NO,REVIEWED,NO,NO,LOW,Verify assumptions and terminology,line 1080
8,PTAS: Polynomial Time Approximation Scheme,/Users/medina/Projects/oer-books/advanced-algorithms-book/chapters/08-Approximation-Algorithms.qmd,MATHEMATICAL_CLAIM,"Get arbitrarily close to optimal, trading time for accuracy!",,,,NO,NO,MANUAL REVIEW,NO,NO,LOW,Verify assumptions and terminology,line 1082
8,Knapsack: A Classic FPTAS,/Users/medina/Projects/oer-books/advanced-algorithms-book/chapters/08-Approximation-Algorithms.qmd,CODE,Fenced block at lines 1087-1151,,O(n³/epsilon),python,YES,CANDIDATE,SEE code-verification-results.csv,NO,NO,LOW,Use block-level verification record,Safe automated classification plus targeted tests; unexecuted blocks remain manual review.
8,Euclidean TSP: A PTAS,/Users/medina/Projects/oer-books/advanced-algorithms-book/chapters/08-Approximation-Algorithms.qmd,CODE,Fenced block at lines 1164-1207,,O(n × (log n) O(1/epsilon),python,YES,CANDIDATE,SEE code-verification-results.csv,NO,NO,LOW,Use block-level verification record,Safe automated classification plus targeted tests; unexecuted blocks remain manual review.
8,When PTAS Exists,/Users/medina/Projects/oer-books/advanced-algorithms-book/chapters/08-Approximation-Algorithms.qmd,MATHEMATICAL_CLAIM,2. Strong NP-hard problems (unless P = NP),,,,NO,NO,MANUAL REVIEW,NO,NO,LOW,Verify assumptions and terminology,line 1219
8,Some Problems Resist Approximation,/Users/medina/Projects/oer-books/advanced-algorithms-book/chapters/08-Approximation-Algorithms.qmd,MATHEMATICAL_CLAIM,Not all NP-hard problems can be approximated!,,,,NO,NO,MANUAL REVIEW,NO,NO,LOW,Verify assumptions and terminology,line 1228
8,Inapproximability Results,/Users/medina/Projects/oer-books/advanced-algorithms-book/chapters/08-Approximation-Algorithms.qmd,CODE,Fenced block at lines 1233-1280,,,python,YES,CANDIDATE,SEE code-verification-results.csv,NO,NO,LOW,Use block-level verification record,Safe automated classification plus targeted tests; unexecuted blocks remain manual review.
8,The PCP Theorem,/Users/medina/Projects/oer-books/advanced-algorithms-book/chapters/08-Approximation-Algorithms.qmd,PROOF,The PCP Theorem,,,,NO,NO,MANUAL REVIEW,NO,NO,LOW,Verify assumptions and terminology,line 1283
8,The PCP Theorem,/Users/medina/Projects/oer-books/advanced-algorithms-book/chapters/08-Approximation-Algorithms.qmd,CODE,Fenced block at lines 1288-1309,,O(log n) O(1),python,YES,CANDIDATE,SEE code-verification-results.csv,NO,NO,LOW,Use block-level verification record,Safe automated classification plus targeted tests; unexecuted blocks remain manual review.
8,APX-Completeness,/Users/medina/Projects/oer-books/advanced-algorithms-book/chapters/08-Approximation-Algorithms.qmd,CODE,Fenced block at lines 1317-1346,,,python,YES,CANDIDATE,SEE code-verification-results.csv,NO,NO,LOW,Use block-level verification record,Safe automated classification plus targeted tests; unexecuted blocks remain manual review.
8,A Complete Approximation Algorithm Toolkit,/Users/medina/Projects/oer-books/advanced-algorithms-book/chapters/08-Approximation-Algorithms.qmd,CODE,Fenced block at lines 1356-1447,,o (if optimal known),python,YES,CANDIDATE,SEE code-verification-results.csv,NO,NO,LOW,Use block-level verification record,Safe automated classification plus targeted tests; unexecuted blocks remain manual review.
8,Implementation Problems,/Users/medina/Projects/oer-books/advanced-algorithms-book/chapters/08-Approximation-Algorithms.qmd,CODE,Fenced block at lines 1483-1500,,,python,YES,CANDIDATE,SEE code-verification-results.csv,NO,NO,LOW,Use block-level verification record,Safe automated classification plus targeted tests; unexecuted blocks remain manual review.
8,Implementation Problems,/Users/medina/Projects/oer-books/advanced-algorithms-book/chapters/08-Approximation-Algorithms.qmd,CODE,Fenced block at lines 1505-1518,,,python,YES,CANDIDATE,SEE code-verification-results.csv,NO,NO,LOW,Use block-level verification record,Safe automated classification plus targeted tests; unexecuted blocks remain manual review.
8,Key Takeaways,/Users/medina/Projects/oer-books/advanced-algorithms-book/chapters/08-Approximation-Algorithms.qmd,MATHEMATICAL_CLAIM,1. Approximation Guarantees Matter,,,,NO,NO,MANUAL REVIEW,NO,NO,LOW,Verify assumptions and terminology,line 1553
8,Key Takeaways,/Users/medina/Projects/oer-books/advanced-algorithms-book/chapters/08-Approximation-Algorithms.qmd,MATHEMATICAL_CLAIM,- Know exactly how far from optimal you might be,,,,NO,NO,MANUAL REVIEW,NO,NO,LOW,Verify assumptions and terminology,line 1555
8,Key Takeaways,/Users/medina/Projects/oer-books/advanced-algorithms-book/chapters/08-Approximation-Algorithms.qmd,MATHEMATICAL_CLAIM,"- Different guarantees: constant, logarithmic, PTAS",,,,NO,NO,MANUAL REVIEW,NO,NO,LOW,Verify assumptions and terminology,line 1556
8,Key Takeaways,/Users/medina/Projects/oer-books/advanced-algorithms-book/chapters/08-Approximation-Algorithms.qmd,MATHEMATICAL_CLAIM,"- Greedy: Simple, often optimal for special structures",,,,NO,NO,MANUAL REVIEW,NO,NO,LOW,Verify assumptions and terminology,line 1559
8,Key Takeaways,/Users/medina/Projects/oer-books/advanced-algorithms-book/chapters/08-Approximation-Algorithms.qmd,MATHEMATICAL_CLAIM,- Set Cover: Greedy is nearly optimal,,,,NO,NO,MANUAL REVIEW,NO,NO,LOW,Verify assumptions and terminology,line 1567
8,Key Takeaways,/Users/medina/Projects/oer-books/advanced-algorithms-book/chapters/08-Approximation-Algorithms.qmd,PROOF,- PCP theorem revolutionized the field,,,,NO,NO,MANUAL REVIEW,NO,NO,LOW,Verify assumptions and terminology,line 1572
8,Key Takeaways,/Users/medina/Projects/oer-books/advanced-algorithms-book/chapters/08-Approximation-Algorithms.qmd,MATHEMATICAL_CLAIM,- Often perform better than worst-case guarantee,,,,NO,NO,MANUAL REVIEW,NO,NO,LOW,Verify assumptions and terminology,line 1577
8,Decision Framework,/Users/medina/Projects/oer-books/advanced-algorithms-book/chapters/08-Approximation-Algorithms.qmd,MATHEMATICAL_CLAIM,When facing an NP-hard optimization problem:,,,,NO,NO,MANUAL REVIEW,NO,NO,LOW,Verify assumptions and terminology,line 1583
8,Decision Framework,/Users/medina/Projects/oer-books/advanced-algorithms-book/chapters/08-Approximation-Algorithms.qmd,MATHEMATICAL_CLAIM,- Need guarantee? → Approximation algorithm,,,,NO,NO,MANUAL REVIEW,NO,NO,LOW,Verify assumptions and terminology,line 1590
8,Decision Framework,/Users/medina/Projects/oer-books/advanced-algorithms-book/chapters/08-Approximation-Algorithms.qmd,MATHEMATICAL_CLAIM,- Don't seek impossible guarantees,,,,NO,NO,MANUAL REVIEW,NO,NO,LOW,Verify assumptions and terminology,line 1602
8,The Art of Approximation,/Users/medina/Projects/oer-books/advanced-algorithms-book/chapters/08-Approximation-Algorithms.qmd,MATHEMATICAL_CLAIM,"- Theory: Rigorous guarantees, worst-case analysis",,,,NO,NO,MANUAL REVIEW,NO,NO,LOW,Verify assumptions and terminology,line 1609
8,Looking Forward,/Users/medina/Projects/oer-books/advanced-algorithms-book/chapters/08-Approximation-Algorithms.qmd,MATHEMATICAL_CLAIM,- Practical implementations beating guarantees,,,,NO,NO,MANUAL REVIEW,NO,NO,LOW,Verify assumptions and terminology,line 1619
8,Final Thought,/Users/medina/Projects/oer-books/advanced-algorithms-book/chapters/08-Approximation-Algorithms.qmd,MATHEMATICAL_CLAIM,"Approximation algorithms teach us that perfection is not always necessary or even desirable. By accepting solutions that are provably close to optimal, we can solve problems that would otherwise be impossible. This is not giving up—it's strategic compromise with mathematical backing.",,,,NO,NO,MANUAL REVIEW,NO,NO,LOW,Verify assumptions and terminology,line 1630
9,A Simple Example,/Users/medina/Projects/oer-books/advanced-algorithms-book/chapters/09-Advanced-Graph-Algorithms.qmd,PSEUDOCODE,Fenced block at lines 72-80,,,UNLABELED,YES,NO,SEE code-verification-results.csv,NO,NO,LOW,Use block-level verification record,Safe automated classification plus targeted tests; unexecuted blocks remain manual review.
9,The Genius Idea: The Residual Network,/Users/medina/Projects/oer-books/advanced-algorithms-book/chapters/09-Advanced-Graph-Algorithms.qmd,PSEUDOCODE,Fenced block at lines 118-122,,,UNLABELED,YES,NO,SEE code-verification-results.csv,NO,NO,LOW,Use block-level verification record,Safe automated classification plus targeted tests; unexecuted blocks remain manual review.
9,The Max-Flow Min-Cut Theorem: One of CS's Greatest Hits,/Users/medina/Projects/oer-books/advanced-algorithms-book/chapters/09-Advanced-Graph-Algorithms.qmd,PROOF,The Max-Flow Min-Cut Theorem: One of CS's Greatest Hits,,,,NO,NO,MANUAL REVIEW,NO,NO,LOW,Verify assumptions and terminology,line 129
9,What's a Cut?,/Users/medina/Projects/oer-books/advanced-algorithms-book/chapters/09-Advanced-Graph-Algorithms.qmd,PSEUDOCODE,Fenced block at lines 136-145,,,UNLABELED,YES,NO,SEE code-verification-results.csv,NO,NO,LOW,Use block-level verification record,Safe automated classification plus targeted tests; unexecuted blocks remain manual review.
9,The Theorem That Changes Everything,/Users/medina/Projects/oer-books/advanced-algorithms-book/chapters/09-Advanced-Graph-Algorithms.qmd,PROOF,The Theorem That Changes Everything,,,,NO,NO,MANUAL REVIEW,NO,NO,LOW,Verify assumptions and terminology,line 152
9,The Theorem That Changes Everything,/Users/medina/Projects/oer-books/advanced-algorithms-book/chapters/09-Advanced-Graph-Algorithms.qmd,PROOF,"Max-Flow Min-Cut Theorem (Ford & Fulkerson, 1956):",,,,NO,NO,MANUAL REVIEW,YES,YES,MEDIUM,Verify assumptions and terminology,line 154
9,The Basic Idea,/Users/medina/Projects/oer-books/advanced-algorithms-book/chapters/09-Advanced-Graph-Algorithms.qmd,PSEUDOCODE,Fenced block at lines 190-197,,,UNLABELED,YES,NO,SEE code-verification-results.csv,NO,NO,LOW,Use block-level verification record,Safe automated classification plus targeted tests; unexecuted blocks remain manual review.
9,Let's Trace Through an Example Step by Step,/Users/medina/Projects/oer-books/advanced-algorithms-book/chapters/09-Advanced-Graph-Algorithms.qmd,PSEUDOCODE,Fenced block at lines 207-215,,,UNLABELED,YES,NO,SEE code-verification-results.csv,NO,NO,LOW,Use block-level verification record,Safe automated classification plus targeted tests; unexecuted blocks remain manual review.
9,Edmonds-Karp: Making It Actually Fast,/Users/medina/Projects/oer-books/advanced-algorithms-book/chapters/09-Advanced-Graph-Algorithms.qmd,MATHEMATICAL_CLAIM,"Use BFS to find the path, and boom—you get a polynomial-time guarantee!",,,,NO,NO,MANUAL REVIEW,NO,NO,LOW,Verify assumptions and terminology,line 264
9,Edmonds-Karp: Making It Actually Fast,/Users/medina/Projects/oer-books/advanced-algorithms-book/chapters/09-Advanced-Graph-Algorithms.qmd,COMPLEXITY,Time complexity: O(VE²),,O(VE²),,NO,NO,REVIEWED,NO,NO,LOW,Verify assumptions and terminology,line 266
9,Edmonds-Karp: Making It Actually Fast,/Users/medina/Projects/oer-books/advanced-algorithms-book/chapters/09-Advanced-Graph-Algorithms.qmd,MATHEMATICAL_CLAIM,"This might seem like a small tweak, but it's huge. By always taking the shortest path, you guarantee that:",,,,NO,NO,MANUAL REVIEW,NO,NO,LOW,Verify assumptions and terminology,line 268
9,Edmonds-Karp: Making It Actually Fast,/Users/medina/Projects/oer-books/advanced-algorithms-book/chapters/09-Advanced-Graph-Algorithms.qmd,COMPLEXITY,1. Each edge appears on at most O(VE) augmenting paths,,O(VE),,NO,NO,REVIEWED,NO,NO,LOW,Verify assumptions and terminology,line 269
9,Edmonds-Karp: Making It Actually Fast,/Users/medina/Projects/oer-books/advanced-algorithms-book/chapters/09-Advanced-Graph-Algorithms.qmd,CODE,Fenced block at lines 276-459,,,python,YES,CANDIDATE,SEE code-verification-results.csv,NO,NO,LOW,Use block-level verification record,Safe automated classification plus targeted tests; unexecuted blocks remain manual review.
9,Why BFS Makes All the Difference,/Users/medina/Projects/oer-books/advanced-algorithms-book/chapters/09-Advanced-Graph-Algorithms.qmd,COMPLEXITY,"When you saturate an edge on a shortest path, the next shortest path must be longer. Since paths can be at most V edges long, and you have E edges to saturate, you get the O(VE) bound on the number of augmenting paths.",,O(VE),,NO,NO,REVIEWED,NO,NO,LOW,Verify assumptions and terminology,line 468
9,Why BFS Makes All the Difference,/Users/medina/Projects/oer-books/advanced-algorithms-book/chapters/09-Advanced-Graph-Algorithms.qmd,PROOF,"It's one of those proofs where the intuition is beautiful but the formal details are technical. The takeaway: using BFS isn't just convenient, it's provably efficient.",,,,NO,NO,MANUAL REVIEW,NO,NO,LOW,Verify assumptions and terminology,line 470
9,A Completely Different Philosophy,/Users/medina/Projects/oer-books/advanced-algorithms-book/chapters/09-Advanced-Graph-Algorithms.qmd,COMPLEXITY,"Surprisingly, the local approach can be faster! The best push-relabel variants run in O(V³), better than Edmonds-Karp's O(VE²) on dense graphs.",,O(V³) O(VE²),,NO,NO,REVIEWED,NO,NO,LOW,Verify assumptions and terminology,line 484
9,The Algorithm,/Users/medina/Projects/oer-books/advanced-algorithms-book/chapters/09-Advanced-Graph-Algorithms.qmd,PSEUDOCODE,Fenced block at lines 505-522,,,UNLABELED,YES,NO,SEE code-verification-results.csv,NO,NO,LOW,Use block-level verification record,Safe automated classification plus targeted tests; unexecuted blocks remain manual review.
9,The Algorithm,/Users/medina/Projects/oer-books/advanced-algorithms-book/chapters/09-Advanced-Graph-Algorithms.qmd,PSEUDOCODE,Fenced block at lines 527-530,,,UNLABELED,YES,NO,SEE code-verification-results.csv,NO,NO,LOW,Use block-level verification record,Safe automated classification plus targeted tests; unexecuted blocks remain manual review.
9,The Algorithm,/Users/medina/Projects/oer-books/advanced-algorithms-book/chapters/09-Advanced-Graph-Algorithms.qmd,PSEUDOCODE,Fenced block at lines 535-535,,,UNLABELED,YES,NO,SEE code-verification-results.csv,NO,NO,LOW,Use block-level verification record,Safe automated classification plus targeted tests; unexecuted blocks remain manual review.
9,Why Does This Work?,/Users/medina/Projects/oer-books/advanced-algorithms-book/chapters/09-Advanced-Graph-Algorithms.qmd,CODE,Fenced block at lines 554-689,,,python,YES,CANDIDATE,SEE code-verification-results.csv,NO,NO,LOW,Use block-level verification record,Safe automated classification plus targeted tests; unexecuted blocks remain manual review.
9,Which Algorithm Should You Use?,/Users/medina/Projects/oer-books/advanced-algorithms-book/chapters/09-Advanced-Graph-Algorithms.qmd,COMPLEXITY,- ❌ O(VE²) can be slow on dense graphs,,O(VE²),,NO,NO,REVIEWED,NO,NO,LOW,Verify assumptions and terminology,line 698
9,Which Algorithm Should You Use?,/Users/medina/Projects/oer-books/advanced-algorithms-book/chapters/09-Advanced-Graph-Algorithms.qmd,COMPLEXITY,- ✅ Faster on dense graphs (O(V³) or better with optimizations),,O(V³),,NO,NO,REVIEWED,NO,NO,LOW,Verify assumptions and terminology,line 701
9,The Flow Network Trick,/Users/medina/Projects/oer-books/advanced-algorithms-book/chapters/09-Advanced-Graph-Algorithms.qmd,PSEUDOCODE,Fenced block at lines 737-744,,,UNLABELED,YES,NO,SEE code-verification-results.csv,NO,NO,LOW,Use block-level verification record,Safe automated classification plus targeted tests; unexecuted blocks remain manual review.
9,Implementation,/Users/medina/Projects/oer-books/advanced-algorithms-book/chapters/09-Advanced-Graph-Algorithms.qmd,CODE,Fenced block at lines 759-862,,,python,YES,CANDIDATE,SEE code-verification-results.csv,NO,NO,LOW,Use block-level verification record,Safe automated classification plus targeted tests; unexecuted blocks remain manual review.
9,Hall's Marriage Theorem,/Users/medina/Projects/oer-books/advanced-algorithms-book/chapters/09-Advanced-Graph-Algorithms.qmd,PROOF,Hall's Marriage Theorem,,,,NO,NO,MANUAL REVIEW,NO,NO,LOW,Verify assumptions and terminology,line 865
9,Hall's Marriage Theorem,/Users/medina/Projects/oer-books/advanced-algorithms-book/chapters/09-Advanced-Graph-Algorithms.qmd,PROOF,Here's a beautiful theorem about when perfect matching is possible:,,,,NO,NO,MANUAL REVIEW,NO,NO,LOW,Verify assumptions and terminology,line 867
9,Hall's Marriage Theorem,/Users/medina/Projects/oer-books/advanced-algorithms-book/chapters/09-Advanced-Graph-Algorithms.qmd,PROOF,Hall's Marriage Theorem: A bipartite graph has a perfect matching (matching that covers all left vertices) if and only if:,,,,NO,NO,MANUAL REVIEW,NO,NO,LOW,Verify assumptions and terminology,line 869
9,Hall's Marriage Theorem,/Users/medina/Projects/oer-books/advanced-algorithms-book/chapters/09-Advanced-Graph-Algorithms.qmd,PSEUDOCODE,Fenced block at lines 879-881,,,UNLABELED,YES,NO,SEE code-verification-results.csv,NO,NO,LOW,Use block-level verification record,Safe automated classification plus targeted tests; unexecuted blocks remain manual review.
9,Hall's Marriage Theorem,/Users/medina/Projects/oer-books/advanced-algorithms-book/chapters/09-Advanced-Graph-Algorithms.qmd,PROOF,"This theorem gives us a certificate of impossibility. If you can't find a perfect matching, you can prove why by finding a violating subset!",,,,NO,NO,MANUAL REVIEW,NO,NO,LOW,Verify assumptions and terminology,line 886
9,The Setup,/Users/medina/Projects/oer-books/advanced-algorithms-book/chapters/09-Advanced-Graph-Algorithms.qmd,PSEUDOCODE,Fenced block at lines 912-912,,,UNLABELED,YES,NO,SEE code-verification-results.csv,NO,NO,LOW,Use block-level verification record,Safe automated classification plus targeted tests; unexecuted blocks remain manual review.
9,Successive Shortest Paths Algorithm,/Users/medina/Projects/oer-books/advanced-algorithms-book/chapters/09-Advanced-Graph-Algorithms.qmd,PSEUDOCODE,Fenced block at lines 920-928,,,UNLABELED,YES,NO,SEE code-verification-results.csv,NO,NO,LOW,Use block-level verification record,Safe automated classification plus targeted tests; unexecuted blocks remain manual review.
9,Implementation,/Users/medina/Projects/oer-books/advanced-algorithms-book/chapters/09-Advanced-Graph-Algorithms.qmd,CODE,Fenced block at lines 940-1088,,,python,YES,CANDIDATE,SEE code-verification-results.csv,NO,NO,LOW,Use block-level verification record,Safe automated classification plus targeted tests; unexecuted blocks remain manual review.
9,Cycle-Canceling Algorithm,/Users/medina/Projects/oer-books/advanced-algorithms-book/chapters/09-Advanced-Graph-Algorithms.qmd,PSEUDOCODE,Fenced block at lines 1096-1099,,,UNLABELED,YES,NO,SEE code-verification-results.csv,NO,NO,LOW,Use block-level verification record,Safe automated classification plus targeted tests; unexecuted blocks remain manual review.
9,Architecture,/Users/medina/Projects/oer-books/advanced-algorithms-book/chapters/09-Advanced-Graph-Algorithms.qmd,PSEUDOCODE,Fenced block at lines 1189-1205,,,UNLABELED,YES,NO,SEE code-verification-results.csv,NO,NO,LOW,Use block-level verification record,Safe automated classification plus targeted tests; unexecuted blocks remain manual review.
9,Core Network Class,/Users/medina/Projects/oer-books/advanced-algorithms-book/chapters/09-Advanced-Graph-Algorithms.qmd,CODE,Fenced block at lines 1211-1343,,,python,YES,CANDIDATE,SEE code-verification-results.csv,NO,NO,LOW,Use block-level verification record,Safe automated classification plus targeted tests; unexecuted blocks remain manual review.
9,Algorithm Interface,/Users/medina/Projects/oer-books/advanced-algorithms-book/chapters/09-Advanced-Graph-Algorithms.qmd,CODE,Fenced block at lines 1349-1375,,,python,YES,CANDIDATE,SEE code-verification-results.csv,NO,NO,LOW,Use block-level verification record,Safe automated classification plus targeted tests; unexecuted blocks remain manual review.
9,Application: Matching Solver,/Users/medina/Projects/oer-books/advanced-algorithms-book/chapters/09-Advanced-Graph-Algorithms.qmd,CODE,Fenced block at lines 1381-1496,,,python,YES,CANDIDATE,SEE code-verification-results.csv,NO,NO,LOW,Use block-level verification record,Safe automated classification plus targeted tests; unexecuted blocks remain manual review.
9,Visualization Module,/Users/medina/Projects/oer-books/advanced-algorithms-book/chapters/09-Advanced-Graph-Algorithms.qmd,CODE,Fenced block at lines 1502-1612,,,python,YES,CANDIDATE,SEE code-verification-results.csv,NO,NO,LOW,Use block-level verification record,Safe automated classification plus targeted tests; unexecuted blocks remain manual review.
9,Command-Line Interface,/Users/medina/Projects/oer-books/advanced-algorithms-book/chapters/09-Advanced-Graph-Algorithms.qmd,CODE,Fenced block at lines 1618-1701,,,python,YES,CANDIDATE,SEE code-verification-results.csv,NO,NO,LOW,Use block-level verification record,Safe automated classification plus targeted tests; unexecuted blocks remain manual review.
9,Testing Suite,/Users/medina/Projects/oer-books/advanced-algorithms-book/chapters/09-Advanced-Graph-Algorithms.qmd,CODE,Fenced block at lines 1707-1782,,,python,YES,CANDIDATE,SEE code-verification-results.csv,NO,NO,LOW,Use block-level verification record,Safe automated classification plus targeted tests; unexecuted blocks remain manual review.
9,Summary and Key Takeaways,/Users/medina/Projects/oer-books/advanced-algorithms-book/chapters/09-Advanced-Graph-Algorithms.qmd,PROOF,3. Max-Flow Min-Cut Theorem: Maximum flow equals minimum cut capacity,,,,NO,NO,MANUAL REVIEW,NO,NO,LOW,Verify assumptions and terminology,line 1792
9,Summary and Key Takeaways,/Users/medina/Projects/oer-books/advanced-algorithms-book/chapters/09-Advanced-Graph-Algorithms.qmd,COMPLEXITY,2. Edmonds-Karp: Use BFS for paths → O(VE²) time,,O(VE²),,NO,NO,REVIEWED,NO,NO,LOW,Verify assumptions and terminology,line 1796
9,Summary and Key Takeaways,/Users/medina/Projects/oer-books/advanced-algorithms-book/chapters/09-Advanced-Graph-Algorithms.qmd,COMPLEXITY,"3. Push-Relabel: Local ""push excess downhill"" approach → O(V³) time",,O(V³),,NO,NO,REVIEWED,NO,NO,LOW,Verify assumptions and terminology,line 1797
9,Summary and Key Takeaways,/Users/medina/Projects/oer-books/advanced-algorithms-book/chapters/09-Advanced-Graph-Algorithms.qmd,MATHEMATICAL_CLAIM,- Cutting networks optimally,,,,NO,NO,MANUAL REVIEW,NO,NO,LOW,Verify assumptions and terminology,line 1818
9,Theoretical Questions,/Users/medina/Projects/oer-books/advanced-algorithms-book/chapters/09-Advanced-Graph-Algorithms.qmd,PROOF,"10. Prove Hall's Theorem: Show that if Hall's condition fails, no perfect matching exists.",,,,NO,NO,MANUAL REVIEW,NO,NO,LOW,Verify assumptions and terminology,line 1862
9,Theoretical Questions,/Users/medina/Projects/oer-books/advanced-algorithms-book/chapters/09-Advanced-Graph-Algorithms.qmd,COMPLEXITY,"12. Complexity Lower Bound: Show that any max-flow algorithm must examine all edges at least once, giving an Ω(E) lower bound.",,Ω(E),,NO,NO,REVIEWED,NO,NO,LOW,Verify assumptions and terminology,line 1866
10,Introduction: The Search for Patterns,/Users/medina/Projects/oer-books/advanced-algorithms-book/chapters/10-String-Processing-Algorithms.qmd,COMPLEXITY,"In this chapter, we'll go from the naive O(nm) approach to algorithms that run in O(n+m) time—a massive improvement. We'll build suffix trees that answer complex queries in milliseconds. And we'll see how these algorithms are literally helping cure diseases and catch criminals.",,O(nm) O(n+m),,NO,NO,REVIEWED,NO,NO,LOW,Verify assumptions and terminology,line 27
10,The Setup,/Users/medina/Projects/oer-books/advanced-algorithms-book/chapters/10-String-Processing-Algorithms.qmd,PSEUDOCODE,Fenced block at lines 43-49,,,UNLABELED,YES,NO,SEE code-verification-results.csv,NO,NO,LOW,Use block-level verification record,Safe automated classification plus targeted tests; unexecuted blocks remain manual review.
10,The Naive Approach,/Users/medina/Projects/oer-books/advanced-algorithms-book/chapters/10-String-Processing-Algorithms.qmd,CODE,Fenced block at lines 57-79,,,python,YES,CANDIDATE,SEE code-verification-results.csv,NO,NO,LOW,Use block-level verification record,Safe automated classification plus targeted tests; unexecuted blocks remain manual review.
10,The Naive Approach,/Users/medina/Projects/oer-books/advanced-algorithms-book/chapters/10-String-Processing-Algorithms.qmd,COMPLEXITY,Time complexity: O(nm),,O(nm),,NO,NO,REVIEWED,NO,NO,LOW,Verify assumptions and terminology,line 82
10,The Naive Approach,/Users/medina/Projects/oer-books/advanced-algorithms-book/chapters/10-String-Processing-Algorithms.qmd,COMPLEXITY,- Each check takes O(m) comparisons in the worst case,,O(m),,NO,NO,REVIEWED,NO,NO,LOW,Verify assumptions and terminology,line 84
10,The Naive Approach,/Users/medina/Projects/oer-books/advanced-algorithms-book/chapters/10-String-Processing-Algorithms.qmd,CODE,Fenced block at lines 89-94,,,python,YES,CANDIDATE,SEE code-verification-results.csv,NO,NO,LOW,Use block-level verification record,Safe automated classification plus targeted tests; unexecuted blocks remain manual review.
10,The Big Idea,/Users/medina/Projects/oer-books/advanced-algorithms-book/chapters/10-String-Processing-Algorithms.qmd,PSEUDOCODE,Fenced block at lines 116-131,,,UNLABELED,YES,NO,SEE code-verification-results.csv,NO,NO,LOW,Use block-level verification record,Safe automated classification plus targeted tests; unexecuted blocks remain manual review.
10,The Failure Function (Longest Proper Prefix-Suffix),/Users/medina/Projects/oer-books/advanced-algorithms-book/chapters/10-String-Processing-Algorithms.qmd,PSEUDOCODE,Fenced block at lines 147-155,,,UNLABELED,YES,NO,SEE code-verification-results.csv,NO,NO,LOW,Use block-level verification record,Safe automated classification plus targeted tests; unexecuted blocks remain manual review.
10,The Failure Function (Longest Proper Prefix-Suffix),/Users/medina/Projects/oer-books/advanced-algorithms-book/chapters/10-String-Processing-Algorithms.qmd,PSEUDOCODE,Fenced block at lines 161-170,,,UNLABELED,YES,NO,SEE code-verification-results.csv,NO,NO,LOW,Use block-level verification record,Safe automated classification plus targeted tests; unexecuted blocks remain manual review.
10,Computing the Failure Function,/Users/medina/Projects/oer-books/advanced-algorithms-book/chapters/10-String-Processing-Algorithms.qmd,CODE,Fenced block at lines 178-209,,,python,YES,CANDIDATE,SEE code-verification-results.csv,NO,NO,LOW,Use block-level verification record,Safe automated classification plus targeted tests; unexecuted blocks remain manual review.
10,Computing the Failure Function,/Users/medina/Projects/oer-books/advanced-algorithms-book/chapters/10-String-Processing-Algorithms.qmd,PSEUDOCODE,Fenced block at lines 215-236,,,UNLABELED,YES,NO,SEE code-verification-results.csv,NO,NO,LOW,Use block-level verification record,Safe automated classification plus targeted tests; unexecuted blocks remain manual review.
10,Computing the Failure Function,/Users/medina/Projects/oer-books/advanced-algorithms-book/chapters/10-String-Processing-Algorithms.qmd,COMPLEXITY,Time complexity: O(m) - we process each character at most twice!,,O(m),,NO,NO,REVIEWED,NO,NO,LOW,Verify assumptions and terminology,line 239
10,The KMP Search Algorithm,/Users/medina/Projects/oer-books/advanced-algorithms-book/chapters/10-String-Processing-Algorithms.qmd,CODE,Fenced block at lines 246-286,,O(n + m) O(m),python,YES,CANDIDATE,SEE code-verification-results.csv,NO,NO,LOW,Use block-level verification record,Safe automated classification plus targeted tests; unexecuted blocks remain manual review.
10,Complete KMP Example Trace,/Users/medina/Projects/oer-books/advanced-algorithms-book/chapters/10-String-Processing-Algorithms.qmd,PSEUDOCODE,Fenced block at lines 294-335,,,UNLABELED,YES,NO,SEE code-verification-results.csv,NO,NO,LOW,Use block-level verification record,Safe automated classification plus targeted tests; unexecuted blocks remain manual review.
10,Complete KMP Example Trace,/Users/medina/Projects/oer-books/advanced-algorithms-book/chapters/10-String-Processing-Algorithms.qmd,COMPLEXITY,- Total time: O(n + m),,O(n + m),,NO,NO,REVIEWED,NO,NO,LOW,Verify assumptions and terminology,line 341
10,Full Implementation with Examples,/Users/medina/Projects/oer-books/advanced-algorithms-book/chapters/10-String-Processing-Algorithms.qmd,CODE,Fenced block at lines 346-525,,O(n+m),python,YES,CANDIDATE,SEE code-verification-results.csv,NO,NO,LOW,Use block-level verification record,Safe automated classification plus targeted tests; unexecuted blocks remain manual review.
10,The Hashing Idea,/Users/medina/Projects/oer-books/advanced-algorithms-book/chapters/10-String-Processing-Algorithms.qmd,COMPLEXITY,"If we can compute hashes efficiently, we can compare a pattern against a text position in O(1) time!",,O(1),,NO,NO,REVIEWED,NO,NO,LOW,Verify assumptions and terminology,line 541
10,Rolling Hash Function,/Users/medina/Projects/oer-books/advanced-algorithms-book/chapters/10-String-Processing-Algorithms.qmd,COMPLEXITY,The magic is in the rolling hash: we can compute the hash of the next substring from the previous hash in O(1) time!,,O(1),,NO,NO,REVIEWED,NO,NO,LOW,Verify assumptions and terminology,line 545
10,Rolling Hash Function,/Users/medina/Projects/oer-books/advanced-algorithms-book/chapters/10-String-Processing-Algorithms.qmd,PSEUDOCODE,Fenced block at lines 550-554,,,UNLABELED,YES,NO,SEE code-verification-results.csv,NO,NO,LOW,Use block-level verification record,Safe automated classification plus targeted tests; unexecuted blocks remain manual review.
10,Rolling Hash Function,/Users/medina/Projects/oer-books/advanced-algorithms-book/chapters/10-String-Processing-Algorithms.qmd,PSEUDOCODE,Fenced block at lines 559-563,,,UNLABELED,YES,NO,SEE code-verification-results.csv,NO,NO,LOW,Use block-level verification record,Safe automated classification plus targeted tests; unexecuted blocks remain manual review.
10,Rolling Hash Function,/Users/medina/Projects/oer-books/advanced-algorithms-book/chapters/10-String-Processing-Algorithms.qmd,PSEUDOCODE,Fenced block at lines 568-568,,,UNLABELED,YES,NO,SEE code-verification-results.csv,NO,NO,LOW,Use block-level verification record,Safe automated classification plus targeted tests; unexecuted blocks remain manual review.
10,Dealing with Large Numbers,/Users/medina/Projects/oer-books/advanced-algorithms-book/chapters/10-String-Processing-Algorithms.qmd,PSEUDOCODE,Fenced block at lines 576-576,,,UNLABELED,YES,NO,SEE code-verification-results.csv,NO,NO,LOW,Use block-level verification record,Safe automated classification plus targeted tests; unexecuted blocks remain manual review.
10,Implementation,/Users/medina/Projects/oer-books/advanced-algorithms-book/chapters/10-String-Processing-Algorithms.qmd,CODE,Fenced block at lines 586-817,,O(n+m) O(nm),python,YES,CANDIDATE,SEE code-verification-results.csv,NO,NO,LOW,Use block-level verification record,Safe automated classification plus targeted tests; unexecuted blocks remain manual review.
10,When to Use Rabin-Karp,/Users/medina/Projects/oer-books/advanced-algorithms-book/chapters/10-String-Processing-Algorithms.qmd,COMPLEXITY,- ❌ Worst case still O(nm) due to hash collisions,,O(nm),,NO,NO,REVIEWED,NO,NO,LOW,Verify assumptions and terminology,line 829
10,What's a Suffix?,/Users/medina/Projects/oer-books/advanced-algorithms-book/chapters/10-String-Processing-Algorithms.qmd,PSEUDOCODE,Fenced block at lines 846-854,,,UNLABELED,YES,NO,SEE code-verification-results.csv,NO,NO,LOW,Use block-level verification record,Safe automated classification plus targeted tests; unexecuted blocks remain manual review.
10,The Suffix Array,/Users/medina/Projects/oer-books/advanced-algorithms-book/chapters/10-String-Processing-Algorithms.qmd,PSEUDOCODE,Fenced block at lines 862-873,,,UNLABELED,YES,NO,SEE code-verification-results.csv,NO,NO,LOW,Use block-level verification record,Safe automated classification plus targeted tests; unexecuted blocks remain manual review.
10,The Suffix Array,/Users/medina/Projects/oer-books/advanced-algorithms-book/chapters/10-String-Processing-Algorithms.qmd,COMPLEXITY,- Find any pattern in O(m log n) time using binary search!,,O(m log n),,NO,NO,REVIEWED,NO,NO,LOW,Verify assumptions and terminology,line 879
10,Building a Suffix Array (Naive),/Users/medina/Projects/oer-books/advanced-algorithms-book/chapters/10-String-Processing-Algorithms.qmd,CODE,Fenced block at lines 889-905,,O(n² log n),python,YES,CANDIDATE,SEE code-verification-results.csv,NO,NO,LOW,Use block-level verification record,Safe automated classification plus targeted tests; unexecuted blocks remain manual review.
10,Building a Suffix Array (Naive),/Users/medina/Projects/oer-books/advanced-algorithms-book/chapters/10-String-Processing-Algorithms.qmd,COMPLEXITY,"Problem: Comparing strings takes O(n) time, so sorting takes O(n² log n). Too slow for large texts!",,O(n) O(n² log n),,NO,NO,REVIEWED,NO,NO,LOW,Verify assumptions and terminology,line 908
10,Building a Suffix Array Efficiently,/Users/medina/Projects/oer-books/advanced-algorithms-book/chapters/10-String-Processing-Algorithms.qmd,COMPLEXITY,"Modern algorithms build suffix arrays in O(n log n) or even O(n) time! The key: don't compare full suffixes, use integer comparisons instead.",,O(n log n) O(n),,NO,NO,REVIEWED,NO,NO,LOW,Verify assumptions and terminology,line 912
10,Building a Suffix Array Efficiently,/Users/medina/Projects/oer-books/advanced-algorithms-book/chapters/10-String-Processing-Algorithms.qmd,CODE,Fenced block at lines 917-1158,,O(n log² n) O(n log² n) O(n) O(m log n) O(n),python,YES,CANDIDATE,SEE code-verification-results.csv,NO,NO,LOW,Use block-level verification record,Safe automated classification plus targeted tests; unexecuted blocks remain manual review.
10,Applications of Suffix Arrays,/Users/medina/Projects/oer-books/advanced-algorithms-book/chapters/10-String-Processing-Algorithms.qmd,CODE,Fenced block at lines 1165-1169,,,python,YES,CANDIDATE,SEE code-verification-results.csv,NO,NO,LOW,Use block-level verification record,Safe automated classification plus targeted tests; unexecuted blocks remain manual review.
10,Applications of Suffix Arrays,/Users/medina/Projects/oer-books/advanced-algorithms-book/chapters/10-String-Processing-Algorithms.qmd,CODE,Fenced block at lines 1174-1192,,,python,YES,CANDIDATE,SEE code-verification-results.csv,NO,NO,LOW,Use block-level verification record,Safe automated classification plus targeted tests; unexecuted blocks remain manual review.
10,What's a Suffix Tree?,/Users/medina/Projects/oer-books/advanced-algorithms-book/chapters/10-String-Processing-Algorithms.qmd,COMPLEXITY,- Can be built in O(n) time!,,O(n),,NO,NO,REVIEWED,NO,NO,LOW,Verify assumptions and terminology,line 1204
10,What's a Suffix Tree?,/Users/medina/Projects/oer-books/advanced-algorithms-book/chapters/10-String-Processing-Algorithms.qmd,COMPLEXITY,- Answers many queries in O(m) time (where m = pattern length),,O(m),,NO,NO,REVIEWED,NO,NO,LOW,Verify assumptions and terminology,line 1205
10,What's a Suffix Tree?,/Users/medina/Projects/oer-books/advanced-algorithms-book/chapters/10-String-Processing-Algorithms.qmd,PSEUDOCODE,Fenced block at lines 1210-1218,,,UNLABELED,YES,NO,SEE code-verification-results.csv,NO,NO,LOW,Use block-level verification record,Safe automated classification plus targeted tests; unexecuted blocks remain manual review.
10,When to Use Suffix Trees vs Arrays,/Users/medina/Projects/oer-books/advanced-algorithms-book/chapters/10-String-Processing-Algorithms.qmd,COMPLEXITY,- ✅ Fastest queries: O(m) pattern matching,,O(m),,NO,NO,REVIEWED,NO,NO,LOW,Verify assumptions and terminology,line 1224
10,When to Use Suffix Trees vs Arrays,/Users/medina/Projects/oer-books/advanced-algorithms-book/chapters/10-String-Processing-Algorithms.qmd,COMPLEXITY,- ❌ More memory: O(n) space but with large constants,,O(n),,NO,NO,REVIEWED,NO,NO,LOW,Verify assumptions and terminology,line 1226
10,When to Use Suffix Trees vs Arrays,/Users/medina/Projects/oer-books/advanced-algorithms-book/chapters/10-String-Processing-Algorithms.qmd,COMPLEXITY,- ❌ Slower queries: O(m log n),,O(m log n),,NO,NO,REVIEWED,NO,NO,LOW,Verify assumptions and terminology,line 1233
10,DNA Sequence Matching,/Users/medina/Projects/oer-books/advanced-algorithms-book/chapters/10-String-Processing-Algorithms.qmd,CODE,Fenced block at lines 1247-1267,,,python,YES,CANDIDATE,SEE code-verification-results.csv,NO,NO,LOW,Use block-level verification record,Safe automated classification plus targeted tests; unexecuted blocks remain manual review.
10,DNA Sequence Matching,/Users/medina/Projects/oer-books/advanced-algorithms-book/chapters/10-String-Processing-Algorithms.qmd,CODE,Fenced block at lines 1272-1279,,,python,YES,CANDIDATE,SEE code-verification-results.csv,NO,NO,LOW,Use block-level verification record,Safe automated classification plus targeted tests; unexecuted blocks remain manual review.
10,Read Alignment,/Users/medina/Projects/oer-books/advanced-algorithms-book/chapters/10-String-Processing-Algorithms.qmd,CODE,Fenced block at lines 1287-1316,,,python,YES,CANDIDATE,SEE code-verification-results.csv,NO,NO,LOW,Use block-level verification record,Safe automated classification plus targeted tests; unexecuted blocks remain manual review.
10,Detecting Tandem Repeats,/Users/medina/Projects/oer-books/advanced-algorithms-book/chapters/10-String-Processing-Algorithms.qmd,CODE,Fenced block at lines 1324-1352,,,python,YES,CANDIDATE,SEE code-verification-results.csv,NO,NO,LOW,Use block-level verification record,Safe automated classification plus targeted tests; unexecuted blocks remain manual review.
10,Project Structure,/Users/medina/Projects/oer-books/advanced-algorithms-book/chapters/10-String-Processing-Algorithms.qmd,PSEUDOCODE,Fenced block at lines 1362-1398,,,UNLABELED,YES,NO,SEE code-verification-results.csv,NO,NO,LOW,Use block-level verification record,Safe automated classification plus targeted tests; unexecuted blocks remain manual review.
10,Core Library Implementation,/Users/medina/Projects/oer-books/advanced-algorithms-book/chapters/10-String-Processing-Algorithms.qmd,CODE,Fenced block at lines 1404-1427,,,python,YES,CANDIDATE,SEE code-verification-results.csv,NO,NO,LOW,Use block-level verification record,Safe automated classification plus targeted tests; unexecuted blocks remain manual review.
10,Core Library Implementation,/Users/medina/Projects/oer-books/advanced-algorithms-book/chapters/10-String-Processing-Algorithms.qmd,CODE,Fenced block at lines 1431-1693,,,python,YES,CANDIDATE,SEE code-verification-results.csv,NO,NO,LOW,Use block-level verification record,Safe automated classification plus targeted tests; unexecuted blocks remain manual review.
10,Text Compression Application,/Users/medina/Projects/oer-books/advanced-algorithms-book/chapters/10-String-Processing-Algorithms.qmd,CODE,Fenced block at lines 1699-1861,,,python,YES,CANDIDATE,SEE code-verification-results.csv,NO,NO,LOW,Use block-level verification record,Safe automated classification plus targeted tests; unexecuted blocks remain manual review.
10,Command-Line Tool,/Users/medina/Projects/oer-books/advanced-algorithms-book/chapters/10-String-Processing-Algorithms.qmd,CODE,Fenced block at lines 1867-2008,,,python,YES,CANDIDATE,SEE code-verification-results.csv,NO,NO,LOW,Use block-level verification record,Safe automated classification plus targeted tests; unexecuted blocks remain manual review.
10,Summary and Key Takeaways,/Users/medina/Projects/oer-books/advanced-algorithms-book/chapters/10-String-Processing-Algorithms.qmd,COMPLEXITY,1. Naive search: O(nm) - simple but slow,,O(nm),,NO,NO,REVIEWED,NO,NO,LOW,Verify assumptions and terminology,line 2014
10,Summary and Key Takeaways,/Users/medina/Projects/oer-books/advanced-algorithms-book/chapters/10-String-Processing-Algorithms.qmd,COMPLEXITY,"2. KMP: O(n+m) - never backs up in text, uses failure function",,O(n+m),,NO,NO,REVIEWED,YES,YES,MEDIUM,Verify assumptions and terminology,line 2015
10,Summary and Key Takeaways,/Users/medina/Projects/oer-books/advanced-algorithms-book/chapters/10-String-Processing-Algorithms.qmd,COMPLEXITY,"3. Rabin-Karp: O(n+m) expected - rolling hash, great for multiple patterns",,O(n+m),,NO,NO,REVIEWED,NO,NO,LOW,Verify assumptions and terminology,line 2016
10,Summary and Key Takeaways,/Users/medina/Projects/oer-books/advanced-algorithms-book/chapters/10-String-Processing-Algorithms.qmd,COMPLEXITY,"4. Suffix arrays: O(n log n) build, O(m log n) search - versatile and powerful",,O(n log n) O(m log n),,NO,NO,REVIEWED,NO,NO,LOW,Verify assumptions and terminology,line 2017
10,Implementation Challenges,/Users/medina/Projects/oer-books/advanced-algorithms-book/chapters/10-String-Processing-Algorithms.qmd,COMPLEXITY,5. Aho-Corasick: Implement the Aho-Corasick algorithm for matching multiple patterns simultaneously in O(n + m + z) time.,,O(n + m + z),,NO,NO,REVIEWED,NO,NO,LOW,Verify assumptions and terminology,line 2056
10,Advanced Topics,/Users/medina/Projects/oer-books/advanced-algorithms-book/chapters/10-String-Processing-Algorithms.qmd,COMPLEXITY,"11. Longest Common Extension: Use suffix arrays with RMQ to answer ""longest common prefix starting at positions i and j"" in O(1).",,O(1),,NO,NO,REVIEWED,NO,NO,LOW,Verify assumptions and terminology,line 2075
11,Introduction: The Algorithm That Changed Everything,/Users/medina/Projects/oer-books/advanced-algorithms-book/chapters/11-Numerical-Algorithms.qmd,COMPLEXITY,"But the FFT is just the beginning. In this chapter, we'll explore the algorithms that power our digital world: how to multiply matrices fast enough to train neural networks, how to multiply polynomials in O(n log n) time instead of O(n²), and how to make sure floating-point errors don't destroy your calculations.",,O(n log n) O(n²),,NO,NO,REVIEWED,NO,NO,LOW,Verify assumptions and terminology,line 22
11,The Big Idea,/Users/medina/Projects/oer-books/advanced-algorithms-book/chapters/11-Numerical-Algorithms.qmd,PSEUDOCODE,Fenced block at lines 47-49,,,UNLABELED,YES,NO,SEE code-verification-results.csv,NO,NO,LOW,Use block-level verification record,Safe automated classification plus targeted tests; unexecuted blocks remain manual review.
11,The Mathematical Foundation,/Users/medina/Projects/oer-books/advanced-algorithms-book/chapters/11-Numerical-Algorithms.qmd,PSEUDOCODE,Fenced block at lines 65-71,,,UNLABELED,YES,NO,SEE code-verification-results.csv,NO,NO,LOW,Use block-level verification record,Safe automated classification plus targeted tests; unexecuted blocks remain manual review.
11,The Naive DFT: O(N²),/Users/medina/Projects/oer-books/advanced-algorithms-book/chapters/11-Numerical-Algorithms.qmd,COMPLEXITY,The Naive DFT: O(N²),,O(N²),,NO,NO,REVIEWED,NO,NO,LOW,Verify assumptions and terminology,line 78
11,The Naive DFT: O(N²),/Users/medina/Projects/oer-books/advanced-algorithms-book/chapters/11-Numerical-Algorithms.qmd,CODE,Fenced block at lines 83-98,,O(N²),python,YES,CANDIDATE,SEE code-verification-results.csv,NO,NO,LOW,Use block-level verification record,Safe automated classification plus targeted tests; unexecuted blocks remain manual review.
11,The Key Insight,/Users/medina/Projects/oer-books/advanced-algorithms-book/chapters/11-Numerical-Algorithms.qmd,PSEUDOCODE,Fenced block at lines 114-124,,,UNLABELED,YES,NO,SEE code-verification-results.csv,NO,NO,LOW,Use block-level verification record,Safe automated classification plus targeted tests; unexecuted blocks remain manual review.
11,The Recursive Algorithm,/Users/medina/Projects/oer-books/advanced-algorithms-book/chapters/11-Numerical-Algorithms.qmd,MATHEMATICAL_CLAIM,Time complexity analysis:,,,,NO,NO,MANUAL REVIEW,NO,NO,LOW,Verify assumptions and terminology,line 137
11,The Recursive Algorithm,/Users/medina/Projects/oer-books/advanced-algorithms-book/chapters/11-Numerical-Algorithms.qmd,PSEUDOCODE,Fenced block at lines 139-140,,O(N) O(N log N),UNLABELED,YES,NO,SEE code-verification-results.csv,NO,NO,LOW,Use block-level verification record,Safe automated classification plus targeted tests; unexecuted blocks remain manual review.
11,Implementation: Recursive FFT,/Users/medina/Projects/oer-books/advanced-algorithms-book/chapters/11-Numerical-Algorithms.qmd,CODE,Fenced block at lines 153-195,,O(N log N) O(N) O(N log N),python,YES,CANDIDATE,SEE code-verification-results.csv,NO,NO,LOW,Use block-level verification record,Safe automated classification plus targeted tests; unexecuted blocks remain manual review.
11,Implementation: Recursive FFT,/Users/medina/Projects/oer-books/advanced-algorithms-book/chapters/11-Numerical-Algorithms.qmd,CODE,Fenced block at lines 201-227,,,python,YES,CANDIDATE,SEE code-verification-results.csv,NO,NO,LOW,Use block-level verification record,Safe automated classification plus targeted tests; unexecuted blocks remain manual review.
11,Iterative FFT (Cooley-Tukey),/Users/medina/Projects/oer-books/advanced-algorithms-book/chapters/11-Numerical-Algorithms.qmd,COMPLEXITY,The recursive slicing version is elegant but performs O(N log N) total allocation over the run; its peak auxiliary space is O(N). The iterative version also uses O(N) auxiliary space and usually has lower allocation overhead:,,O(N log N) O(N) O(N),,NO,NO,REVIEWED,YES,YES,MEDIUM,Verify assumptions and terminology,line 232
11,Iterative FFT (Cooley-Tukey),/Users/medina/Projects/oer-books/advanced-algorithms-book/chapters/11-Numerical-Algorithms.qmd,CODE,Fenced block at lines 235-286,,O(N log N) O(N),python,YES,CANDIDATE,SEE code-verification-results.csv,NO,NO,LOW,Use block-level verification record,Safe automated classification plus targeted tests; unexecuted blocks remain manual review.
11,Iterative FFT (Cooley-Tukey),/Users/medina/Projects/oer-books/advanced-algorithms-book/chapters/11-Numerical-Algorithms.qmd,PSEUDOCODE,Fenced block at lines 292-295,,,UNLABELED,YES,NO,SEE code-verification-results.csv,NO,NO,LOW,Use block-level verification record,Safe automated classification plus targeted tests; unexecuted blocks remain manual review.
11,Complete FFT Implementation,/Users/medina/Projects/oer-books/advanced-algorithms-book/chapters/11-Numerical-Algorithms.qmd,CODE,Fenced block at lines 303-542,,,python,YES,CANDIDATE,SEE code-verification-results.csv,NO,NO,LOW,Use block-level verification record,Safe automated classification plus targeted tests; unexecuted blocks remain manual review.
11,Polynomial Multiplication: FFT's Secret Superpower,/Users/medina/Projects/oer-books/advanced-algorithms-book/chapters/11-Numerical-Algorithms.qmd,MATHEMATICAL_CLAIM,Polynomial Multiplication: FFT's Secret Superpower,,,,NO,NO,MANUAL REVIEW,NO,NO,LOW,Verify assumptions and terminology,line 545
11,The Problem,/Users/medina/Projects/oer-books/advanced-algorithms-book/chapters/11-Numerical-Algorithms.qmd,MATHEMATICAL_CLAIM,You have two polynomials:,,,,NO,NO,MANUAL REVIEW,NO,NO,LOW,Verify assumptions and terminology,line 549
11,The Problem,/Users/medina/Projects/oer-books/advanced-algorithms-book/chapters/11-Numerical-Algorithms.qmd,PSEUDOCODE,Fenced block at lines 551-552,,,UNLABELED,YES,NO,SEE code-verification-results.csv,NO,NO,LOW,Use block-level verification record,Safe automated classification plus targeted tests; unexecuted blocks remain manual review.
11,The Problem,/Users/medina/Projects/oer-books/advanced-algorithms-book/chapters/11-Numerical-Algorithms.qmd,CODE,Fenced block at lines 560-573,,O(n²),python,YES,CANDIDATE,SEE code-verification-results.csv,NO,NO,LOW,Use block-level verification record,Safe automated classification plus targeted tests; unexecuted blocks remain manual review.
11,The Problem,/Users/medina/Projects/oer-books/advanced-algorithms-book/chapters/11-Numerical-Algorithms.qmd,PSEUDOCODE,Fenced block at lines 578-583,,,UNLABELED,YES,NO,SEE code-verification-results.csv,NO,NO,LOW,Use block-level verification record,Safe automated classification plus targeted tests; unexecuted blocks remain manual review.
11,The FFT Trick,/Users/medina/Projects/oer-books/advanced-algorithms-book/chapters/11-Numerical-Algorithms.qmd,MATHEMATICAL_CLAIM,"Here's the key insight: polynomial multiplication in coefficient form is convolution, and convolution in time domain is multiplication in frequency domain!",,,,NO,NO,MANUAL REVIEW,NO,NO,LOW,Verify assumptions and terminology,line 588
11,The FFT Trick,/Users/medina/Projects/oer-books/advanced-algorithms-book/chapters/11-Numerical-Algorithms.qmd,PSEUDOCODE,Fenced block at lines 591-595,,,UNLABELED,YES,NO,SEE code-verification-results.csv,NO,NO,LOW,Use block-level verification record,Safe automated classification plus targeted tests; unexecuted blocks remain manual review.
11,The FFT Trick,/Users/medina/Projects/oer-books/advanced-algorithms-book/chapters/11-Numerical-Algorithms.qmd,PROOF,"Think of polynomials as signals. The coefficients are like time-domain samples. When we multiply polynomials, we're convolving their coefficients. By the convolution theorem:",,,,NO,NO,MANUAL REVIEW,NO,NO,LOW,Verify assumptions and terminology,line 600
11,The FFT Trick,/Users/medina/Projects/oer-books/advanced-algorithms-book/chapters/11-Numerical-Algorithms.qmd,PSEUDOCODE,Fenced block at lines 603-603,,,UNLABELED,YES,NO,SEE code-verification-results.csv,NO,NO,LOW,Use block-level verification record,Safe automated classification plus targeted tests; unexecuted blocks remain manual review.
11,The FFT Trick,/Users/medina/Projects/oer-books/advanced-algorithms-book/chapters/11-Numerical-Algorithms.qmd,MATHEMATICAL_CLAIM,Time complexity:,,,,NO,NO,MANUAL REVIEW,NO,NO,LOW,Verify assumptions and terminology,line 606
11,The FFT Trick,/Users/medina/Projects/oer-books/advanced-algorithms-book/chapters/11-Numerical-Algorithms.qmd,COMPLEXITY,- Naive: O(n²),,O(n²),,NO,NO,REVIEWED,NO,NO,LOW,Verify assumptions and terminology,line 607
11,The FFT Trick,/Users/medina/Projects/oer-books/advanced-algorithms-book/chapters/11-Numerical-Algorithms.qmd,COMPLEXITY,- FFT method: O(n log n),,O(n log n),,NO,NO,REVIEWED,NO,NO,LOW,Verify assumptions and terminology,line 608
11,The FFT Trick,/Users/medina/Projects/oer-books/advanced-algorithms-book/chapters/11-Numerical-Algorithms.qmd,MATHEMATICAL_CLAIM,"For large polynomials, this is HUGE!",,,,NO,NO,MANUAL REVIEW,NO,NO,LOW,Verify assumptions and terminology,line 610
11,Implementation,/Users/medina/Projects/oer-books/advanced-algorithms-book/chapters/11-Numerical-Algorithms.qmd,CODE,Fenced block at lines 615-708,,O(n log n),python,YES,CANDIDATE,SEE code-verification-results.csv,NO,NO,LOW,Use block-level verification record,Safe automated classification plus targeted tests; unexecuted blocks remain manual review.
11,Application: Big Integer Multiplication,/Users/medina/Projects/oer-books/advanced-algorithms-book/chapters/11-Numerical-Algorithms.qmd,COMPLEXITY,You can use FFT to multiply huge integers in O(n log n) time!,,O(n log n),,NO,NO,REVIEWED,NO,NO,LOW,Verify assumptions and terminology,line 713
11,Application: Big Integer Multiplication,/Users/medina/Projects/oer-books/advanced-algorithms-book/chapters/11-Numerical-Algorithms.qmd,CODE,Fenced block at lines 716-767,,,python,YES,CANDIDATE,SEE code-verification-results.csv,NO,NO,LOW,Use block-level verification record,Safe automated classification plus targeted tests; unexecuted blocks remain manual review.
11,Matrix Multiplication: The Naive Way,/Users/medina/Projects/oer-books/advanced-algorithms-book/chapters/11-Numerical-Algorithms.qmd,CODE,Fenced block at lines 794-810,,O(mnp),python,YES,CANDIDATE,SEE code-verification-results.csv,NO,NO,LOW,Use block-level verification record,Safe automated classification plus targeted tests; unexecuted blocks remain manual review.
11,Matrix Multiplication: The Naive Way,/Users/medina/Projects/oer-books/advanced-algorithms-book/chapters/11-Numerical-Algorithms.qmd,COMPLEXITY,"For square matrices (n×n), this is O(n³).",,O(n³),,NO,NO,REVIEWED,NO,NO,LOW,Verify assumptions and terminology,line 813
11,Strassen's Algorithm: O(n^2.807),/Users/medina/Projects/oer-books/advanced-algorithms-book/chapters/11-Numerical-Algorithms.qmd,COMPLEXITY,Strassen's Algorithm: O(n^2.807),,O(n^2.807),,NO,NO,REVIEWED,NO,NO,LOW,Verify assumptions and terminology,line 819
11,Strassen's Algorithm: O(n^2.807),/Users/medina/Projects/oer-books/advanced-algorithms-book/chapters/11-Numerical-Algorithms.qmd,PSEUDOCODE,Fenced block at lines 825-826,,,UNLABELED,YES,NO,SEE code-verification-results.csv,NO,NO,LOW,Use block-level verification record,Safe automated classification plus targeted tests; unexecuted blocks remain manual review.
11,Strassen's Algorithm: O(n^2.807),/Users/medina/Projects/oer-books/advanced-algorithms-book/chapters/11-Numerical-Algorithms.qmd,PSEUDOCODE,Fenced block at lines 831-843,,,UNLABELED,YES,NO,SEE code-verification-results.csv,NO,NO,LOW,Use block-level verification record,Safe automated classification plus targeted tests; unexecuted blocks remain manual review.
11,Strassen's Algorithm: O(n^2.807),/Users/medina/Projects/oer-books/advanced-algorithms-book/chapters/11-Numerical-Algorithms.qmd,COMPLEXITY,"By recursively applying this, you get O(n^log₂(7)) ≈ O(n^2.807).",,O(n^log₂(7) O(n^2.807),,NO,NO,REVIEWED,NO,NO,LOW,Verify assumptions and terminology,line 846
11,Strassen's Algorithm: O(n^2.807),/Users/medina/Projects/oer-books/advanced-algorithms-book/chapters/11-Numerical-Algorithms.qmd,CODE,Fenced block at lines 849-899,,O(n^2.807),python,YES,CANDIDATE,SEE code-verification-results.csv,NO,NO,LOW,Use block-level verification record,Safe automated classification plus targeted tests; unexecuted blocks remain manual review.
11,Cache-Efficient Matrix Multiplication,/Users/medina/Projects/oer-books/advanced-algorithms-book/chapters/11-Numerical-Algorithms.qmd,CODE,Fenced block at lines 919-947,,O(n³),python,YES,CANDIDATE,SEE code-verification-results.csv,NO,NO,LOW,Use block-level verification record,Safe automated classification plus targeted tests; unexecuted blocks remain manual review.
11,Matrix Operations Library,/Users/medina/Projects/oer-books/advanced-algorithms-book/chapters/11-Numerical-Algorithms.qmd,CODE,Fenced block at lines 960-1181,,O(log n) O(n²) O(n³) O(n³) O(n³) O(n³),python,YES,CANDIDATE,SEE code-verification-results.csv,NO,NO,LOW,Use block-level verification record,Safe automated classification plus targeted tests; unexecuted blocks remain manual review.
11,The Floating-Point Problem,/Users/medina/Projects/oer-books/advanced-algorithms-book/chapters/11-Numerical-Algorithms.qmd,CODE,Fenced block at lines 1191-1215,,,python,YES,CANDIDATE,SEE code-verification-results.csv,NO,NO,LOW,Use block-level verification record,Safe automated classification plus targeted tests; unexecuted blocks remain manual review.
11,Condition Numbers,/Users/medina/Projects/oer-books/advanced-algorithms-book/chapters/11-Numerical-Algorithms.qmd,PSEUDOCODE,Fenced block at lines 1224-1227,,,UNLABELED,YES,NO,SEE code-verification-results.csv,NO,NO,LOW,Use block-level verification record,Safe automated classification plus targeted tests; unexecuted blocks remain manual review.
11,Condition Numbers,/Users/medina/Projects/oer-books/advanced-algorithms-book/chapters/11-Numerical-Algorithms.qmd,CODE,Fenced block at lines 1231-1275,,,python,YES,CANDIDATE,SEE code-verification-results.csv,NO,NO,LOW,Use block-level verification record,Safe automated classification plus targeted tests; unexecuted blocks remain manual review.
11,Numerically Stable Algorithms,/Users/medina/Projects/oer-books/advanced-algorithms-book/chapters/11-Numerical-Algorithms.qmd,CODE,Fenced block at lines 1283-1335,,,python,YES,CANDIDATE,SEE code-verification-results.csv,NO,NO,LOW,Use block-level verification record,Safe automated classification plus targeted tests; unexecuted blocks remain manual review.
11,Best Practices for Numerical Computing,/Users/medina/Projects/oer-books/advanced-algorithms-book/chapters/11-Numerical-Algorithms.qmd,CODE,Fenced block at lines 1341-1446,,,python,YES,CANDIDATE,SEE code-verification-results.csv,NO,NO,LOW,Use block-level verification record,Safe automated classification plus targeted tests; unexecuted blocks remain manual review.
11,Audio Processing,/Users/medina/Projects/oer-books/advanced-algorithms-book/chapters/11-Numerical-Algorithms.qmd,CODE,Fenced block at lines 1454-1691,,"o(filename, duration=None) o(duration=2.0)",python,YES,CANDIDATE,SEE code-verification-results.csv,NO,NO,LOW,Use block-level verification record,Safe automated classification plus targeted tests; unexecuted blocks remain manual review.
11,Image Processing with FFT,/Users/medina/Projects/oer-books/advanced-algorithms-book/chapters/11-Numerical-Algorithms.qmd,CODE,Fenced block at lines 1697-1836,,o(spectrum),python,YES,CANDIDATE,SEE code-verification-results.csv,NO,NO,LOW,Use block-level verification record,Safe automated classification plus targeted tests; unexecuted blocks remain manual review.
11,Project Structure,/Users/medina/Projects/oer-books/advanced-algorithms-book/chapters/11-Numerical-Algorithms.qmd,PSEUDOCODE,Fenced block at lines 1846-1870,,,UNLABELED,YES,NO,SEE code-verification-results.csv,NO,NO,LOW,Use block-level verification record,Safe automated classification plus targeted tests; unexecuted blocks remain manual review.
11,Core FFT Module,/Users/medina/Projects/oer-books/advanced-algorithms-book/chapters/11-Numerical-Algorithms.qmd,CODE,Fenced block at lines 1876-1907,,,python,YES,CANDIDATE,SEE code-verification-results.csv,NO,NO,LOW,Use block-level verification record,Safe automated classification plus targeted tests; unexecuted blocks remain manual review.
11,Signal Generator Module,/Users/medina/Projects/oer-books/advanced-algorithms-book/chapters/11-Numerical-Algorithms.qmd,CODE,Fenced block at lines 1913-2127,,,python,YES,CANDIDATE,SEE code-verification-results.csv,NO,NO,LOW,Use block-level verification record,Safe automated classification plus targeted tests; unexecuted blocks remain manual review.
11,Complete Audio Processor Application,/Users/medina/Projects/oer-books/advanced-algorithms-book/chapters/11-Numerical-Algorithms.qmd,CODE,Fenced block at lines 2133-2362,,"o(self, delay=0.3, decay=0.5) o (musical note) o(delay=0.3, decay=0.5)",python,YES,CANDIDATE,SEE code-verification-results.csv,NO,NO,LOW,Use block-level verification record,Safe automated classification plus targeted tests; unexecuted blocks remain manual review.
11,Command-Line Interface,/Users/medina/Projects/oer-books/advanced-algorithms-book/chapters/11-Numerical-Algorithms.qmd,CODE,Fenced block at lines 2368-2422,,o (0-1),python,YES,CANDIDATE,SEE code-verification-results.csv,NO,NO,LOW,Use block-level verification record,Safe automated classification plus targeted tests; unexecuted blocks remain manual review.
11,Summary and Key Takeaways,/Users/medina/Projects/oer-books/advanced-algorithms-book/chapters/11-Numerical-Algorithms.qmd,COMPLEXITY,"1. FFT: O(n log n) frequency analysis, revolutionized signal processing",,O(n log n),,NO,NO,REVIEWED,NO,NO,LOW,Verify assumptions and terminology,line 2428
11,Summary and Key Takeaways,/Users/medina/Projects/oer-books/advanced-algorithms-book/chapters/11-Numerical-Algorithms.qmd,COMPLEXITY,2. Polynomial multiplication: Use FFT for O(n log n) multiplication,,O(n log n),,NO,NO,REVIEWED,NO,NO,LOW,Verify assumptions and terminology,line 2429
11,Summary and Key Takeaways,/Users/medina/Projects/oer-books/advanced-algorithms-book/chapters/11-Numerical-Algorithms.qmd,PROOF,- Convolution theorem: Time-domain convolution = frequency-domain multiplication,,,,NO,NO,MANUAL REVIEW,NO,NO,LOW,Verify assumptions and terminology,line 2435
11,Summary and Key Takeaways,/Users/medina/Projects/oer-books/advanced-algorithms-book/chapters/11-Numerical-Algorithms.qmd,MATHEMATICAL_CLAIM,- Cache matters: Algorithm complexity isn't everything,,,,NO,NO,MANUAL REVIEW,NO,NO,LOW,Verify assumptions and terminology,line 2436
11,Conceptual Understanding,/Users/medina/Projects/oer-books/advanced-algorithms-book/chapters/11-Numerical-Algorithms.qmd,PROOF,1. FFT Complexity: Prove that FFT has O(n log n) complexity using the Master Theorem.,,O(n log n),,NO,NO,MANUAL REVIEW,NO,NO,LOW,Verify assumptions and terminology,line 2455
11,Conceptual Understanding,/Users/medina/Projects/oer-books/advanced-algorithms-book/chapters/11-Numerical-Algorithms.qmd,MATHEMATICAL_CLAIM,3. Matrix Blocking: Calculate the optimal block size for your CPU's L1 cache.,,,,NO,NO,MANUAL REVIEW,NO,NO,LOW,Verify assumptions and terminology,line 2459
11,Application Problems,/Users/medina/Projects/oer-books/advanced-algorithms-book/chapters/11-Numerical-Algorithms.qmd,MATHEMATICAL_CLAIM,9. Polynomial GCD: Use FFT-based polynomial multiplication to compute GCD of polynomials.,,,,NO,NO,MANUAL REVIEW,NO,NO,LOW,Verify assumptions and terminology,line 2475
11,Advanced Topics,/Users/medina/Projects/oer-books/advanced-algorithms-book/chapters/11-Numerical-Algorithms.qmd,MATHEMATICAL_CLAIM,10. Number-Theoretic Transform: Implement NTT for exact integer polynomial multiplication.,,,,NO,NO,MANUAL REVIEW,NO,NO,LOW,Verify assumptions and terminology,line 2479
11,Further Reading,/Users/medina/Projects/oer-books/advanced-algorithms-book/chapters/11-Numerical-Algorithms.qmd,MATHEMATICAL_CLAIM,"- Strassen (1969): ""Gaussian Elimination is Not Optimal""",,,,NO,NO,MANUAL REVIEW,YES,YES,MEDIUM,Verify assumptions and terminology,line 2489
11,Further Reading,/Users/medina/Projects/oer-books/advanced-algorithms-book/chapters/11-Numerical-Algorithms.qmd,COMPLEXITY,Next up: Advanced data structures that can query ranges in O(log n) time and support persistent versions of themselves!,,O(log n),,NO,NO,REVIEWED,NO,NO,LOW,Verify assumptions and terminology,line 2507
12,Introduction: Beyond the Basics,/Users/medina/Projects/oer-books/advanced-algorithms-book/chapters/12-Advanced-Data-Structures.qmd,COMPLEXITY,- Find the sum of elements from index 1000 to 5000 in an array that changes frequently (try doing that in O(log n)!),,O(log n),,NO,NO,REVIEWED,NO,NO,LOW,Verify assumptions and terminology,line 13
12,The Problem,/Users/medina/Projects/oer-books/advanced-algorithms-book/chapters/12-Advanced-Data-Structures.qmd,COMPLEXITY,- Query: O(n) by iterating through the range,,O(n),,NO,NO,REVIEWED,NO,NO,LOW,Verify assumptions and terminology,line 47
12,The Problem,/Users/medina/Projects/oer-books/advanced-algorithms-book/chapters/12-Advanced-Data-Structures.qmd,COMPLEXITY,- Update: O(1) just set the value,,O(1),,NO,NO,REVIEWED,NO,NO,LOW,Verify assumptions and terminology,line 48
12,The Problem,/Users/medina/Projects/oer-books/advanced-algorithms-book/chapters/12-Advanced-Data-Structures.qmd,COMPLEXITY,"- Use prefix sums for O(1) queries, but O(n) updates",,O(1) O(n),,NO,NO,REVIEWED,NO,NO,LOW,Verify assumptions and terminology,line 52
12,The Problem,/Users/medina/Projects/oer-books/advanced-algorithms-book/chapters/12-Advanced-Data-Structures.qmd,COMPLEXITY,Can we do better? Yes! O(log n) for both operations!,,O(log n),,NO,NO,REVIEWED,NO,NO,LOW,Verify assumptions and terminology,line 54
12,The Segment Tree Idea,/Users/medina/Projects/oer-books/advanced-algorithms-book/chapters/12-Advanced-Data-Structures.qmd,PSEUDOCODE,Fenced block at lines 64-74,,,UNLABELED,YES,NO,SEE code-verification-results.csv,NO,NO,LOW,Use block-level verification record,Safe automated classification plus targeted tests; unexecuted blocks remain manual review.
12,The Segment Tree Idea,/Users/medina/Projects/oer-books/advanced-algorithms-book/chapters/12-Advanced-Data-Structures.qmd,COMPLEXITY,"Key insight: Any range [L, R] can be broken into O(log n) nodes in the tree!",,O(log n),,NO,NO,REVIEWED,NO,NO,LOW,Verify assumptions and terminology,line 77
12,Building a Segment Tree,/Users/medina/Projects/oer-books/advanced-algorithms-book/chapters/12-Advanced-Data-Structures.qmd,CODE,Fenced block at lines 87-223,,O(n) O(n) O(log n) O(log n),python,YES,CANDIDATE,SEE code-verification-results.csv,NO,NO,LOW,Use block-level verification record,Safe automated classification plus targeted tests; unexecuted blocks remain manual review.
12,Step-by-Step Example,/Users/medina/Projects/oer-books/advanced-algorithms-book/chapters/12-Advanced-Data-Structures.qmd,CODE,Fenced block at lines 231-270,,,python,YES,CANDIDATE,SEE code-verification-results.csv,NO,NO,LOW,Use block-level verification record,Safe automated classification plus targeted tests; unexecuted blocks remain manual review.
12,Lazy Propagation: Range Updates,/Users/medina/Projects/oer-books/advanced-algorithms-book/chapters/12-Advanced-Data-Structures.qmd,COMPLEXITY,Naive approach: Update each element individually → O(n log n),,O(n log n),,NO,NO,REVIEWED,NO,NO,LOW,Verify assumptions and terminology,line 277
12,Lazy Propagation: Range Updates,/Users/medina/Projects/oer-books/advanced-algorithms-book/chapters/12-Advanced-Data-Structures.qmd,COMPLEXITY,Lazy propagation: Defer updates until necessary → O(log n)!,,O(log n),,NO,NO,REVIEWED,NO,NO,LOW,Verify assumptions and terminology,line 279
12,Lazy Propagation: Range Updates,/Users/medina/Projects/oer-books/advanced-algorithms-book/chapters/12-Advanced-Data-Structures.qmd,CODE,Fenced block at lines 284-433,,O(log n) O(log n) O(log n) O(log n),python,YES,CANDIDATE,SEE code-verification-results.csv,NO,NO,LOW,Use block-level verification record,Safe automated classification plus targeted tests; unexecuted blocks remain manual review.
12,Applications and Variants,/Users/medina/Projects/oer-books/advanced-algorithms-book/chapters/12-Advanced-Data-Structures.qmd,CODE,Fenced block at lines 446-509,,O(log n) O(log n) O(log n),python,YES,CANDIDATE,SEE code-verification-results.csv,NO,NO,LOW,Use block-level verification record,Safe automated classification plus targeted tests; unexecuted blocks remain manual review.
12,The Inspiration,/Users/medina/Projects/oer-books/advanced-algorithms-book/chapters/12-Advanced-Data-Structures.qmd,COMPLEXITY,- ✅ Same O(log n) operations,,O(log n),,NO,NO,REVIEWED,NO,NO,LOW,Verify assumptions and terminology,line 522
12,The Brilliant Idea,/Users/medina/Projects/oer-books/advanced-algorithms-book/chapters/12-Advanced-Data-Structures.qmd,PSEUDOCODE,Fenced block at lines 533-540,,,UNLABELED,YES,NO,SEE code-verification-results.csv,NO,NO,LOW,Use block-level verification record,Safe automated classification plus targeted tests; unexecuted blocks remain manual review.
12,Implementation,/Users/medina/Projects/oer-books/advanced-algorithms-book/chapters/12-Advanced-Data-Structures.qmd,CODE,Fenced block at lines 564-725,,O(log n) O(log n) O(log n) O(n) O(log n) O(log n) O(log n) O(log n),python,YES,CANDIDATE,SEE code-verification-results.csv,NO,NO,LOW,Use block-level verification record,Safe automated classification plus targeted tests; unexecuted blocks remain manual review.
12,The Magic of Bit Manipulation,/Users/medina/Projects/oer-books/advanced-algorithms-book/chapters/12-Advanced-Data-Structures.qmd,CODE,Fenced block at lines 733-782,,,python,YES,CANDIDATE,SEE code-verification-results.csv,NO,NO,LOW,Use block-level verification record,Safe automated classification plus targeted tests; unexecuted blocks remain manual review.
12,2D Fenwick Tree,/Users/medina/Projects/oer-books/advanced-algorithms-book/chapters/12-Advanced-Data-Structures.qmd,CODE,Fenced block at lines 790-896,,"O(log n × log m) o (row, col) O(log n × log m) o (r2,c2) O(log n × log m) o ({r2},{c2})",python,YES,CANDIDATE,SEE code-verification-results.csv,NO,NO,LOW,Use block-level verification record,Safe automated classification plus targeted tests; unexecuted blocks remain manual review.
12,Fenwick Tree vs Segment Tree,/Users/medina/Projects/oer-books/advanced-algorithms-book/chapters/12-Advanced-Data-Structures.qmd,CODE,Fenced block at lines 902-981,,,python,YES,CANDIDATE,SEE code-verification-results.csv,NO,NO,LOW,Use block-level verification record,Safe automated classification plus targeted tests; unexecuted blocks remain manual review.
12,The Problem,/Users/medina/Projects/oer-books/advanced-algorithms-book/chapters/12-Advanced-Data-Structures.qmd,COMPLEXITY,Naive approach: Copy entire data structure for each version → O(n) space per version!,,O(n),,NO,NO,REVIEWED,NO,NO,LOW,Verify assumptions and terminology,line 990
12,The Problem,/Users/medina/Projects/oer-books/advanced-algorithms-book/chapters/12-Advanced-Data-Structures.qmd,COMPLEXITY,Persistent data structures: Share common parts between versions → O(1) or O(log n) space per version!,,O(1) O(log n),,NO,NO,REVIEWED,NO,NO,LOW,Verify assumptions and terminology,line 992
12,Persistent Array,/Users/medina/Projects/oer-books/advanced-algorithms-book/chapters/12-Advanced-Data-Structures.qmd,CODE,Fenced block at lines 999-1160,,O(log n) O(log n) O(log n) O(log n),python,YES,CANDIDATE,SEE code-verification-results.csv,NO,NO,LOW,Use block-level verification record,Safe automated classification plus targeted tests; unexecuted blocks remain manual review.
12,Persistent Segment Tree,/Users/medina/Projects/oer-books/advanced-algorithms-book/chapters/12-Advanced-Data-Structures.qmd,CODE,Fenced block at lines 1166-1321,,O(log n) O(log n) O(log n) O(log n),python,YES,CANDIDATE,SEE code-verification-results.csv,NO,NO,LOW,Use block-level verification record,Safe automated classification plus targeted tests; unexecuted blocks remain manual review.
12,Applications of Persistence,/Users/medina/Projects/oer-books/advanced-algorithms-book/chapters/12-Advanced-Data-Structures.qmd,CODE,Fenced block at lines 1327-1413,,O(log n) o(self) o(self),python,YES,CANDIDATE,SEE code-verification-results.csv,NO,NO,LOW,Use block-level verification record,Safe automated classification plus targeted tests; unexecuted blocks remain manual review.
12,The Problem,/Users/medina/Projects/oer-books/advanced-algorithms-book/chapters/12-Advanced-Data-Structures.qmd,COMPLEXITY,"Naive: Store array → 125 MB, but rank/select are slow (O(n))",,O(n),,NO,NO,REVIEWED,NO,NO,LOW,Verify assumptions and terminology,line 1425
12,The Problem,/Users/medina/Projects/oer-books/advanced-algorithms-book/chapters/12-Advanced-Data-Structures.qmd,COMPLEXITY,Succinct: Store in just n + o(n) bits (barely more than the data itself!) with O(1) operations!,,o(n) O(1),,NO,NO,REVIEWED,NO,NO,LOW,Verify assumptions and terminology,line 1427
12,Succinct Bit Vector,/Users/medina/Projects/oer-books/advanced-algorithms-book/chapters/12-Advanced-Data-Structures.qmd,CODE,Fenced block at lines 1432-1593,,O(n/log n) O(1) O(1) O(1) O(log n) O(log n) O(1),python,YES,CANDIDATE,SEE code-verification-results.csv,NO,NO,LOW,Use block-level verification record,Safe automated classification plus targeted tests; unexecuted blocks remain manual review.
12,Wavelet Tree,/Users/medina/Projects/oer-books/advanced-algorithms-book/chapters/12-Advanced-Data-Structures.qmd,COMPLEXITY,"All in O(log σ) time, where σ = alphabet size!",,O(log σ),,NO,NO,REVIEWED,NO,NO,LOW,Verify assumptions and terminology,line 1603
12,Wavelet Tree,/Users/medina/Projects/oer-books/advanced-algorithms-book/chapters/12-Advanced-Data-Structures.qmd,CODE,Fenced block at lines 1606-1734,,O(log σ) O(log σ) O(log σ),python,YES,CANDIDATE,SEE code-verification-results.csv,NO,NO,LOW,Use block-level verification record,Safe automated classification plus targeted tests; unexecuted blocks remain manual review.
12,Applications of Succinct Structures,/Users/medina/Projects/oer-books/advanced-algorithms-book/chapters/12-Advanced-Data-Structures.qmd,CODE,Fenced block at lines 1740-1845,,,python,YES,CANDIDATE,SEE code-verification-results.csv,NO,NO,LOW,Use block-level verification record,Safe automated classification plus targeted tests; unexecuted blocks remain manual review.
12,Cache-Oblivious Matrix Transpose,/Users/medina/Projects/oer-books/advanced-algorithms-book/chapters/12-Advanced-Data-Structures.qmd,CODE,Fenced block at lines 1861-2031,,O(n²) O(n² / B) O(n²) O(n² / B + n² / √M) O(nmp) O(n³ / B√M),python,YES,CANDIDATE,SEE code-verification-results.csv,NO,NO,LOW,Use block-level verification record,Safe automated classification plus targeted tests; unexecuted blocks remain manual review.
12,Van Emde Boas Layout,/Users/medina/Projects/oer-books/advanced-algorithms-book/chapters/12-Advanced-Data-Structures.qmd,CODE,Fenced block at lines 2037-2105,,,python,YES,CANDIDATE,SEE code-verification-results.csv,NO,NO,LOW,Use block-level verification record,Safe automated classification plus targeted tests; unexecuted blocks remain manual review.
12,Project Structure,/Users/medina/Projects/oer-books/advanced-algorithms-book/chapters/12-Advanced-Data-Structures.qmd,PSEUDOCODE,Fenced block at lines 2115-2138,,,UNLABELED,YES,NO,SEE code-verification-results.csv,NO,NO,LOW,Use block-level verification record,Safe automated classification plus targeted tests; unexecuted blocks remain manual review.
12,Unified Interface,/Users/medina/Projects/oer-books/advanced-algorithms-book/chapters/12-Advanced-Data-Structures.qmd,CODE,Fenced block at lines 2144-2186,,,python,YES,CANDIDATE,SEE code-verification-results.csv,NO,NO,LOW,Use block-level verification record,Safe automated classification plus targeted tests; unexecuted blocks remain manual review.
12,Range Query Solver Application,/Users/medina/Projects/oer-books/advanced-algorithms-book/chapters/12-Advanced-Data-Structures.qmd,CODE,Fenced block at lines 2192-2319,,o(self) O(n) O(log n) O(log n) O(4n) O(log n) O(log n) O(4n) O(log n) O(log n),python,YES,CANDIDATE,SEE code-verification-results.csv,NO,NO,LOW,Use block-level verification record,Safe automated classification plus targeted tests; unexecuted blocks remain manual review.
12,Comprehensive Benchmarking Suite,/Users/medina/Projects/oer-books/advanced-algorithms-book/chapters/12-Advanced-Data-Structures.qmd,CODE,Fenced block at lines 2325-2445,,,python,YES,CANDIDATE,SEE code-verification-results.csv,NO,NO,LOW,Use block-level verification record,Safe automated classification plus targeted tests; unexecuted blocks remain manual review.
12,Summary and Key Takeaways,/Users/medina/Projects/oer-books/advanced-algorithms-book/chapters/12-Advanced-Data-Structures.qmd,COMPLEXITY,"1. Segment Trees: O(log n) range queries with updates, very flexible",,O(log n),,NO,NO,REVIEWED,NO,NO,LOW,Verify assumptions and terminology,line 2451
12,Summary and Key Takeaways,/Users/medina/Projects/oer-books/advanced-algorithms-book/chapters/12-Advanced-Data-Structures.qmd,COMPLEXITY,3. Persistent Structures: Time-travel with O(log n) space per version,,O(log n),,NO,NO,REVIEWED,NO,NO,LOW,Verify assumptions and terminology,line 2453
12,Summary and Key Takeaways,/Users/medina/Projects/oer-books/advanced-algorithms-book/chapters/12-Advanced-Data-Structures.qmd,COMPLEXITY,4. Succinct Structures: n + o(n) space with O(1) or O(log σ) operations,,o(n) O(1) O(log σ),,NO,NO,REVIEWED,NO,NO,LOW,Verify assumptions and terminology,line 2454
12,Understanding,/Users/medina/Projects/oer-books/advanced-algorithms-book/chapters/12-Advanced-Data-Structures.qmd,COMPLEXITY,1. Segment Tree: Prove that a segment tree uses O(n) space (not O(4n) worst case) for most arrays.,,O(n) O(4n),,NO,NO,REVIEWED,YES,YES,MEDIUM,Verify assumptions and terminology,line 2481
12,Implementation,/Users/medina/Projects/oer-books/advanced-algorithms-book/chapters/12-Advanced-Data-Structures.qmd,COMPLEXITY,5. Persistent Stack: Implement a persistent stack with O(1) push/pop and access to all versions.,,O(1),,NO,NO,REVIEWED,NO,NO,LOW,Verify assumptions and terminology,line 2491
12,Implementation,/Users/medina/Projects/oer-books/advanced-algorithms-book/chapters/12-Advanced-Data-Structures.qmd,COMPLEXITY,6. Succinct Tree: Implement a succinct representation of a binary tree using 2n + o(n) bits.,,o(n),,NO,NO,REVIEWED,NO,NO,LOW,Verify assumptions and terminology,line 2493
12,Applications,/Users/medina/Projects/oer-books/advanced-algorithms-book/chapters/12-Advanced-Data-Structures.qmd,COMPLEXITY,7. Skyline Problem: Use segment tree to solve the skyline problem in O(n log n).,,O(n log n),,NO,NO,REVIEWED,NO,NO,LOW,Verify assumptions and terminology,line 2497
12,Advanced,/Users/medina/Projects/oer-books/advanced-algorithms-book/chapters/12-Advanced-Data-Structures.qmd,COMPLEXITY,11. Fractional Cascading: Speed up segment tree queries to O(log n + k) where k = output size.,,O(log n + k),,NO,NO,REVIEWED,NO,NO,LOW,Verify assumptions and terminology,line 2507
13,Beyond Worst-Case Analysis: Algorithms for the Real World,/Users/medina/Projects/oer-books/advanced-algorithms-book/chapters/13-Research-Industry-Applications.qmd,MATHEMATICAL_CLAIM,Beyond Worst-Case Analysis: Algorithms for the Real World,,,,NO,NO,MANUAL REVIEW,NO,NO,LOW,Verify assumptions and terminology,line 36
13,Beyond Worst-Case Analysis: Algorithms for the Real World,/Users/medina/Projects/oer-books/advanced-algorithms-book/chapters/13-Research-Industry-Applications.qmd,COMPLEXITY,"For decades, algorithm analysis focused obsessively on worst-case complexity. If quicksort has O(n²) worst case, we worried about it constantly, even though it almost never happens in practice.",,O(n²),,NO,NO,REVIEWED,NO,NO,LOW,Verify assumptions and terminology,line 38
13,Smoothed Analysis,/Users/medina/Projects/oer-books/advanced-algorithms-book/chapters/13-Research-Industry-Applications.qmd,MATHEMATICAL_CLAIM,"The simplex algorithm (1947) for linear programming has exponential worst-case complexity, but works incredibly well in practice. For 50 years, this was a mystery.",,,,NO,NO,MANUAL REVIEW,YES,YES,MEDIUM,Verify assumptions and terminology,line 52
13,Smoothed Analysis,/Users/medina/Projects/oer-books/advanced-algorithms-book/chapters/13-Research-Industry-Applications.qmd,COMPLEXITY,"Spielman and Teng proved: under smoothed analysis, simplex runs in polynomial time! The ""worst cases"" are so fragile that the tiniest random perturbation destroys them.",,polynomial time,,NO,NO,REVIEWED,YES,YES,MEDIUM,Verify assumptions and terminology,line 54
13,Smoothed Analysis,/Users/medina/Projects/oer-books/advanced-algorithms-book/chapters/13-Research-Industry-Applications.qmd,MATHEMATICAL_CLAIM,Impact: This earned Spielman the Nevanlinna Prize (essentially the Nobel of computer science). It explained why many algorithms work far better than their worst-case suggests.,,,,NO,NO,MANUAL REVIEW,NO,NO,LOW,Verify assumptions and terminology,line 56
13,Smoothed Analysis,/Users/medina/Projects/oer-books/advanced-algorithms-book/chapters/13-Research-Industry-Applications.qmd,CODE,Fenced block at lines 59-118,,O(n²),python,YES,CANDIDATE,SEE code-verification-results.csv,NO,NO,LOW,Use block-level verification record,Safe automated classification plus targeted tests; unexecuted blocks remain manual review.
13,Instance-Optimal Algorithms,/Users/medina/Projects/oer-books/advanced-algorithms-book/chapters/13-Research-Industry-Applications.qmd,MATHEMATICAL_CLAIM,Instance-Optimal Algorithms,,,,NO,NO,MANUAL REVIEW,NO,NO,LOW,Verify assumptions and terminology,line 121
13,Instance-Optimal Algorithms,/Users/medina/Projects/oer-books/advanced-algorithms-book/chapters/13-Research-Industry-Applications.qmd,MATHEMATICAL_CLAIM,"An algorithm is instance-optimal if it's the best possible for every input, not just worst-case.",,,,NO,NO,MANUAL REVIEW,NO,NO,LOW,Verify assumptions and terminology,line 123
13,Instance-Optimal Algorithms,/Users/medina/Projects/oer-books/advanced-algorithms-book/chapters/13-Research-Industry-Applications.qmd,MATHEMATICAL_CLAIM,Example: Fagin et al.'s instance-optimal join algorithms (2003) for database queries. These algorithms detect what kind of join you're doing (easy or hard) and adapt automatically.,,,,NO,NO,MANUAL REVIEW,YES,YES,MEDIUM,Verify assumptions and terminology,line 125
13,Fine-Grained Complexity,/Users/medina/Projects/oer-books/advanced-algorithms-book/chapters/13-Research-Industry-Applications.qmd,MATHEMATICAL_CLAIM,Fine-Grained Complexity,,,,NO,NO,MANUAL REVIEW,NO,NO,LOW,Verify assumptions and terminology,line 129
13,Fine-Grained Complexity,/Users/medina/Projects/oer-books/advanced-algorithms-book/chapters/13-Research-Industry-Applications.qmd,COMPLEXITY,"Around 2015, researchers realized: many problems seem to require specific running times (like O(n²) for edit distance), and we can't do better even though we can't prove it.",,O(n²),,NO,NO,REVIEWED,YES,YES,MEDIUM,Verify assumptions and terminology,line 131
13,Fine-Grained Complexity,/Users/medina/Projects/oer-books/advanced-algorithms-book/chapters/13-Research-Industry-Applications.qmd,COMPLEXITY,- Edit distance requires Ω(n²),,Ω(n²),,NO,NO,REVIEWED,NO,NO,LOW,Verify assumptions and terminology,line 136
13,Fine-Grained Complexity,/Users/medina/Projects/oer-books/advanced-algorithms-book/chapters/13-Research-Industry-Applications.qmd,COMPLEXITY,- Longest common subsequence requires Ω(n²),,Ω(n²),,NO,NO,REVIEWED,NO,NO,LOW,Verify assumptions and terminology,line 137
13,Shor's Algorithm: Breaking the Internet,/Users/medina/Projects/oer-books/advanced-algorithms-book/chapters/13-Research-Industry-Applications.qmd,COMPLEXITY,"In 1994, Peter Shor proved that quantum computers can factor integers in polynomial time: O((log N)³).",,polynomial time O((log N),,NO,NO,REVIEWED,YES,YES,MEDIUM,Verify assumptions and terminology,line 158
13,Grover's Algorithm: Quantum Search,/Users/medina/Projects/oer-books/advanced-algorithms-book/chapters/13-Research-Industry-Applications.qmd,COMPLEXITY,Grover's algorithm (1996) searches an unsorted database in O(√N) instead of O(N).,,O(√N) O(N),,NO,NO,REVIEWED,YES,YES,MEDIUM,Verify assumptions and terminology,line 176
13,Grover's Algorithm: Quantum Search,/Users/medina/Projects/oer-books/advanced-algorithms-book/chapters/13-Research-Industry-Applications.qmd,MATHEMATICAL_CLAIM,"- NP-complete problems: Get √ speedup (not enough to solve them efficiently, but still significant)",,,,NO,NO,MANUAL REVIEW,NO,NO,LOW,Verify assumptions and terminology,line 183
13,The Limitations,/Users/medina/Projects/oer-books/advanced-algorithms-book/chapters/13-Research-Industry-Applications.qmd,COMPLEXITY,- Sorting: Still Ω(n log n) (maybe √n speedup on some measures),,Ω(n log n),,NO,NO,REVIEWED,NO,NO,LOW,Verify assumptions and terminology,line 206
13,Learning-Augmented Algorithms: When ML Meets Classical CS,/Users/medina/Projects/oer-books/advanced-algorithms-book/chapters/13-Research-Industry-Applications.qmd,MATHEMATICAL_CLAIM,Imagine combining the worst-case guarantees of classical algorithms with the pattern-recognition power of machine learning. That's the promise of learning-augmented algorithms.,,,,NO,NO,MANUAL REVIEW,NO,NO,LOW,Verify assumptions and terminology,line 217
13,The Concept,/Users/medina/Projects/oer-books/advanced-algorithms-book/chapters/13-Research-Industry-Applications.qmd,MATHEMATICAL_CLAIM,"Traditional algorithms: Designed by humans, work for all inputs, worst-case guarantees.",,,,NO,NO,MANUAL REVIEW,NO,NO,LOW,Verify assumptions and terminology,line 221
13,The Concept,/Users/medina/Projects/oer-books/advanced-algorithms-book/chapters/13-Research-Industry-Applications.qmd,MATHEMATICAL_CLAIM,"Machine learning: Learn from data, work great on typical inputs, no guarantees.",,,,NO,NO,MANUAL REVIEW,NO,NO,LOW,Verify assumptions and terminology,line 223
13,The Concept,/Users/medina/Projects/oer-books/advanced-algorithms-book/chapters/13-Research-Industry-Applications.qmd,COMPLEXITY,"- Guarantee: Never worse than O(α) × classical, often much better",,O(α),,NO,NO,REVIEWED,NO,NO,LOW,Verify assumptions and terminology,line 231
13,Learned Index Structures,/Users/medina/Projects/oer-books/advanced-algorithms-book/chapters/13-Research-Industry-Applications.qmd,COMPLEXITY,"Traditional B-tree index: O(log n) lookup, works for any data distribution.",,O(log n),,NO,NO,REVIEWED,NO,NO,LOW,Verify assumptions and terminology,line 237
13,Learned Index Structures,/Users/medina/Projects/oer-books/advanced-algorithms-book/chapters/13-Research-Industry-Applications.qmd,COMPLEXITY,"Learned index: Train neural network to predict position of key in sorted array. When predictions are accurate, lookup is O(1)!",,O(1),,NO,NO,REVIEWED,NO,NO,LOW,Verify assumptions and terminology,line 239
13,Learned Index Structures,/Users/medina/Projects/oer-books/advanced-algorithms-book/chapters/13-Research-Industry-Applications.qmd,PSEUDOCODE,Fenced block at lines 243-245,,,UNLABELED,YES,NO,SEE code-verification-results.csv,NO,NO,LOW,Use block-level verification record,Safe automated classification plus targeted tests; unexecuted blocks remain manual review.
13,Learned Optimizers,/Users/medina/Projects/oer-books/advanced-algorithms-book/chapters/13-Research-Industry-Applications.qmd,MATHEMATICAL_CLAIM,Database query optimization is NP-hard. Traditional optimizers use heuristics.,,,,NO,NO,MANUAL REVIEW,NO,NO,LOW,Verify assumptions and terminology,line 271
13,The Theory,/Users/medina/Projects/oer-books/advanced-algorithms-book/chapters/13-Research-Industry-Applications.qmd,MATHEMATICAL_CLAIM,Consistency-robustness tradeoff: You can't be arbitrarily good when predictions are accurate AND arbitrarily close to optimal when they're wrong.,,,,NO,NO,MANUAL REVIEW,NO,NO,LOW,Verify assumptions and terminology,line 284
13,"Differential Privacy (Dwork et al., 2006)",/Users/medina/Projects/oer-books/advanced-algorithms-book/chapters/13-Research-Industry-Applications.qmd,PSEUDOCODE,Fenced block at lines 319-324,,,UNLABELED,YES,NO,SEE code-verification-results.csv,NO,NO,LOW,Use block-level verification record,Safe automated classification plus targeted tests; unexecuted blocks remain manual review.
13,The Algorithms,/Users/medina/Projects/oer-books/advanced-algorithms-book/chapters/13-Research-Industry-Applications.qmd,PSEUDOCODE,Fenced block at lines 342-343,,,UNLABELED,YES,NO,SEE code-verification-results.csv,NO,NO,LOW,Use block-level verification record,Safe automated classification plus targeted tests; unexecuted blocks remain manual review.
13,The Algorithms,/Users/medina/Projects/oer-books/advanced-algorithms-book/chapters/13-Research-Industry-Applications.qmd,PSEUDOCODE,Fenced block at lines 348-349,,,UNLABELED,YES,NO,SEE code-verification-results.csv,NO,NO,LOW,Use block-level verification record,Safe automated classification plus targeted tests; unexecuted blocks remain manual review.
13,The Cost of Privacy,/Users/medina/Projects/oer-books/advanced-algorithms-book/chapters/13-Research-Industry-Applications.qmd,MATHEMATICAL_CLAIM,- How to allocate privacy budget optimally?,,,,NO,NO,MANUAL REVIEW,NO,NO,LOW,Verify assumptions and terminology,line 366
13,Backpropagation: The Learning Algorithm,/Users/medina/Projects/oer-books/advanced-algorithms-book/chapters/13-Research-Industry-Applications.qmd,PSEUDOCODE,Fenced block at lines 478-478,,,UNLABELED,YES,NO,SEE code-verification-results.csv,NO,NO,LOW,Use block-level verification record,Safe automated classification plus targeted tests; unexecuted blocks remain manual review.
13,Backpropagation: The Learning Algorithm,/Users/medina/Projects/oer-books/advanced-algorithms-book/chapters/13-Research-Industry-Applications.qmd,PSEUDOCODE,Fenced block at lines 488-492,,,UNLABELED,YES,NO,SEE code-verification-results.csv,NO,NO,LOW,Use block-level verification record,Safe automated classification plus targeted tests; unexecuted blocks remain manual review.
13,Backpropagation: The Learning Algorithm,/Users/medina/Projects/oer-books/advanced-algorithms-book/chapters/13-Research-Industry-Applications.qmd,PSEUDOCODE,Fenced block at lines 497-500,,,UNLABELED,YES,NO,SEE code-verification-results.csv,NO,NO,LOW,Use block-level verification record,Safe automated classification plus targeted tests; unexecuted blocks remain manual review.
13,Backpropagation: The Learning Algorithm,/Users/medina/Projects/oer-books/advanced-algorithms-book/chapters/13-Research-Industry-Applications.qmd,COMPLEXITY,Time complexity: O(E) where E = number of edges in network (typically E ≈ n for n parameters).,,O(E),,NO,NO,REVIEWED,NO,NO,LOW,Verify assumptions and terminology,line 505
13,Stochastic Gradient Descent: The Optimization Workhorse,/Users/medina/Projects/oer-books/advanced-algorithms-book/chapters/13-Research-Industry-Applications.qmd,PSEUDOCODE,Fenced block at lines 519-521,,,UNLABELED,YES,NO,SEE code-verification-results.csv,NO,NO,LOW,Use block-level verification record,Safe automated classification plus targeted tests; unexecuted blocks remain manual review.
13,Modern Optimizers,/Users/medina/Projects/oer-books/advanced-algorithms-book/chapters/13-Research-Industry-Applications.qmd,PSEUDOCODE,Fenced block at lines 535-536,,,UNLABELED,YES,NO,SEE code-verification-results.csv,NO,NO,LOW,Use block-level verification record,Safe automated classification plus targeted tests; unexecuted blocks remain manual review.
13,Modern Optimizers,/Users/medina/Projects/oer-books/advanced-algorithms-book/chapters/13-Research-Industry-Applications.qmd,PSEUDOCODE,Fenced block at lines 542-545,,,UNLABELED,YES,NO,SEE code-verification-results.csv,NO,NO,LOW,Use block-level verification record,Safe automated classification plus targeted tests; unexecuted blocks remain manual review.
13,The Self-Attention Mechanism,/Users/medina/Projects/oer-books/advanced-algorithms-book/chapters/13-Research-Industry-Applications.qmd,PSEUDOCODE,Fenced block at lines 576-578,,,UNLABELED,YES,NO,SEE code-verification-results.csv,NO,NO,LOW,Use block-level verification record,Safe automated classification plus targeted tests; unexecuted blocks remain manual review.
13,The Self-Attention Mechanism,/Users/medina/Projects/oer-books/advanced-algorithms-book/chapters/13-Research-Industry-Applications.qmd,PSEUDOCODE,Fenced block at lines 583-583,,,UNLABELED,YES,NO,SEE code-verification-results.csv,NO,NO,LOW,Use block-level verification record,Safe automated classification plus targeted tests; unexecuted blocks remain manual review.
13,The Self-Attention Mechanism,/Users/medina/Projects/oer-books/advanced-algorithms-book/chapters/13-Research-Industry-Applications.qmd,PSEUDOCODE,Fenced block at lines 588-588,,,UNLABELED,YES,NO,SEE code-verification-results.csv,NO,NO,LOW,Use block-level verification record,Safe automated classification plus targeted tests; unexecuted blocks remain manual review.
13,The Self-Attention Mechanism,/Users/medina/Projects/oer-books/advanced-algorithms-book/chapters/13-Research-Industry-Applications.qmd,PSEUDOCODE,Fenced block at lines 593-593,,,UNLABELED,YES,NO,SEE code-verification-results.csv,NO,NO,LOW,Use block-level verification record,Safe automated classification plus targeted tests; unexecuted blocks remain manual review.
13,The Self-Attention Mechanism,/Users/medina/Projects/oer-books/advanced-algorithms-book/chapters/13-Research-Industry-Applications.qmd,COMPLEXITY,"Time complexity: O(n²d) where n = sequence length, d = dimension",,O(n²d),,NO,NO,REVIEWED,NO,NO,LOW,Verify assumptions and terminology,line 598
13,Multi-Head Attention,/Users/medina/Projects/oer-books/advanced-algorithms-book/chapters/13-Research-Industry-Applications.qmd,PSEUDOCODE,Fenced block at lines 606-609,,,UNLABELED,YES,NO,SEE code-verification-results.csv,NO,NO,LOW,Use block-level verification record,Safe automated classification plus targeted tests; unexecuted blocks remain manual review.
13,Positional Encoding,/Users/medina/Projects/oer-books/advanced-algorithms-book/chapters/13-Research-Industry-Applications.qmd,PSEUDOCODE,Fenced block at lines 622-623,,,UNLABELED,YES,NO,SEE code-verification-results.csv,NO,NO,LOW,Use block-level verification record,Safe automated classification plus targeted tests; unexecuted blocks remain manual review.
13,The Full Transformer Architecture,/Users/medina/Projects/oer-books/advanced-algorithms-book/chapters/13-Research-Industry-Applications.qmd,PSEUDOCODE,Fenced block at lines 632-637,,,UNLABELED,YES,NO,SEE code-verification-results.csv,NO,NO,LOW,Use block-level verification record,Safe automated classification plus targeted tests; unexecuted blocks remain manual review.
13,The Full Transformer Architecture,/Users/medina/Projects/oer-books/advanced-algorithms-book/chapters/13-Research-Industry-Applications.qmd,PSEUDOCODE,Fenced block at lines 642-643,,,UNLABELED,YES,NO,SEE code-verification-results.csv,NO,NO,LOW,Use block-level verification record,Safe automated classification plus targeted tests; unexecuted blocks remain manual review.
13,The Full Transformer Architecture,/Users/medina/Projects/oer-books/advanced-algorithms-book/chapters/13-Research-Industry-Applications.qmd,PSEUDOCODE,Fenced block at lines 648-649,,,UNLABELED,YES,NO,SEE code-verification-results.csv,NO,NO,LOW,Use block-level verification record,Safe automated classification plus targeted tests; unexecuted blocks remain manual review.
13,Efficient Transformers,/Users/medina/Projects/oer-books/advanced-algorithms-book/chapters/13-Research-Industry-Applications.qmd,COMPLEXITY,- Reduces to O(n√n) or O(n log n),,O(n√n) O(n log n),,NO,NO,REVIEWED,NO,NO,LOW,Verify assumptions and terminology,line 673
13,Efficient Transformers,/Users/medina/Projects/oer-books/advanced-algorithms-book/chapters/13-Research-Industry-Applications.qmd,COMPLEXITY,- Reduces to O(nd) where d << n,,O(nd),,NO,NO,REVIEWED,NO,NO,LOW,Verify assumptions and terminology,line 676
13,Efficient Transformers,/Users/medina/Projects/oer-books/advanced-algorithms-book/chapters/13-Research-Industry-Applications.qmd,MATHEMATICAL_CLAIM,"- Same complexity, but 2-4x faster wall-clock time",,,,NO,NO,MANUAL REVIEW,NO,NO,LOW,Verify assumptions and terminology,line 679
13,The RL Framework,/Users/medina/Projects/oer-books/advanced-algorithms-book/chapters/13-Research-Industry-Applications.qmd,MATHEMATICAL_CLAIM,Value function: V(s) = expected cumulative reward starting from state s,,,,NO,NO,MANUAL REVIEW,NO,NO,LOW,Verify assumptions and terminology,line 703
13,The RL Framework,/Users/medina/Projects/oer-books/advanced-algorithms-book/chapters/13-Research-Industry-Applications.qmd,MATHEMATICAL_CLAIM,"Q-function: Q(s,a) = expected cumulative reward from state s after action a",,,,NO,NO,MANUAL REVIEW,NO,NO,LOW,Verify assumptions and terminology,line 705
13,The RL Framework,/Users/medina/Projects/oer-books/advanced-algorithms-book/chapters/13-Research-Industry-Applications.qmd,PSEUDOCODE,Fenced block at lines 709-711,,,UNLABELED,YES,NO,SEE code-verification-results.csv,NO,NO,LOW,Use block-level verification record,Safe automated classification plus targeted tests; unexecuted blocks remain manual review.
13,Q-Learning: The Classic Algorithm,/Users/medina/Projects/oer-books/advanced-algorithms-book/chapters/13-Research-Industry-Applications.qmd,PSEUDOCODE,Fenced block at lines 722-727,,,UNLABELED,YES,NO,SEE code-verification-results.csv,NO,NO,LOW,Use block-level verification record,Safe automated classification plus targeted tests; unexecuted blocks remain manual review.
13,Q-Learning: The Classic Algorithm,/Users/medina/Projects/oer-books/advanced-algorithms-book/chapters/13-Research-Industry-Applications.qmd,MATHEMATICAL_CLAIM,Convergence: Provably converges to optimal Q-function if all state-action pairs are visited infinitely often.,,,,NO,NO,MANUAL REVIEW,NO,NO,LOW,Verify assumptions and terminology,line 734
13,Deep Q-Networks (DQN),/Users/medina/Projects/oer-books/advanced-algorithms-book/chapters/13-Research-Industry-Applications.qmd,PSEUDOCODE,Fenced block at lines 742-742,,,UNLABELED,YES,NO,SEE code-verification-results.csv,NO,NO,LOW,Use block-level verification record,Safe automated classification plus targeted tests; unexecuted blocks remain manual review.
13,Deep Q-Networks (DQN),/Users/medina/Projects/oer-books/advanced-algorithms-book/chapters/13-Research-Industry-Applications.qmd,PSEUDOCODE,Fenced block at lines 747-748,,,UNLABELED,YES,NO,SEE code-verification-results.csv,NO,NO,LOW,Use block-level verification record,Safe automated classification plus targeted tests; unexecuted blocks remain manual review.
13,Policy Gradient Methods,/Users/medina/Projects/oer-books/advanced-algorithms-book/chapters/13-Research-Industry-Applications.qmd,PSEUDOCODE,Fenced block at lines 769-770,,,UNLABELED,YES,NO,SEE code-verification-results.csv,NO,NO,LOW,Use block-level verification record,Safe automated classification plus targeted tests; unexecuted blocks remain manual review.
13,Policy Gradient Methods,/Users/medina/Projects/oer-books/advanced-algorithms-book/chapters/13-Research-Industry-Applications.qmd,PSEUDOCODE,Fenced block at lines 777-779,,,UNLABELED,YES,NO,SEE code-verification-results.csv,NO,NO,LOW,Use block-level verification record,Safe automated classification plus targeted tests; unexecuted blocks remain manual review.
13,Proximal Policy Optimization (PPO),/Users/medina/Projects/oer-books/advanced-algorithms-book/chapters/13-Research-Industry-Applications.qmd,PSEUDOCODE,Fenced block at lines 792-795,,,UNLABELED,YES,NO,SEE code-verification-results.csv,NO,NO,LOW,Use block-level verification record,Safe automated classification plus targeted tests; unexecuted blocks remain manual review.
13,AlphaGo: Putting It All Together,/Users/medina/Projects/oer-books/advanced-algorithms-book/chapters/13-Research-Industry-Applications.qmd,PSEUDOCODE,Fenced block at lines 811-812,,,UNLABELED,YES,NO,SEE code-verification-results.csv,NO,NO,LOW,Use block-level verification record,Safe automated classification plus targeted tests; unexecuted blocks remain manual review.
13,AlphaGo: Putting It All Together,/Users/medina/Projects/oer-books/advanced-algorithms-book/chapters/13-Research-Industry-Applications.qmd,PSEUDOCODE,Fenced block at lines 817-818,,,UNLABELED,YES,NO,SEE code-verification-results.csv,NO,NO,LOW,Use block-level verification record,Safe automated classification plus targeted tests; unexecuted blocks remain manual review.
13,AlphaGo: Putting It All Together,/Users/medina/Projects/oer-books/advanced-algorithms-book/chapters/13-Research-Industry-Applications.qmd,PSEUDOCODE,Fenced block at lines 823-826,,,UNLABELED,YES,NO,SEE code-verification-results.csv,NO,NO,LOW,Use block-level verification record,Safe automated classification plus targeted tests; unexecuted blocks remain manual review.
13,The MapReduce Paradigm,/Users/medina/Projects/oer-books/advanced-algorithms-book/chapters/13-Research-Industry-Applications.qmd,PSEUDOCODE,Fenced block at lines 866-881,,,UNLABELED,YES,NO,SEE code-verification-results.csv,NO,NO,LOW,Use block-level verification record,Safe automated classification plus targeted tests; unexecuted blocks remain manual review.
13,MapReduce Algorithms,/Users/medina/Projects/oer-books/advanced-algorithms-book/chapters/13-Research-Industry-Applications.qmd,PSEUDOCODE,Fenced block at lines 910-912,,,UNLABELED,YES,NO,SEE code-verification-results.csv,NO,NO,LOW,Use block-level verification record,Safe automated classification plus targeted tests; unexecuted blocks remain manual review.
13,MapReduce Algorithms,/Users/medina/Projects/oer-books/advanced-algorithms-book/chapters/13-Research-Industry-Applications.qmd,PSEUDOCODE,Fenced block at lines 917-918,,,UNLABELED,YES,NO,SEE code-verification-results.csv,NO,NO,LOW,Use block-level verification record,Safe automated classification plus targeted tests; unexecuted blocks remain manual review.
13,MapReduce Algorithms,/Users/medina/Projects/oer-books/advanced-algorithms-book/chapters/13-Research-Industry-Applications.qmd,PSEUDOCODE,Fenced block at lines 923-924,,,UNLABELED,YES,NO,SEE code-verification-results.csv,NO,NO,LOW,Use block-level verification record,Safe automated classification plus targeted tests; unexecuted blocks remain manual review.
13,MapReduce Algorithms,/Users/medina/Projects/oer-books/advanced-algorithms-book/chapters/13-Research-Industry-Applications.qmd,PSEUDOCODE,Fenced block at lines 929-932,,,UNLABELED,YES,NO,SEE code-verification-results.csv,NO,NO,LOW,Use block-level verification record,Safe automated classification plus targeted tests; unexecuted blocks remain manual review.
13,Limitations and Evolution,/Users/medina/Projects/oer-books/advanced-algorithms-book/chapters/13-Research-Industry-Applications.qmd,MATHEMATICAL_CLAIM,- Exactly-once guarantees even with failures,,,,NO,NO,MANUAL REVIEW,NO,NO,LOW,Verify assumptions and terminology,line 950
13,Count-Min Sketch,/Users/medina/Projects/oer-books/advanced-algorithms-book/chapters/13-Research-Industry-Applications.qmd,COMPLEXITY,"Naive approach: Hash table → O(n) space where n = number of distinct items. If n = billions, you're out of memory.",,O(n),,NO,NO,REVIEWED,NO,NO,LOW,Verify assumptions and terminology,line 966
13,Count-Min Sketch,/Users/medina/Projects/oer-books/advanced-algorithms-book/chapters/13-Research-Industry-Applications.qmd,PSEUDOCODE,Fenced block at lines 970-978,,,UNLABELED,YES,NO,SEE code-verification-results.csv,NO,NO,LOW,Use block-level verification record,Safe automated classification plus targeted tests; unexecuted blocks remain manual review.
13,Count-Min Sketch,/Users/medina/Projects/oer-books/advanced-algorithms-book/chapters/13-Research-Industry-Applications.qmd,COMPLEXITY,- Space: O((1/ε) × log(1/δ)) where δ = failure probability,,O((1/ε),,NO,NO,REVIEWED,NO,NO,LOW,Verify assumptions and terminology,line 984
13,HyperLogLog,/Users/medina/Projects/oer-books/advanced-algorithms-book/chapters/13-Research-Industry-Applications.qmd,COMPLEXITY,Naive approach: Hash set → O(n) space.,,O(n),,NO,NO,REVIEWED,NO,NO,LOW,Verify assumptions and terminology,line 997
13,HyperLogLog,/Users/medina/Projects/oer-books/advanced-algorithms-book/chapters/13-Research-Industry-Applications.qmd,PSEUDOCODE,Fenced block at lines 1001-1010,,O(log log n) O(m log log n),UNLABELED,YES,NO,SEE code-verification-results.csv,NO,NO,LOW,Use block-level verification record,Safe automated classification plus targeted tests; unexecuted blocks remain manual review.
13,Bloom Filters,/Users/medina/Projects/oer-books/advanced-algorithms-book/chapters/13-Research-Industry-Applications.qmd,PSEUDOCODE,Fenced block at lines 1030-1041,,,UNLABELED,YES,NO,SEE code-verification-results.csv,NO,NO,LOW,Use block-level verification record,Safe automated classification plus targeted tests; unexecuted blocks remain manual review.
13,Bloom Filters,/Users/medina/Projects/oer-books/advanced-algorithms-book/chapters/13-Research-Industry-Applications.qmd,MATHEMATICAL_CLAIM,Optimal parameters: k = (m/n) × ln(2) hash functions minimizes false positives.,,,,NO,NO,MANUAL REVIEW,NO,NO,LOW,Verify assumptions and terminology,line 1049
13,Pregel: Thinking Like a Vertex,/Users/medina/Projects/oer-books/advanced-algorithms-book/chapters/13-Research-Industry-Applications.qmd,PSEUDOCODE,Fenced block at lines 1068-1078,,,UNLABELED,YES,NO,SEE code-verification-results.csv,NO,NO,LOW,Use block-level verification record,Safe automated classification plus targeted tests; unexecuted blocks remain manual review.
13,Pregel: Thinking Like a Vertex,/Users/medina/Projects/oer-books/advanced-algorithms-book/chapters/13-Research-Industry-Applications.qmd,PSEUDOCODE,Fenced block at lines 1083-1091,,,UNLABELED,YES,NO,SEE code-verification-results.csv,NO,NO,LOW,Use block-level verification record,Safe automated classification plus targeted tests; unexecuted blocks remain manual review.
13,RSA: The Algorithm That Secured the Internet,/Users/medina/Projects/oer-books/advanced-algorithms-book/chapters/13-Research-Industry-Applications.qmd,PSEUDOCODE,Fenced block at lines 1145-1152,,,UNLABELED,YES,NO,SEE code-verification-results.csv,NO,NO,LOW,Use block-level verification record,Safe automated classification plus targeted tests; unexecuted blocks remain manual review.
13,RSA: The Algorithm That Secured the Internet,/Users/medina/Projects/oer-books/advanced-algorithms-book/chapters/13-Research-Industry-Applications.qmd,PSEUDOCODE,Fenced block at lines 1161-1163,,,UNLABELED,YES,NO,SEE code-verification-results.csv,NO,NO,LOW,Use block-level verification record,Safe automated classification plus targeted tests; unexecuted blocks remain manual review.
13,The Quantum Threat to RSA,/Users/medina/Projects/oer-books/advanced-algorithms-book/chapters/13-Research-Industry-Applications.qmd,COMPLEXITY,Shor's algorithm (1994): Quantum computer can factor N in polynomial time: O((log N)³).,,polynomial time O((log N),,NO,NO,REVIEWED,YES,YES,MEDIUM,Verify assumptions and terminology,line 1172
13,The Byzantine Generals Problem,/Users/medina/Projects/oer-books/advanced-algorithms-book/chapters/13-Research-Industry-Applications.qmd,PROOF,Blockchain's innovation: Use computational work (proof-of-work) instead of assuming number of honest parties.,,,,NO,NO,MANUAL REVIEW,NO,NO,LOW,Verify assumptions and terminology,line 1206
13,Bitcoin's Proof-of-Work,/Users/medina/Projects/oer-books/advanced-algorithms-book/chapters/13-Research-Industry-Applications.qmd,PROOF,Bitcoin's Proof-of-Work,,,,NO,NO,MANUAL REVIEW,YES,YES,MEDIUM,Verify assumptions and terminology,line 1208
13,Bitcoin's Proof-of-Work,/Users/medina/Projects/oer-books/advanced-algorithms-book/chapters/13-Research-Industry-Applications.qmd,PSEUDOCODE,Fenced block at lines 1212-1223,,,UNLABELED,YES,NO,SEE code-verification-results.csv,NO,NO,LOW,Use block-level verification record,Safe automated classification plus targeted tests; unexecuted blocks remain manual review.
13,Bitcoin's Proof-of-Work,/Users/medina/Projects/oer-books/advanced-algorithms-book/chapters/13-Research-Industry-Applications.qmd,MATHEMATICAL_CLAIM,The target: Adjusted so blocks found every ~10 minutes. Currently requires ~80 zeros in binary representation (2^80 hashes expected).,,,,NO,NO,MANUAL REVIEW,NO,NO,LOW,Verify assumptions and terminology,line 1226
13,Alternative Consensus: Proof-of-Stake,/Users/medina/Projects/oer-books/advanced-algorithms-book/chapters/13-Research-Industry-Applications.qmd,PROOF,Alternative Consensus: Proof-of-Stake,,,,NO,NO,MANUAL REVIEW,NO,NO,LOW,Verify assumptions and terminology,line 1248
13,Alternative Consensus: Proof-of-Stake,/Users/medina/Projects/oer-books/advanced-algorithms-book/chapters/13-Research-Industry-Applications.qmd,PROOF,"Proof-of-Stake (Ethereum 2.0, 2022): Validators chosen based on stake (how much cryptocurrency they hold), not computational work.",,,,NO,NO,MANUAL REVIEW,YES,YES,MEDIUM,Verify assumptions and terminology,line 1250
13,Alternative Consensus: Proof-of-Stake,/Users/medina/Projects/oer-books/advanced-algorithms-book/chapters/13-Research-Industry-Applications.qmd,PSEUDOCODE,Fenced block at lines 1254-1257,,,UNLABELED,YES,NO,SEE code-verification-results.csv,NO,NO,LOW,Use block-level verification record,Safe automated classification plus targeted tests; unexecuted blocks remain manual review.
13,Alternative Consensus: Proof-of-Stake,/Users/medina/Projects/oer-books/advanced-algorithms-book/chapters/13-Research-Industry-Applications.qmd,PROOF,- 99.95% less energy than proof-of-work,,,,NO,NO,MANUAL REVIEW,NO,NO,LOW,Verify assumptions and terminology,line 1261
13,Zero-Knowledge Proofs: Proving Without Revealing,/Users/medina/Projects/oer-books/advanced-algorithms-book/chapters/13-Research-Industry-Applications.qmd,PROOF,Zero-Knowledge Proofs: Proving Without Revealing,,,,NO,NO,MANUAL REVIEW,NO,NO,LOW,Verify assumptions and terminology,line 1269
13,Interactive Zero-Knowledge,/Users/medina/Projects/oer-books/advanced-algorithms-book/chapters/13-Research-Industry-Applications.qmd,PSEUDOCODE,Fenced block at lines 1287-1298,,,UNLABELED,YES,NO,SEE code-verification-results.csv,NO,NO,LOW,Use block-level verification record,Safe automated classification plus targeted tests; unexecuted blocks remain manual review.
13,Non-Interactive Zero-Knowledge (SNARKs),/Users/medina/Projects/oer-books/advanced-algorithms-book/chapters/13-Research-Industry-Applications.qmd,PROOF,- Prover generates single proof,,,,NO,NO,MANUAL REVIEW,NO,NO,LOW,Verify assumptions and terminology,line 1311
13,Non-Interactive Zero-Knowledge (SNARKs),/Users/medina/Projects/oer-books/advanced-algorithms-book/chapters/13-Research-Industry-Applications.qmd,PROOF,- Proof is short (hundreds of bytes),,,,NO,NO,MANUAL REVIEW,NO,NO,LOW,Verify assumptions and terminology,line 1313
13,Non-Interactive Zero-Knowledge (SNARKs),/Users/medina/Projects/oer-books/advanced-algorithms-book/chapters/13-Research-Industry-Applications.qmd,PSEUDOCODE,Fenced block at lines 1318-1321,,,UNLABELED,YES,NO,SEE code-verification-results.csv,NO,NO,LOW,Use block-level verification record,Safe automated classification plus targeted tests; unexecuted blocks remain manual review.
13,Non-Interactive Zero-Knowledge (SNARKs),/Users/medina/Projects/oer-books/advanced-algorithms-book/chapters/13-Research-Industry-Applications.qmd,PROOF,- Generate proof that all transitions are valid,,,,NO,NO,MANUAL REVIEW,NO,NO,LOW,Verify assumptions and terminology,line 1333
13,Non-Interactive Zero-Knowledge (SNARKs),/Users/medina/Projects/oer-books/advanced-algorithms-book/chapters/13-Research-Industry-Applications.qmd,PROOF,- Post proof to blockchain (not all transaction data),,,,NO,NO,MANUAL REVIEW,NO,NO,LOW,Verify assumptions and terminology,line 1334
13,Non-Interactive Zero-Knowledge (SNARKs),/Users/medina/Projects/oer-books/advanced-algorithms-book/chapters/13-Research-Industry-Applications.qmd,PROOF,- Computational cost of proof generation (seconds to minutes),,,,NO,NO,MANUAL REVIEW,NO,NO,LOW,Verify assumptions and terminology,line 1339
13,Non-Interactive Zero-Knowledge (SNARKs),/Users/medina/Projects/oer-books/advanced-algorithms-book/chapters/13-Research-Industry-Applications.qmd,MATHEMATICAL_CLAIM,- Complexity of writing circuits,,,,NO,NO,MANUAL REVIEW,NO,NO,LOW,Verify assumptions and terminology,line 1340
13,Non-Interactive Zero-Knowledge (SNARKs),/Users/medina/Projects/oer-books/advanced-algorithms-book/chapters/13-Research-Industry-Applications.qmd,PROOF,"Current research: STARK proofs (no trusted setup), recursive composition (proofs of proofs), practical tooling.",,,,NO,NO,MANUAL REVIEW,NO,NO,LOW,Verify assumptions and terminology,line 1342
13,Transparency vs. Performance,/Users/medina/Projects/oer-books/advanced-algorithms-book/chapters/13-Research-Industry-Applications.qmd,MATHEMATICAL_CLAIM,Limitations: Explanations are post-hoc. Don't guarantee the model makes sense globally.,,,,NO,NO,MANUAL REVIEW,NO,NO,LOW,Verify assumptions and terminology,line 1418
13,Risk Assessment,/Users/medina/Projects/oer-books/advanced-algorithms-book/chapters/13-Research-Industry-Applications.qmd,PROOF,- Both perspectives are mathematically correct (impossibility theorem!),,,,NO,NO,MANUAL REVIEW,NO,NO,LOW,Verify assumptions and terminology,line 1535
13,Anatomy of a Research Paper,/Users/medina/Projects/oer-books/advanced-algorithms-book/chapters/13-Research-Industry-Applications.qmd,PROOF,"- Theoretical analysis: Correctness proofs, complexity bounds",,,,NO,NO,MANUAL REVIEW,NO,NO,LOW,Verify assumptions and terminology,line 1593
13,How to Read a Paper (Three-Pass Method),/Users/medina/Projects/oer-books/advanced-algorithms-book/chapters/13-Research-Industry-Applications.qmd,PROOF,"- Read carefully, but skip proofs",,,,NO,NO,MANUAL REVIEW,NO,NO,LOW,Verify assumptions and terminology,line 1610
13,How to Read a Paper (Three-Pass Method),/Users/medina/Projects/oer-books/advanced-algorithms-book/chapters/13-Research-Industry-Applications.qmd,PROOF,- Work through proofs and derivations,,,,NO,NO,MANUAL REVIEW,NO,NO,LOW,Verify assumptions and terminology,line 1617
13,Critical Reading Questions,/Users/medina/Projects/oer-books/advanced-algorithms-book/chapters/13-Research-Industry-Applications.qmd,MATHEMATICAL_CLAIM,- Is the complexity analysis tight? Are there hidden constants?,,,,NO,NO,MANUAL REVIEW,NO,NO,LOW,Verify assumptions and terminology,line 1626
13,Critical Reading Questions,/Users/medina/Projects/oer-books/advanced-algorithms-book/chapters/13-Research-Industry-Applications.qmd,PROOF,- Are proofs rigorous? Any gaps?,,,,NO,NO,MANUAL REVIEW,NO,NO,LOW,Verify assumptions and terminology,line 1637
13,Critical Reading Questions,/Users/medina/Projects/oer-books/advanced-algorithms-book/chapters/13-Research-Industry-Applications.qmd,PROOF,- Do theorems match experimental results?,,,,NO,NO,MANUAL REVIEW,NO,NO,LOW,Verify assumptions and terminology,line 1639
13,Project Description,/Users/medina/Projects/oer-books/advanced-algorithms-book/chapters/13-Research-Industry-Applications.qmd,MATHEMATICAL_CLAIM,- Explain time/space complexity,,,,NO,NO,MANUAL REVIEW,NO,NO,LOW,Verify assumptions and terminology,line 1683
13,Project Description,/Users/medina/Projects/oer-books/advanced-algorithms-book/chapters/13-Research-Industry-Applications.qmd,PROOF,- Describe key proof techniques,,,,NO,NO,MANUAL REVIEW,NO,NO,LOW,Verify assumptions and terminology,line 1684
13,Project Description,/Users/medina/Projects/oer-books/advanced-algorithms-book/chapters/13-Research-Industry-Applications.qmd,MATHEMATICAL_CLAIM,- Can you improve worst-case or average-case performance?,,,,NO,NO,MANUAL REVIEW,NO,NO,LOW,Verify assumptions and terminology,line 1699
13,Analysis Template,/Users/medina/Projects/oer-books/advanced-algorithms-book/chapters/13-Research-Industry-Applications.qmd,CODE,Fenced block at lines 1731-1802,,,markdown,YES,NO,SEE code-verification-results.csv,NO,NO,LOW,Use block-level verification record,Safe automated classification plus targeted tests; unexecuted blocks remain manual review.
13,Summary: Algorithms Shaping the Future,/Users/medina/Projects/oer-books/advanced-algorithms-book/chapters/13-Research-Industry-Applications.qmd,MATHEMATICAL_CLAIM,- Beyond worst-case analysis: algorithms for real-world data,,,,NO,NO,MANUAL REVIEW,NO,NO,LOW,Verify assumptions and terminology,line 1810
13,Summary: Algorithms Shaping the Future,/Users/medina/Projects/oer-books/advanced-algorithms-book/chapters/13-Research-Industry-Applications.qmd,PROOF,- Zero-knowledge proofs: proving without revealing,,,,NO,NO,MANUAL REVIEW,NO,NO,LOW,Verify assumptions and terminology,line 1830
13,Understanding,/Users/medina/Projects/oer-books/advanced-algorithms-book/chapters/13-Research-Industry-Applications.qmd,MATHEMATICAL_CLAIM,1. Smoothed Analysis: Explain why sorted input (worst-case for quicksort) is fragile under perturbation.,,,,NO,NO,MANUAL REVIEW,NO,NO,LOW,Verify assumptions and terminology,line 1846
13,Analysis,/Users/medina/Projects/oer-books/advanced-algorithms-book/chapters/13-Research-Industry-Applications.qmd,MATHEMATICAL_CLAIM,"6. Privacy-Utility Tradeoff: For Census data with differential privacy (ε=1), calculate expected error in population count.",,,,NO,NO,MANUAL REVIEW,NO,NO,LOW,Verify assumptions and terminology,line 1858
14,The Integration Challenge,/Users/medina/Projects/oer-books/advanced-algorithms-book/chapters/14-Project-Development.qmd,MATHEMATICAL_CLAIM,"Interface mismatches: One module returns NumPy arrays, another returns Python lists, a third returns custom objects. Converting between them adds complexity.",,,,NO,NO,MANUAL REVIEW,NO,NO,LOW,Verify assumptions and terminology,line 43
14,The Adapter Pattern,/Users/medina/Projects/oer-books/advanced-algorithms-book/chapters/14-Project-Development.qmd,CODE,Fenced block at lines 61-75,,,python,YES,CANDIDATE,SEE code-verification-results.csv,NO,NO,LOW,Use block-level verification record,Safe automated classification plus targeted tests; unexecuted blocks remain manual review.
14,The Facade Pattern,/Users/medina/Projects/oer-books/advanced-algorithms-book/chapters/14-Project-Development.qmd,CODE,Fenced block at lines 88-115,,,python,YES,CANDIDATE,SEE code-verification-results.csv,NO,NO,LOW,Use block-level verification record,Safe automated classification plus targeted tests; unexecuted blocks remain manual review.
14,The Builder Pattern,/Users/medina/Projects/oer-books/advanced-algorithms-book/chapters/14-Project-Development.qmd,CODE,Fenced block at lines 128-161,,,python,YES,CANDIDATE,SEE code-verification-results.csv,NO,NO,LOW,Use block-level verification record,Safe automated classification plus targeted tests; unexecuted blocks remain manual review.
14,Dependency Management,/Users/medina/Projects/oer-books/advanced-algorithms-book/chapters/14-Project-Development.qmd,PSEUDOCODE,Fenced block at lines 174-180,,,UNLABELED,YES,NO,SEE code-verification-results.csv,NO,NO,LOW,Use block-level verification record,Safe automated classification plus targeted tests; unexecuted blocks remain manual review.
14,Dependency Management,/Users/medina/Projects/oer-books/advanced-algorithms-book/chapters/14-Project-Development.qmd,CODE,Fenced block at lines 189-191,,,python,YES,CANDIDATE,SEE code-verification-results.csv,NO,NO,LOW,Use block-level verification record,Safe automated classification plus targeted tests; unexecuted blocks remain manual review.
14,Dependency Management,/Users/medina/Projects/oer-books/advanced-algorithms-book/chapters/14-Project-Development.qmd,CODE,Fenced block at lines 196-198,,,python,YES,CANDIDATE,SEE code-verification-results.csv,NO,NO,LOW,Use block-level verification record,Safe automated classification plus targeted tests; unexecuted blocks remain manual review.
14,Dependency Management,/Users/medina/Projects/oer-books/advanced-algorithms-book/chapters/14-Project-Development.qmd,CODE,Fenced block at lines 207-219,,,yaml,YES,CANDIDATE,SEE code-verification-results.csv,NO,NO,LOW,Use block-level verification record,Safe automated classification plus targeted tests; unexecuted blocks remain manual review.
14,Integration Testing,/Users/medina/Projects/oer-books/advanced-algorithms-book/chapters/14-Project-Development.qmd,CODE,Fenced block at lines 230-257,,,python,YES,CANDIDATE,SEE code-verification-results.csv,NO,NO,LOW,Use block-level verification record,Safe automated classification plus targeted tests; unexecuted blocks remain manual review.
14,Performance Optimization: Making It Fast,/Users/medina/Projects/oer-books/advanced-algorithms-book/chapters/14-Project-Development.qmd,MATHEMATICAL_CLAIM,Your algorithms have good time complexity. But does your code actually run fast? Let's bridge theory and practice.,,,,NO,NO,MANUAL REVIEW,NO,NO,LOW,Verify assumptions and terminology,line 286
14,Python's cProfile,/Users/medina/Projects/oer-books/advanced-algorithms-book/chapters/14-Project-Development.qmd,CODE,Fenced block at lines 305-321,,,python,YES,CANDIDATE,SEE code-verification-results.csv,NO,NO,LOW,Use block-level verification record,Safe automated classification plus targeted tests; unexecuted blocks remain manual review.
14,Python's cProfile,/Users/medina/Projects/oer-books/advanced-algorithms-book/chapters/14-Project-Development.qmd,MATHEMATICAL_CLAIM,- Unexpectedly high cumtime (investigate what it's calling),,,,NO,NO,MANUAL REVIEW,NO,NO,LOW,Verify assumptions and terminology,line 331
14,Line-by-Line Profiling,/Users/medina/Projects/oer-books/advanced-algorithms-book/chapters/14-Project-Development.qmd,CODE,Fenced block at lines 337-347,,,python,YES,CANDIDATE,SEE code-verification-results.csv,NO,NO,LOW,Use block-level verification record,Safe automated classification plus targeted tests; unexecuted blocks remain manual review.
14,Memory Profiling,/Users/medina/Projects/oer-books/advanced-algorithms-book/chapters/14-Project-Development.qmd,CODE,Fenced block at lines 355-360,,,python,YES,CANDIDATE,SEE code-verification-results.csv,NO,NO,LOW,Use block-level verification record,Safe automated classification plus targeted tests; unexecuted blocks remain manual review.
14,Memory Profiling,/Users/medina/Projects/oer-books/advanced-algorithms-book/chapters/14-Project-Development.qmd,MATHEMATICAL_CLAIM,- Unexpected memory growth,,,,NO,NO,MANUAL REVIEW,NO,NO,LOW,Verify assumptions and terminology,line 364
14,1. Avoid Redundant Work,/Users/medina/Projects/oer-books/advanced-algorithms-book/chapters/14-Project-Development.qmd,CODE,Fenced block at lines 374-379,,,python,YES,CANDIDATE,SEE code-verification-results.csv,NO,NO,LOW,Use block-level verification record,Safe automated classification plus targeted tests; unexecuted blocks remain manual review.
14,1. Avoid Redundant Work,/Users/medina/Projects/oer-books/advanced-algorithms-book/chapters/14-Project-Development.qmd,CODE,Fenced block at lines 384-388,,,python,YES,CANDIDATE,SEE code-verification-results.csv,NO,NO,LOW,Use block-level verification record,Safe automated classification plus targeted tests; unexecuted blocks remain manual review.
14,2. Use Appropriate Data Structures,/Users/medina/Projects/oer-books/advanced-algorithms-book/chapters/14-Project-Development.qmd,CODE,Fenced block at lines 395-397,,O(n),python,YES,CANDIDATE,SEE code-verification-results.csv,NO,NO,LOW,Use block-level verification record,Safe automated classification plus targeted tests; unexecuted blocks remain manual review.
14,2. Use Appropriate Data Structures,/Users/medina/Projects/oer-books/advanced-algorithms-book/chapters/14-Project-Development.qmd,CODE,Fenced block at lines 402-404,,O(1),python,YES,CANDIDATE,SEE code-verification-results.csv,NO,NO,LOW,Use block-level verification record,Safe automated classification plus targeted tests; unexecuted blocks remain manual review.
14,3. Vectorize with NumPy,/Users/medina/Projects/oer-books/advanced-algorithms-book/chapters/14-Project-Development.qmd,CODE,Fenced block at lines 413-415,,,python,YES,CANDIDATE,SEE code-verification-results.csv,NO,NO,LOW,Use block-level verification record,Safe automated classification plus targeted tests; unexecuted blocks remain manual review.
14,3. Vectorize with NumPy,/Users/medina/Projects/oer-books/advanced-algorithms-book/chapters/14-Project-Development.qmd,CODE,Fenced block at lines 420-420,,,python,YES,CANDIDATE,SEE code-verification-results.csv,NO,NO,LOW,Use block-level verification record,Safe automated classification plus targeted tests; unexecuted blocks remain manual review.
14,4. Cache Expensive Computations,/Users/medina/Projects/oer-books/advanced-algorithms-book/chapters/14-Project-Development.qmd,CODE,Fenced block at lines 430-435,,,python,YES,CANDIDATE,SEE code-verification-results.csv,NO,NO,LOW,Use block-level verification record,Safe automated classification plus targeted tests; unexecuted blocks remain manual review.
14,5. Use Generators for Large Data,/Users/medina/Projects/oer-books/advanced-algorithms-book/chapters/14-Project-Development.qmd,CODE,Fenced block at lines 446-450,,,python,YES,CANDIDATE,SEE code-verification-results.csv,NO,NO,LOW,Use block-level verification record,Safe automated classification plus targeted tests; unexecuted blocks remain manual review.
14,5. Use Generators for Large Data,/Users/medina/Projects/oer-books/advanced-algorithms-book/chapters/14-Project-Development.qmd,CODE,Fenced block at lines 455-461,,,python,YES,CANDIDATE,SEE code-verification-results.csv,NO,NO,LOW,Use block-level verification record,Safe automated classification plus targeted tests; unexecuted blocks remain manual review.
14,6. Parallelize Independent Work,/Users/medina/Projects/oer-books/advanced-algorithms-book/chapters/14-Project-Development.qmd,CODE,Fenced block at lines 467-478,,,python,YES,CANDIDATE,SEE code-verification-results.csv,NO,NO,LOW,Use block-level verification record,Safe automated classification plus targeted tests; unexecuted blocks remain manual review.
14,For Graph Algorithms,/Users/medina/Projects/oer-books/advanced-algorithms-book/chapters/14-Project-Development.qmd,COMPLEXITY,"Impact: Can change complexity class (e.g., O(V²) → O(V+E) for sparse graphs).",,O(V²) O(V+E),,NO,NO,REVIEWED,NO,NO,LOW,Verify assumptions and terminology,line 497
14,For Dynamic Programming,/Users/medina/Projects/oer-books/advanced-algorithms-book/chapters/14-Project-Development.qmd,COMPLEXITY,"Impact: O(n²) space → O(n) space, enables solving larger instances.",,O(n²) O(n),,NO,NO,REVIEWED,NO,NO,LOW,Verify assumptions and terminology,line 503
14,The Documentation Pyramid,/Users/medina/Projects/oer-books/advanced-algorithms-book/chapters/14-Project-Development.qmd,CODE,Fenced block at lines 523-537,,,python,YES,CANDIDATE,SEE code-verification-results.csv,NO,NO,LOW,Use block-level verification record,Safe automated classification plus targeted tests; unexecuted blocks remain manual review.
14,The Documentation Pyramid,/Users/medina/Projects/oer-books/advanced-algorithms-book/chapters/14-Project-Development.qmd,CODE,Fenced block at lines 542-563,,O(log n),python,YES,CANDIDATE,SEE code-verification-results.csv,NO,NO,LOW,Use block-level verification record,Safe automated classification plus targeted tests; unexecuted blocks remain manual review.
14,The Documentation Pyramid,/Users/medina/Projects/oer-books/advanced-algorithms-book/chapters/14-Project-Development.qmd,CODE,Fenced block at lines 568-580,,O(log n) O(log n) o(n),`markdown,YES,NO,SEE code-verification-results.csv,NO,NO,LOW,Use block-level verification record,Safe automated classification plus targeted tests; unexecuted blocks remain manual review.
14,Point update,/Users/medina/Projects/oer-books/advanced-algorithms-book/chapters/14-Project-Development.qmd,PSEUDOCODE,Fenced block at lines 595-597,,,UNLABELED,YES,NO,SEE code-verification-results.csv,NO,NO,LOW,Use block-level verification record,Safe automated classification plus targeted tests; unexecuted blocks remain manual review.
14,Point update,/Users/medina/Projects/oer-books/advanced-algorithms-book/chapters/14-Project-Development.qmd,PSEUDOCODE,Fenced block at lines 601-604,,,UNLABELED,YES,NO,SEE code-verification-results.csv,NO,NO,LOW,Use block-level verification record,Safe automated classification plus targeted tests; unexecuted blocks remain manual review.
14,Point update,/Users/medina/Projects/oer-books/advanced-algorithms-book/chapters/14-Project-Development.qmd,CODE,Fenced block at lines 609-634,,O(log n) O(log n) O(n),`markdown,YES,NO,SEE code-verification-results.csv,NO,NO,LOW,Use block-level verification record,Safe automated classification plus targeted tests; unexecuted blocks remain manual review.
14,Point update,/Users/medina/Projects/oer-books/advanced-algorithms-book/chapters/14-Project-Development.qmd,CODE,Fenced block at lines 639-652,,,`markdown,YES,NO,SEE code-verification-results.csv,NO,NO,LOW,Use block-level verification record,Safe automated classification plus targeted tests; unexecuted blocks remain manual review.
14,Point update,/Users/medina/Projects/oer-books/advanced-algorithms-book/chapters/14-Project-Development.qmd,PSEUDOCODE,Fenced block at lines 656-672,,O(log n),UNLABELED,YES,NO,SEE code-verification-results.csv,NO,NO,LOW,Use block-level verification record,Safe automated classification plus targeted tests; unexecuted blocks remain manual review.
14,Point update,/Users/medina/Projects/oer-books/advanced-algorithms-book/chapters/14-Project-Development.qmd,PSEUDOCODE,Fenced block at lines 676-675,,,UNLABELED,YES,NO,SEE code-verification-results.csv,NO,NO,LOW,Use block-level verification record,Safe automated classification plus targeted tests; unexecuted blocks remain manual review.
14,Documentation Best Practices,/Users/medina/Projects/oer-books/advanced-algorithms-book/chapters/14-Project-Development.qmd,COMPLEXITY,"- Good: ""We sort the array to enable binary search, reducing lookup from O(n) to O(log n)""",,O(n) O(log n),,NO,NO,REVIEWED,NO,NO,LOW,Verify assumptions and terminology,line 690
14,Documentation Best Practices,/Users/medina/Projects/oer-books/advanced-algorithms-book/chapters/14-Project-Development.qmd,CODE,Fenced block at lines 694-703,,,python,YES,CANDIDATE,SEE code-verification-results.csv,NO,NO,LOW,Use block-level verification record,Safe automated classification plus targeted tests; unexecuted blocks remain manual review.
14,Documentation Best Practices,/Users/medina/Projects/oer-books/advanced-algorithms-book/chapters/14-Project-Development.qmd,CODE,Fenced block at lines 718-732,,,python,YES,CANDIDATE,SEE code-verification-results.csv,NO,NO,LOW,Use block-level verification record,Safe automated classification plus targeted tests; unexecuted blocks remain manual review.
14,README Template,/Users/medina/Projects/oer-books/advanced-algorithms-book/chapters/14-Project-Development.qmd,CODE,Fenced block at lines 740-762,,,`markdown,YES,NO,SEE code-verification-results.csv,NO,NO,LOW,Use block-level verification record,Safe automated classification plus targeted tests; unexecuted blocks remain manual review.
14,Installation command,/Users/medina/Projects/oer-books/advanced-algorithms-book/chapters/14-Project-Development.qmd,PSEUDOCODE,Fenced block at lines 766-768,,,UNLABELED,YES,NO,SEE code-verification-results.csv,NO,NO,LOW,Use block-level verification record,Safe automated classification plus targeted tests; unexecuted blocks remain manual review.
14,Minimal working example,/Users/medina/Projects/oer-books/advanced-algorithms-book/chapters/14-Project-Development.qmd,PSEUDOCODE,Fenced block at lines 772-818,,O(n) O(n) O(log n) O(1) O(log n) O(1),UNLABELED,YES,NO,SEE code-verification-results.csv,NO,NO,LOW,Use block-level verification record,Safe automated classification plus targeted tests; unexecuted blocks remain manual review.
14,Minimal working example,/Users/medina/Projects/oer-books/advanced-algorithms-book/chapters/14-Project-Development.qmd,PSEUDOCODE,Fenced block at lines 827-826,,,UNLABELED,YES,NO,SEE code-verification-results.csv,NO,NO,LOW,Use block-level verification record,Safe automated classification plus targeted tests; unexecuted blocks remain manual review.
14,Writing Good Tests,/Users/medina/Projects/oer-books/advanced-algorithms-book/chapters/14-Project-Development.qmd,CODE,Fenced block at lines 854-869,,,python,YES,CANDIDATE,SEE code-verification-results.csv,NO,NO,LOW,Use block-level verification record,Safe automated classification plus targeted tests; unexecuted blocks remain manual review.
14,Writing Good Tests,/Users/medina/Projects/oer-books/advanced-algorithms-book/chapters/14-Project-Development.qmd,CODE,Fenced block at lines 874-883,,,python,YES,CANDIDATE,SEE code-verification-results.csv,NO,NO,LOW,Use block-level verification record,Safe automated classification plus targeted tests; unexecuted blocks remain manual review.
14,Writing Good Tests,/Users/medina/Projects/oer-books/advanced-algorithms-book/chapters/14-Project-Development.qmd,CODE,Fenced block at lines 888-897,,,python,YES,CANDIDATE,SEE code-verification-results.csv,NO,NO,LOW,Use block-level verification record,Safe automated classification plus targeted tests; unexecuted blocks remain manual review.
14,Writing Good Tests,/Users/medina/Projects/oer-books/advanced-algorithms-book/chapters/14-Project-Development.qmd,CODE,Fenced block at lines 902-910,,,python,YES,CANDIDATE,SEE code-verification-results.csv,NO,NO,LOW,Use block-level verification record,Safe automated classification plus targeted tests; unexecuted blocks remain manual review.
14,Writing Good Tests,/Users/medina/Projects/oer-books/advanced-algorithms-book/chapters/14-Project-Development.qmd,CODE,Fenced block at lines 915-925,,,python,YES,CANDIDATE,SEE code-verification-results.csv,NO,NO,LOW,Use block-level verification record,Safe automated classification plus targeted tests; unexecuted blocks remain manual review.
14,Test-Driven Development (TDD),/Users/medina/Projects/oer-books/advanced-algorithms-book/chapters/14-Project-Development.qmd,CODE,Fenced block at lines 937-952,,,python,YES,CANDIDATE,SEE code-verification-results.csv,NO,NO,LOW,Use block-level verification record,Safe automated classification plus targeted tests; unexecuted blocks remain manual review.
14,Test-Driven Development (TDD),/Users/medina/Projects/oer-books/advanced-algorithms-book/chapters/14-Project-Development.qmd,MATHEMATICAL_CLAIM,- Documents expected behavior,,,,NO,NO,MANUAL REVIEW,NO,NO,LOW,Verify assumptions and terminology,line 957
14,Code Review Best Practices,/Users/medina/Projects/oer-books/advanced-algorithms-book/chapters/14-Project-Development.qmd,PSEUDOCODE,Fenced block at lines 972-976,,,UNLABELED,YES,NO,SEE code-verification-results.csv,NO,NO,LOW,Use block-level verification record,Safe automated classification plus targeted tests; unexecuted blocks remain manual review.
14,Code Review Best Practices,/Users/medina/Projects/oer-books/advanced-algorithms-book/chapters/14-Project-Development.qmd,PSEUDOCODE,Fenced block at lines 993-996,,O(1) O(n),UNLABELED,YES,NO,SEE code-verification-results.csv,NO,NO,LOW,Use block-level verification record,Safe automated classification plus targeted tests; unexecuted blocks remain manual review.
14,Code Review Best Practices,/Users/medina/Projects/oer-books/advanced-algorithms-book/chapters/14-Project-Development.qmd,PSEUDOCODE,Fenced block at lines 1001-1003,,,UNLABELED,YES,NO,SEE code-verification-results.csv,NO,NO,LOW,Use block-level verification record,Safe automated classification plus targeted tests; unexecuted blocks remain manual review.
14,Code Review Best Practices,/Users/medina/Projects/oer-books/advanced-algorithms-book/chapters/14-Project-Development.qmd,PSEUDOCODE,Fenced block at lines 1014-1015,,,UNLABELED,YES,NO,SEE code-verification-results.csv,NO,NO,LOW,Use block-level verification record,Safe automated classification plus targeted tests; unexecuted blocks remain manual review.
14,Code Review Best Practices,/Users/medina/Projects/oer-books/advanced-algorithms-book/chapters/14-Project-Development.qmd,MATHEMATICAL_CLAIM,- ☐ Is complexity justified?,,,,NO,NO,MANUAL REVIEW,NO,NO,LOW,Verify assumptions and terminology,line 1034
14,Slide Design Principles,/Users/medina/Projects/oer-books/advanced-algorithms-book/chapters/14-Project-Development.qmd,PSEUDOCODE,Fenced block at lines 1111-1121,,,UNLABELED,YES,NO,SEE code-verification-results.csv,NO,NO,LOW,Use block-level verification record,Safe automated classification plus targeted tests; unexecuted blocks remain manual review.
14,Slide Design Principles,/Users/medina/Projects/oer-books/advanced-algorithms-book/chapters/14-Project-Development.qmd,PSEUDOCODE,Fenced block at lines 1126-1134,,logarithmic time O(log n),UNLABELED,YES,NO,SEE code-verification-results.csv,NO,NO,LOW,Use block-level verification record,Safe automated classification plus targeted tests; unexecuted blocks remain manual review.
14,Presentation Delivery,/Users/medina/Projects/oer-books/advanced-algorithms-book/chapters/14-Project-Development.qmd,PSEUDOCODE,Fenced block at lines 1185-1186,,,UNLABELED,YES,NO,SEE code-verification-results.csv,NO,NO,LOW,Use block-level verification record,Safe automated classification plus targeted tests; unexecuted blocks remain manual review.
14,Presentation Delivery,/Users/medina/Projects/oer-books/advanced-algorithms-book/chapters/14-Project-Development.qmd,PSEUDOCODE,Fenced block at lines 1191-1193,,,UNLABELED,YES,NO,SEE code-verification-results.csv,NO,NO,LOW,Use block-level verification record,Safe automated classification plus targeted tests; unexecuted blocks remain manual review.
14,Presentation Delivery,/Users/medina/Projects/oer-books/advanced-algorithms-book/chapters/14-Project-Development.qmd,PSEUDOCODE,Fenced block at lines 1198-1199,,,UNLABELED,YES,NO,SEE code-verification-results.csv,NO,NO,LOW,Use block-level verification record,Safe automated classification plus targeted tests; unexecuted blocks remain manual review.
14,Presentation Delivery,/Users/medina/Projects/oer-books/advanced-algorithms-book/chapters/14-Project-Development.qmd,PSEUDOCODE,Fenced block at lines 1204-1206,,,UNLABELED,YES,NO,SEE code-verification-results.csv,NO,NO,LOW,Use block-level verification record,Safe automated classification plus targeted tests; unexecuted blocks remain manual review.
14,Demo Best Practices,/Users/medina/Projects/oer-books/advanced-algorithms-book/chapters/14-Project-Development.qmd,PSEUDOCODE,Fenced block at lines 1217-1218,,,UNLABELED,YES,NO,SEE code-verification-results.csv,NO,NO,LOW,Use block-level verification record,Safe automated classification plus targeted tests; unexecuted blocks remain manual review.
14,Demo Best Practices,/Users/medina/Projects/oer-books/advanced-algorithms-book/chapters/14-Project-Development.qmd,PSEUDOCODE,Fenced block at lines 1223-1227,,,UNLABELED,YES,NO,SEE code-verification-results.csv,NO,NO,LOW,Use block-level verification record,Safe automated classification plus targeted tests; unexecuted blocks remain manual review.
14,Demo Best Practices,/Users/medina/Projects/oer-books/advanced-algorithms-book/chapters/14-Project-Development.qmd,PSEUDOCODE,Fenced block at lines 1232-1233,,,UNLABELED,YES,NO,SEE code-verification-results.csv,NO,NO,LOW,Use block-level verification record,Safe automated classification plus targeted tests; unexecuted blocks remain manual review.
15,Introduction: Your Algorithmic Journey Comes Full Circle,/Users/medina/Projects/oer-books/advanced-algorithms-book/chapters/15-Final-Presentations.qmd,MATHEMATICAL_CLAIM,- Analytical thinking: Proving correctness and analyzing complexity,,,,NO,NO,MANUAL REVIEW,NO,NO,LOW,Verify assumptions and terminology,line 23
15,The Five-Minute Demo Structure,/Users/medina/Projects/oer-books/advanced-algorithms-book/chapters/15-Final-Presentations.qmd,COMPLEXITY,"> ""Naively comparing audio features requires O(n²) comparisons for n songs. For 1 million songs, that's 1 trillion comparisons! We need something smarter.""",,O(n²),,NO,NO,REVIEWED,NO,NO,LOW,Verify assumptions and terminology,line 77
15,Making Your Demo Bulletproof,/Users/medina/Projects/oer-books/advanced-algorithms-book/chapters/15-Final-Presentations.qmd,PROOF,Making Your Demo Bulletproof,,,,NO,NO,MANUAL REVIEW,NO,NO,LOW,Verify assumptions and terminology,line 119
15,Making Your Demo Bulletproof,/Users/medina/Projects/oer-books/advanced-algorithms-book/chapters/15-Final-Presentations.qmd,PSEUDOCODE,Fenced block at lines 138-139,,,UNLABELED,YES,NO,SEE code-verification-results.csv,NO,NO,LOW,Use block-level verification record,Safe automated classification plus targeted tests; unexecuted blocks remain manual review.
15,Making Your Demo Bulletproof,/Users/medina/Projects/oer-books/advanced-algorithms-book/chapters/15-Final-Presentations.qmd,PSEUDOCODE,Fenced block at lines 144-145,,,UNLABELED,YES,NO,SEE code-verification-results.csv,NO,NO,LOW,Use block-level verification record,Safe automated classification plus targeted tests; unexecuted blocks remain manual review.
15,Sample Peer Review Form,/Users/medina/Projects/oer-books/advanced-algorithms-book/chapters/15-Final-Presentations.qmd,CODE,Fenced block at lines 253-307,,,markdown,YES,NO,SEE code-verification-results.csv,NO,NO,LOW,Use block-level verification record,Safe automated classification plus targeted tests; unexecuted blocks remain manual review.
15,Industry-Style Technical Presentation,/Users/medina/Projects/oer-books/advanced-algorithms-book/chapters/15-Final-Presentations.qmd,PSEUDOCODE,Fenced block at lines 332-337,,,UNLABELED,YES,NO,SEE code-verification-results.csv,NO,NO,LOW,Use block-level verification record,Safe automated classification plus targeted tests; unexecuted blocks remain manual review.
15,Industry-Style Technical Presentation,/Users/medina/Projects/oer-books/advanced-algorithms-book/chapters/15-Final-Presentations.qmd,PSEUDOCODE,Fenced block at lines 342-346,,,UNLABELED,YES,NO,SEE code-verification-results.csv,NO,NO,LOW,Use block-level verification record,Safe automated classification plus targeted tests; unexecuted blocks remain manual review.
15,Industry-Style Technical Presentation,/Users/medina/Projects/oer-books/advanced-algorithms-book/chapters/15-Final-Presentations.qmd,PSEUDOCODE,Fenced block at lines 351-355,,,UNLABELED,YES,NO,SEE code-verification-results.csv,NO,NO,LOW,Use block-level verification record,Safe automated classification plus targeted tests; unexecuted blocks remain manual review.
15,Industry-Style Technical Presentation,/Users/medina/Projects/oer-books/advanced-algorithms-book/chapters/15-Final-Presentations.qmd,PSEUDOCODE,Fenced block at lines 360-364,,,UNLABELED,YES,NO,SEE code-verification-results.csv,NO,NO,LOW,Use block-level verification record,Safe automated classification plus targeted tests; unexecuted blocks remain manual review.
15,Industry-Style Technical Presentation,/Users/medina/Projects/oer-books/advanced-algorithms-book/chapters/15-Final-Presentations.qmd,PSEUDOCODE,Fenced block at lines 369-373,,,UNLABELED,YES,NO,SEE code-verification-results.csv,NO,NO,LOW,Use block-level verification record,Safe automated classification plus targeted tests; unexecuted blocks remain manual review.
15,Industry-Style Technical Presentation,/Users/medina/Projects/oer-books/advanced-algorithms-book/chapters/15-Final-Presentations.qmd,PSEUDOCODE,Fenced block at lines 378-381,,,UNLABELED,YES,NO,SEE code-verification-results.csv,NO,NO,LOW,Use block-level verification record,Safe automated classification plus targeted tests; unexecuted blocks remain manual review.
15,Industry-Style Technical Presentation,/Users/medina/Projects/oer-books/advanced-algorithms-book/chapters/15-Final-Presentations.qmd,PSEUDOCODE,Fenced block at lines 386-390,,,UNLABELED,YES,NO,SEE code-verification-results.csv,NO,NO,LOW,Use block-level verification record,Safe automated classification plus targeted tests; unexecuted blocks remain manual review.
15,Industry-Style Technical Presentation,/Users/medina/Projects/oer-books/advanced-algorithms-book/chapters/15-Final-Presentations.qmd,PSEUDOCODE,Fenced block at lines 395-399,,,UNLABELED,YES,NO,SEE code-verification-results.csv,NO,NO,LOW,Use block-level verification record,Safe automated classification plus targeted tests; unexecuted blocks remain manual review.
15,Academic-Style Research Presentation,/Users/medina/Projects/oer-books/advanced-algorithms-book/chapters/15-Final-Presentations.qmd,PROOF,"- Theoretical analysis (complexity bounds, proofs if space permits)",,,,NO,NO,MANUAL REVIEW,NO,NO,LOW,Verify assumptions and terminology,line 421
15,Academic-Style Research Presentation,/Users/medina/Projects/oer-books/advanced-algorithms-book/chapters/15-Final-Presentations.qmd,PROOF,- More emphasis on theory and proofs,,,,NO,NO,MANUAL REVIEW,NO,NO,LOW,Verify assumptions and terminology,line 437
15,Common Presentation Mistakes to Avoid,/Users/medina/Projects/oer-books/advanced-algorithms-book/chapters/15-Final-Presentations.qmd,PSEUDOCODE,Fenced block at lines 448-449,,,UNLABELED,YES,NO,SEE code-verification-results.csv,NO,NO,LOW,Use block-level verification record,Safe automated classification plus targeted tests; unexecuted blocks remain manual review.
15,Common Presentation Mistakes to Avoid,/Users/medina/Projects/oer-books/advanced-algorithms-book/chapters/15-Final-Presentations.qmd,PSEUDOCODE,Fenced block at lines 454-455,,,UNLABELED,YES,NO,SEE code-verification-results.csv,NO,NO,LOW,Use block-level verification record,Safe automated classification plus targeted tests; unexecuted blocks remain manual review.
15,Common Presentation Mistakes to Avoid,/Users/medina/Projects/oer-books/advanced-algorithms-book/chapters/15-Final-Presentations.qmd,PSEUDOCODE,Fenced block at lines 460-461,,,UNLABELED,YES,NO,SEE code-verification-results.csv,NO,NO,LOW,Use block-level verification record,Safe automated classification plus targeted tests; unexecuted blocks remain manual review.
15,Common Presentation Mistakes to Avoid,/Users/medina/Projects/oer-books/advanced-algorithms-book/chapters/15-Final-Presentations.qmd,PSEUDOCODE,Fenced block at lines 466-467,,,UNLABELED,YES,NO,SEE code-verification-results.csv,NO,NO,LOW,Use block-level verification record,Safe automated classification plus targeted tests; unexecuted blocks remain manual review.
15,Common Presentation Mistakes to Avoid,/Users/medina/Projects/oer-books/advanced-algorithms-book/chapters/15-Final-Presentations.qmd,PSEUDOCODE,Fenced block at lines 474-475,,,UNLABELED,YES,NO,SEE code-verification-results.csv,NO,NO,LOW,Use block-level verification record,Safe automated classification plus targeted tests; unexecuted blocks remain manual review.
15,Common Presentation Mistakes to Avoid,/Users/medina/Projects/oer-books/advanced-algorithms-book/chapters/15-Final-Presentations.qmd,PSEUDOCODE,Fenced block at lines 480-481,,,UNLABELED,YES,NO,SEE code-verification-results.csv,NO,NO,LOW,Use block-level verification record,Safe automated classification plus targeted tests; unexecuted blocks remain manual review.
15,Common Presentation Mistakes to Avoid,/Users/medina/Projects/oer-books/advanced-algorithms-book/chapters/15-Final-Presentations.qmd,PSEUDOCODE,Fenced block at lines 486-487,,,UNLABELED,YES,NO,SEE code-verification-results.csv,NO,NO,LOW,Use block-level verification record,Safe automated classification plus targeted tests; unexecuted blocks remain manual review.
15,Common Presentation Mistakes to Avoid,/Users/medina/Projects/oer-books/advanced-algorithms-book/chapters/15-Final-Presentations.qmd,PSEUDOCODE,Fenced block at lines 492-493,,,UNLABELED,YES,NO,SEE code-verification-results.csv,NO,NO,LOW,Use block-level verification record,Safe automated classification plus targeted tests; unexecuted blocks remain manual review.
15,Common Presentation Mistakes to Avoid,/Users/medina/Projects/oer-books/advanced-algorithms-book/chapters/15-Final-Presentations.qmd,PSEUDOCODE,Fenced block at lines 498-499,,,UNLABELED,YES,NO,SEE code-verification-results.csv,NO,NO,LOW,Use block-level verification record,Safe automated classification plus targeted tests; unexecuted blocks remain manual review.
15,Personal Growth Assessment,/Users/medina/Projects/oer-books/advanced-algorithms-book/chapters/15-Final-Presentations.qmd,MATHEMATICAL_CLAIM,- Can you analyze time and space complexity confidently?,,,,NO,NO,MANUAL REVIEW,NO,NO,LOW,Verify assumptions and terminology,line 551
15,Lessons Learned Document,/Users/medina/Projects/oer-books/advanced-algorithms-book/chapters/15-Final-Presentations.qmd,CODE,Fenced block at lines 592-645,,,markdown,YES,NO,SEE code-verification-results.csv,NO,NO,LOW,Use block-level verification record,Safe automated classification plus targeted tests; unexecuted blocks remain manual review.
15,Deepening Algorithm Knowledge,/Users/medina/Projects/oer-books/advanced-algorithms-book/chapters/15-Final-Presentations.qmd,MATHEMATICAL_CLAIM,Parameterized Complexity:,,,,NO,NO,MANUAL REVIEW,NO,NO,LOW,Verify assumptions and terminology,line 709
15,Related Fields to Explore,/Users/medina/Projects/oer-books/advanced-algorithms-book/chapters/15-Final-Presentations.qmd,PROOF,"- Zero-knowledge proofs, homomorphic encryption, secure multi-party computation",,,,NO,NO,MANUAL REVIEW,NO,NO,LOW,Verify assumptions and terminology,line 731
15,Related Fields to Explore,/Users/medina/Projects/oer-books/advanced-algorithms-book/chapters/15-Final-Presentations.qmd,MATHEMATICAL_CLAIM,"- Complexity theory, computability, logic",,,,NO,NO,MANUAL REVIEW,NO,NO,LOW,Verify assumptions and terminology,line 749
15,Submission Checklist,/Users/medina/Projects/oer-books/advanced-algorithms-book/chapters/15-Final-Presentations.qmd,PROOF,- [ ] Proofread for typos and clarity,,,,NO,NO,MANUAL REVIEW,NO,NO,LOW,Verify assumptions and terminology,line 884
15,Final Reflections: What You've Accomplished,/Users/medina/Projects/oer-books/advanced-algorithms-book/chapters/15-Final-Presentations.qmd,MATHEMATICAL_CLAIM,- Analyzed time and space complexity rigorously,,,,NO,NO,MANUAL REVIEW,NO,NO,LOW,Verify assumptions and terminology,line 949
15,Closing Thoughts: Your Algorithmic Future,/Users/medina/Projects/oer-books/advanced-algorithms-book/chapters/15-Final-Presentations.qmd,MATHEMATICAL_CLAIM,Stay creative: The best algorithms often come from unexpected insights.,,,,NO,NO,MANUAL REVIEW,NO,NO,LOW,Verify assumptions and terminology,line 999
