block_id,chapter,section,source_file,current_language,semantic_type,executable,complete_or_fragment,title_needed,caption_needed,line_numbers,print_style,html_style,epub_style,overflow_risk,special_handling,status,notes
ch01-b001,1,Beyond the Textbook Definition,chapters/01-introduction.qmd,UNLABELED,PSEUDOCODE,NO,COMPLETE_OR_SUBSTANTIAL,NO,NO,NO,algorithm,algorithm,algorithm,LOW,NONE,CLASSIFIED,lines 47-57; 9 content lines
ch01-b002,1,Algorithms vs. Programs: A Crucial Distinction,chapters/01-introduction.qmd,UNLABELED,PSEUDOCODE,NO,FRAGMENT,NO,NO,NO,algorithm,algorithm,algorithm,LOW,NONE,CLASSIFIED,lines 78-82; 3 content lines
ch01-b003,1,Algorithms vs. Programs: A Crucial Distinction,chapters/01-introduction.qmd,python,PROGRAM_CODE,YES,FRAGMENT,NO,NO,NO,program-code,program-code,program-code,LOW,NONE,CLASSIFIED,lines 86-93; 6 content lines
ch01-b004,1,Algorithms vs. Programs: A Crucial Distinction,chapters/01-introduction.qmd,java,PROGRAM_CODE,YES,COMPLETE_OR_SUBSTANTIAL,NO,NO,NO,program-code,program-code,program-code,LOW,NONE,CLASSIFIED,lines 97-107; 9 content lines
ch01-b005,1,Algorithms vs. Programs: A Crucial Distinction,chapters/01-introduction.qmd,javascript,PROGRAM_CODE,YES,COMPLETE_OR_SUBSTANTIAL,NO,NO,NO,program-code,program-code,program-code,LOW,NONE,CLASSIFIED,lines 111-121; 9 content lines
ch01-b006,1,Criterion 1: Correctness—Getting the Right Answer,chapters/01-introduction.qmd,UNLABELED,PSEUDOCODE,NO,FRAGMENT,NO,NO,NO,algorithm,algorithm,algorithm,LOW,NONE,CLASSIFIED,lines 161-166; 4 content lines
ch01-b007,1,Criterion 2: Efficiency—Getting There Fast,chapters/01-introduction.qmd,UNLABELED,PSEUDOCODE,NO,FRAGMENT,NO,NO,NO,algorithm,algorithm,algorithm,LOW,NONE,CLASSIFIED,lines 207-213; 5 content lines
ch01-b008,1,Criterion 2: Efficiency—Getting There Fast,chapters/01-introduction.qmd,UNLABELED,PSEUDOCODE,NO,FRAGMENT,NO,NO,NO,algorithm,algorithm,algorithm,LOW,NONE,CLASSIFIED,lines 217-225; 7 content lines
ch01-b009,1,Criterion 3: Clarity and Elegance,chapters/01-introduction.qmd,python,PROGRAM_CODE,YES,FRAGMENT,NO,NO,NO,program-code,program-code,program-code,LOW,NONE,CLASSIFIED,lines 244-249; 4 content lines
ch01-b010,1,Criterion 3: Clarity and Elegance,chapters/01-introduction.qmd,python,PROGRAM_CODE,YES,FRAGMENT,NO,NO,NO,program-code,program-code,program-code,LOW,NONE,CLASSIFIED,lines 253-258; 4 content lines
ch01-b011,1,Criterion 4: Robustness,chapters/01-introduction.qmd,python,PROGRAM_CODE,YES,COMPLETE_OR_SUBSTANTIAL,NO,NO,NO,program-code,program-code,program-code,LOW,NONE,CLASSIFIED,lines 275-288; 12 content lines
ch01-b012,1,Criterion 4: Robustness,chapters/01-introduction.qmd,python,PROGRAM_CODE,YES,FRAGMENT,NO,NO,NO,program-code,program-code,program-code,LOW,NONE,CLASSIFIED,lines 292-299; 6 content lines
ch01-b013,1,Step 3: Choose a Strategy,chapters/01-introduction.qmd,UNLABELED,OTHER,NO,COMPLETE_OR_SUBSTANTIAL,NO,NO,NO,technical-other,technical-other,technical-other,LOW,NONE,CLASSIFIED,lines 412-421; 8 content lines
ch01-b014,1,Step 3: Choose a Strategy,chapters/01-introduction.qmd,UNLABELED,INLINE_EXAMPLE,NO,FRAGMENT,NO,NO,NO,inline-example,inline-example,inline-example,LOW,NONE,CLASSIFIED,lines 425-428; 2 content lines
ch01-b015,1,Step 4: Design the Algorithm,chapters/01-introduction.qmd,UNLABELED,PSEUDOCODE,NO,COMPLETE_OR_SUBSTANTIAL,NO,NO,NO,algorithm,algorithm,algorithm,LOW,NONE,CLASSIFIED,lines 436-451; 14 content lines
ch01-b016,1,Step 7: Implement,chapters/01-introduction.qmd,python,PROGRAM_CODE,YES,COMPLETE_OR_SUBSTANTIAL,NO,NO,NO,program-code,program-code,program-code,LOW,NONE,CLASSIFIED,lines 504-530; 25 content lines
ch01-b017,1,Step 8: Test Thoroughly,chapters/01-introduction.qmd,python,PROGRAM_CODE,YES,COMPLETE_OR_SUBSTANTIAL,NO,NO,NO,program-code,program-code,program-code,LOW,NONE,CLASSIFIED,lines 536-546; 9 content lines
ch01-b018,1,"Approach 1: The ""Correct"" Way",chapters/01-introduction.qmd,python,PROGRAM_CODE,YES,COMPLETE_OR_SUBSTANTIAL,NO,NO,NO,program-code,program-code,program-code,LOW,NONE,CLASSIFIED,lines 588-598; 9 content lines
ch01-b019,1,"Approach 2: The ""Fast"" Way (QuickSelect)",chapters/01-introduction.qmd,python,PROGRAM_CODE,YES,COMPLETE_OR_SUBSTANTIAL,NO,NO,NO,program-code,program-code,program-code,LOW,NONE,CLASSIFIED,lines 608-637; 28 content lines
ch01-b020,1,"Approach 3: The ""Approximate"" Way",chapters/01-introduction.qmd,python,PROGRAM_CODE,YES,COMPLETE_OR_SUBSTANTIAL,NO,NO,NO,program-code,program-code,program-code,LOW,NONE,CLASSIFIED,lines 647-656; 8 content lines
ch01-b021,1,The Surprising Third Option: Making Algorithms Smarter,chapters/01-introduction.qmd,python,PROGRAM_CODE,YES,FRAGMENT,NO,NO,NO,program-code,program-code,program-code,LOW,NONE,CLASSIFIED,lines 738-746; 7 content lines
ch01-b022,1,The Surprising Third Option: Making Algorithms Smarter,chapters/01-introduction.qmd,python,PROGRAM_CODE,YES,FRAGMENT,NO,NO,NO,program-code,program-code,program-code,LOW,NONE,CLASSIFIED,lines 750-755; 4 content lines
ch01-b023,1,The Surprising Third Option: Making Algorithms Smarter,chapters/01-introduction.qmd,python,PROGRAM_CODE,YES,COMPLETE_OR_SUBSTANTIAL,NO,NO,NO,program-code,program-code,program-code,LOW,NONE,CLASSIFIED,lines 759-772; 12 content lines
ch01-b024,1,Big-O Notation (Upper Bound),chapters/01-introduction.qmd,UNLABELED,INLINE_EXAMPLE,NO,FRAGMENT,NO,NO,NO,inline-example,inline-example,inline-example,LOW,NONE,CLASSIFIED,lines 829-831; 1 content lines
ch01-b025,1,Big-O Notation (Upper Bound),chapters/01-introduction.qmd,UNLABELED,INLINE_EXAMPLE,NO,FRAGMENT,NO,NO,NO,inline-example,inline-example,inline-example,LOW,NONE,CLASSIFIED,lines 841-843; 1 content lines
ch01-b026,1,Big-O Notation (Upper Bound),chapters/01-introduction.qmd,UNLABELED,INLINE_EXAMPLE,NO,FRAGMENT,NO,NO,NO,inline-example,inline-example,inline-example,LOW,NONE,CLASSIFIED,lines 854-856; 1 content lines
ch01-b027,1,Big-Ω Notation (Lower Bound),chapters/01-introduction.qmd,UNLABELED,INLINE_EXAMPLE,NO,FRAGMENT,NO,NO,NO,inline-example,inline-example,inline-example,LOW,NONE,CLASSIFIED,lines 864-866; 1 content lines
ch01-b028,1,Big-Ω Notation (Lower Bound),chapters/01-introduction.qmd,UNLABELED,INLINE_EXAMPLE,NO,FRAGMENT,NO,NO,NO,inline-example,inline-example,inline-example,LOW,NONE,CLASSIFIED,lines 874-876; 1 content lines
ch01-b029,1,Big-Ω Notation (Lower Bound),chapters/01-introduction.qmd,UNLABELED,INLINE_EXAMPLE,NO,FRAGMENT,NO,NO,NO,inline-example,inline-example,inline-example,LOW,NONE,CLASSIFIED,lines 880-882; 1 content lines
ch01-b030,1,Big-Θ Notation (Tight Bound),chapters/01-introduction.qmd,UNLABELED,INLINE_EXAMPLE,NO,FRAGMENT,NO,NO,NO,inline-example,inline-example,inline-example,LOW,NONE,CLASSIFIED,lines 894-896; 1 content lines
ch01-b031,1,"Misconception 1: ""Big-O means exact growth rate""",chapters/01-introduction.qmd,python,PROGRAM_CODE,YES,FRAGMENT,NO,NO,NO,program-code,program-code,program-code,LOW,NONE,CLASSIFIED,lines 914-920; 5 content lines
ch01-b032,1,"Misconception 4: ""Asymptotic analysis applies to small inputs""",chapters/01-introduction.qmd,python,PROGRAM_CODE,YES,FRAGMENT,NO,NO,NO,program-code,program-code,program-code,LOW,NONE,CLASSIFIED,lines 974-981; 6 content lines
ch01-b033,1,Growth Rate Hierarchy: A Roadmap,chapters/01-introduction.qmd,UNLABELED,PSEUDOCODE,NO,FRAGMENT,NO,NO,NO,algorithm,algorithm,algorithm,LOW,NONE,CLASSIFIED,lines 989-992; 2 content lines
ch01-b034,1,Example 1: Nested Loops,chapters/01-introduction.qmd,python,PROGRAM_CODE,YES,FRAGMENT,NO,NO,NO,program-code,program-code,program-code,LOW,NONE,CLASSIFIED,lines 1102-1108; 5 content lines
ch01-b035,1,Example 2: Variable Inner Loop,chapters/01-introduction.qmd,python,PROGRAM_CODE,YES,FRAGMENT,NO,NO,NO,program-code,program-code,program-code,LOW,NONE,CLASSIFIED,lines 1119-1125; 5 content lines
ch01-b036,1,Example 3: Logarithmic Loop,chapters/01-introduction.qmd,python,PROGRAM_CODE,YES,COMPLETE_OR_SUBSTANTIAL,NO,NO,NO,program-code,program-code,program-code,LOW,NONE,CLASSIFIED,lines 1139-1153; 13 content lines
ch01-b037,1,Example 4: Divide and Conquer,chapters/01-introduction.qmd,python,PROGRAM_CODE,YES,COMPLETE_OR_SUBSTANTIAL,NO,NO,NO,program-code,program-code,program-code,LOW,NONE,CLASSIFIED,lines 1164-1191; 26 content lines
ch01-b038,1,Performance Prediction,chapters/01-introduction.qmd,python,PROGRAM_CODE,YES,COMPLETE_OR_SUBSTANTIAL,NO,NO,NO,program-code,program-code,program-code,LOW,NONE,CLASSIFIED,lines 1205-1218; 12 content lines
ch01-b039,1,Algorithm Selection,chapters/01-introduction.qmd,python,PROGRAM_CODE,YES,COMPLETE_OR_SUBSTANTIAL,NO,NO,NO,program-code,program-code,program-code,LOW,NONE,CLASSIFIED,lines 1222-1231; 8 content lines
ch01-b040,1,Bottleneck Identification,chapters/01-introduction.qmd,python,PROGRAM_CODE,YES,COMPLETE_OR_SUBSTANTIAL,NO,NO,NO,program-code,program-code,program-code,LOW,NONE,CLASSIFIED,lines 1235-1251; 15 content lines
ch01-b041,1,Space Complexity,chapters/01-introduction.qmd,python,PROGRAM_CODE,YES,COMPLETE_OR_SUBSTANTIAL,NO,NO,NO,program-code,program-code,program-code,LOW,NONE,CLASSIFIED,lines 1287-1300; 12 content lines
ch01-b042,1,Python: Our Language of Choice,chapters/01-introduction.qmd,bash,TERMINAL_COMMAND,NO,COMPLETE_OR_SUBSTANTIAL,NO,NO,NO,terminal,terminal,terminal,LOW,NONE,CLASSIFIED,lines 1335-1347; 11 content lines
ch01-b043,1,Virtual Environments: Keeping Things Clean,chapters/01-introduction.qmd,bash,TERMINAL_COMMAND,NO,COMPLETE_OR_SUBSTANTIAL,NO,NO,NO,terminal,terminal,terminal,LOW,NONE,CLASSIFIED,lines 1353-1365; 11 content lines
ch01-b044,1,Essential Libraries,chapters/01-introduction.qmd,bash,TERMINAL_COMMAND,NO,FRAGMENT,NO,NO,NO,terminal,terminal,terminal,LOW,NONE,CLASSIFIED,lines 1369-1375; 5 content lines
ch01-b045,1,Project Structure: Building for Scale,chapters/01-introduction.qmd,UNLABELED,TEXT_DIAGRAM,NO,COMPLETE_OR_SUBSTANTIAL,NO,NO,NO,text-diagram,text-diagram,text-diagram,LOW,NONE,CLASSIFIED,lines 1393-1449; 55 content lines
ch01-b046,1,Project Structure: Building for Scale,chapters/01-introduction.qmd,bash,TERMINAL_COMMAND,NO,COMPLETE_OR_SUBSTANTIAL,NO,NO,NO,terminal,terminal,terminal,LOW,NONE,CLASSIFIED,lines 1453-1463; 9 content lines
ch01-b047,1,Version Control: Tracking Your Journey,chapters/01-introduction.qmd,bash,TERMINAL_COMMAND,NO,COMPLETE_OR_SUBSTANTIAL,NO,NO,NO,terminal,terminal,terminal,LOW,NONE,CLASSIFIED,lines 1469-1541; 71 content lines
ch01-b048,1,Building Your Benchmarking Framework,chapters/01-introduction.qmd,python,PROGRAM_CODE,YES,COMPLETE_OR_SUBSTANTIAL,NO,NO,NO,program-code,program-code,program-code,LOW,NONE,CLASSIFIED,lines 1549-1953; 403 content lines
ch01-b049,1,Testing Framework: Ensuring Correctness,chapters/01-introduction.qmd,python,PROGRAM_CODE,YES,COMPLETE_OR_SUBSTANTIAL,NO,NO,NO,program-code,program-code,program-code,LOW,NONE,CLASSIFIED,lines 1961-1995; 33 content lines
ch01-b050,1,Algorithm Implementations,chapters/01-introduction.qmd,python,PROGRAM_CODE,YES,COMPLETE_OR_SUBSTANTIAL,NO,NO,NO,program-code,program-code,program-code,LOW,NONE,CLASSIFIED,lines 2003-2207; 203 content lines
ch01-b051,1,Complete Working Example,chapters/01-introduction.qmd,python,PROGRAM_CODE,YES,COMPLETE_OR_SUBSTANTIAL,NO,NO,NO,program-code,program-code,program-code,LOW,NONE,CLASSIFIED,lines 2215-2388; 172 content lines
ch01-b052,1,Complete Working Example,chapters/01-introduction.qmd,python,PROGRAM_CODE,YES,COMPLETE_OR_SUBSTANTIAL,NO,NO,NO,program-code,program-code,program-code,LOW,NONE,CLASSIFIED,lines 2400-2432; 31 content lines
ch01-b053,1,Theoretical Problems,chapters/01-introduction.qmd,python,PROGRAM_CODE,YES,COMPLETE_OR_SUBSTANTIAL,NO,NO,NO,program-code,program-code,program-code,LOW,NONE,CLASSIFIED,lines 2588-2630; 41 content lines
ch01-b054,1,Practical Programming Problems,chapters/01-introduction.qmd,python,PROGRAM_CODE,YES,COMPLETE_OR_SUBSTANTIAL,NO,NO,NO,program-code,program-code,program-code,LOW,NONE,CLASSIFIED,lines 2696-2710; 13 content lines
ch01-b055,1,Practical Programming Problems,chapters/01-introduction.qmd,python,PROGRAM_CODE,YES,COMPLETE_OR_SUBSTANTIAL,NO,NO,NO,program-code,program-code,program-code,LOW,NONE,CLASSIFIED,lines 2716-2728; 11 content lines
ch01-b056,1,Practical Programming Problems,chapters/01-introduction.qmd,python,PROGRAM_CODE,YES,FRAGMENT,NO,NO,NO,program-code,program-code,program-code,LOW,NONE,CLASSIFIED,lines 2734-2741; 6 content lines
ch01-b057,1,Practical Programming Problems,chapters/01-introduction.qmd,python,PROGRAM_CODE,YES,COMPLETE_OR_SUBSTANTIAL,NO,NO,NO,program-code,program-code,program-code,LOW,NONE,CLASSIFIED,lines 2753-2766; 12 content lines
ch01-b058,1,Submission Guidelines,chapters/01-introduction.qmd,UNLABELED,TEXT_DIAGRAM,NO,COMPLETE_OR_SUBSTANTIAL,NO,NO,NO,text-diagram,text-diagram,text-diagram,LOW,NONE,CLASSIFIED,lines 2913-2936; 22 content lines
ch02-b001,2,A Simple Example: Finding Maximum Element,chapters/02-Divide-and-Conquer.qmd,python,PROGRAM_CODE,YES,FRAGMENT,NO,NO,NO,program-code,program-code,program-code,LOW,NONE,CLASSIFIED,lines 111-119; 7 content lines
ch02-b002,2,A Simple Example: Finding Maximum Element,chapters/02-Divide-and-Conquer.qmd,python,PROGRAM_CODE,YES,COMPLETE_OR_SUBSTANTIAL,NO,NO,NO,program-code,program-code,program-code,LOW,NONE,CLASSIFIED,lines 123-151; 27 content lines
ch02-b003,2,The Merge Operation: The Secret Sauce,chapters/02-Divide-and-Conquer.qmd,UNLABELED,PSEUDOCODE,NO,FRAGMENT,NO,NO,NO,algorithm,algorithm,algorithm,LOW,NONE,CLASSIFIED,lines 277-281; 3 content lines
ch02-b004,2,The Merge Operation: The Secret Sauce,chapters/02-Divide-and-Conquer.qmd,python,PROGRAM_CODE,YES,COMPLETE_OR_SUBSTANTIAL,NO,NO,NO,program-code,program-code,program-code,LOW,NONE,CLASSIFIED,lines 287-323; 35 content lines
ch02-b005,2,The Merge Operation: The Secret Sauce,chapters/02-Divide-and-Conquer.qmd,UNLABELED,OTHER,NO,COMPLETE_OR_SUBSTANTIAL,NO,NO,NO,technical-other,technical-other,technical-other,LOW,NONE,CLASSIFIED,lines 327-356; 28 content lines
ch02-b006,2,The Complete Merge Sort Algorithm,chapters/02-Divide-and-Conquer.qmd,python,PROGRAM_CODE,YES,COMPLETE_OR_SUBSTANTIAL,NO,NO,NO,program-code,program-code,program-code,LOW,NONE,CLASSIFIED,lines 371-425; 53 content lines
ch02-b007,2,The Complete Merge Sort Algorithm,chapters/02-Divide-and-Conquer.qmd,UNLABELED,PSEUDOCODE,NO,COMPLETE_OR_SUBSTANTIAL,NO,NO,NO,algorithm,algorithm,algorithm,LOW,NONE,CLASSIFIED,lines 431-449; 17 content lines
ch02-b008,2,Time Complexity Analysis,chapters/02-Divide-and-Conquer.qmd,UNLABELED,INLINE_EXAMPLE,NO,FRAGMENT,NO,NO,NO,inline-example,inline-example,inline-example,LOW,NONE,CLASSIFIED,lines 505-508; 2 content lines
ch02-b009,2,Time Complexity Analysis,chapters/02-Divide-and-Conquer.qmd,UNLABELED,OTHER,NO,COMPLETE_OR_SUBSTANTIAL,NO,NO,NO,technical-other,technical-other,technical-other,LOW,NONE,CLASSIFIED,lines 512-521; 8 content lines
ch02-b010,2,Time Complexity Analysis,chapters/02-Divide-and-Conquer.qmd,UNLABELED,OTHER,NO,FRAGMENT,NO,NO,NO,technical-other,technical-other,technical-other,LOW,NONE,CLASSIFIED,lines 537-545; 7 content lines
ch02-b011,2,Optimizing Merge Sort,chapters/02-Divide-and-Conquer.qmd,python,PROGRAM_CODE,YES,COMPLETE_OR_SUBSTANTIAL,NO,NO,NO,program-code,program-code,program-code,LOW,NONE,CLASSIFIED,lines 614-629; 14 content lines
ch02-b012,2,Optimizing Merge Sort,chapters/02-Divide-and-Conquer.qmd,python,PROGRAM_CODE,YES,COMPLETE_OR_SUBSTANTIAL,NO,NO,NO,program-code,program-code,program-code,LOW,NONE,CLASSIFIED,lines 640-655; 14 content lines
ch02-b013,2,Optimizing Merge Sort,chapters/02-Divide-and-Conquer.qmd,python,PROGRAM_CODE,YES,COMPLETE_OR_SUBSTANTIAL,NO,NO,NO,program-code,program-code,program-code,LOW,NONE,CLASSIFIED,lines 667-677; 9 content lines
ch02-b014,2,A Simple Example,chapters/02-Divide-and-Conquer.qmd,UNLABELED,OTHER,NO,COMPLETE_OR_SUBSTANTIAL,NO,NO,NO,technical-other,technical-other,technical-other,LOW,NONE,CLASSIFIED,lines 726-749; 22 content lines
ch02-b015,2,The Partition Operation,chapters/02-Divide-and-Conquer.qmd,python,PROGRAM_CODE,YES,COMPLETE_OR_SUBSTANTIAL,NO,NO,NO,program-code,program-code,program-code,LOW,NONE,CLASSIFIED,lines 765-806; 40 content lines
ch02-b016,2,The Partition Operation,chapters/02-Divide-and-Conquer.qmd,UNLABELED,OTHER,NO,COMPLETE_OR_SUBSTANTIAL,NO,NO,NO,technical-other,technical-other,technical-other,LOW,NONE,CLASSIFIED,lines 810-848; 37 content lines
ch02-b017,2,The Complete QuickSort Algorithm,chapters/02-Divide-and-Conquer.qmd,python,PROGRAM_CODE,YES,COMPLETE_OR_SUBSTANTIAL,NO,NO,NO,program-code,program-code,program-code,LOW,NONE,CLASSIFIED,lines 863-917; 53 content lines
ch02-b018,2,The Complete QuickSort Algorithm,chapters/02-Divide-and-Conquer.qmd,UNLABELED,OTHER,NO,COMPLETE_OR_SUBSTANTIAL,NO,NO,NO,technical-other,technical-other,technical-other,LOW,NONE,CLASSIFIED,lines 921-954; 32 content lines
ch02-b019,2,Best Case: O(n log n),chapters/02-Divide-and-Conquer.qmd,UNLABELED,INLINE_EXAMPLE,NO,FRAGMENT,NO,NO,NO,inline-example,inline-example,inline-example,LOW,NONE,CLASSIFIED,lines 964-969; 4 content lines
ch02-b020,2,Worst Case: O(n²),chapters/02-Divide-and-Conquer.qmd,UNLABELED,DATA,NO,FRAGMENT,NO,NO,NO,data-example,data-example,data-example,LOW,NONE,CLASSIFIED,lines 981-987; 5 content lines
ch02-b021,2,Worst Case: O(n²),chapters/02-Divide-and-Conquer.qmd,UNLABELED,OTHER,NO,FRAGMENT,NO,NO,NO,technical-other,technical-other,technical-other,LOW,NONE,CLASSIFIED,lines 991-998; 6 content lines
ch02-b022,2,The Worst Case Problem: Randomization to the Rescue!,chapters/02-Divide-and-Conquer.qmd,python,PROGRAM_CODE,YES,COMPLETE_OR_SUBSTANTIAL,NO,NO,NO,program-code,program-code,program-code,LOW,NONE,CLASSIFIED,lines 1029-1064; 34 content lines
ch02-b023,2,Alternative Pivot Selection Strategies,chapters/02-Divide-and-Conquer.qmd,python,PROGRAM_CODE,YES,COMPLETE_OR_SUBSTANTIAL,NO,NO,NO,program-code,program-code,program-code,LOW,NONE,CLASSIFIED,lines 1088-1109; 20 content lines
ch02-b024,2,Alternative Pivot Selection Strategies,chapters/02-Divide-and-Conquer.qmd,python,PROGRAM_CODE,YES,COMPLETE_OR_SUBSTANTIAL,NO,NO,NO,program-code,program-code,program-code,LOW,NONE,CLASSIFIED,lines 1119-1135; 15 content lines
ch02-b025,2,Alternative Pivot Selection Strategies,chapters/02-Divide-and-Conquer.qmd,python,PROGRAM_CODE,YES,FRAGMENT,NO,NO,NO,program-code,program-code,program-code,LOW,NONE,CLASSIFIED,lines 1145-1153; 7 content lines
ch02-b026,2,Optimizing QuickSort for Production,chapters/02-Divide-and-Conquer.qmd,python,PROGRAM_CODE,YES,COMPLETE_OR_SUBSTANTIAL,NO,NO,NO,program-code,program-code,program-code,LOW,NONE,CLASSIFIED,lines 1207-1231; 23 content lines
ch02-b027,2,Optimizing QuickSort for Production,chapters/02-Divide-and-Conquer.qmd,python,PROGRAM_CODE,YES,COMPLETE_OR_SUBSTANTIAL,NO,NO,NO,program-code,program-code,program-code,LOW,NONE,CLASSIFIED,lines 1245-1282; 36 content lines
ch02-b028,2,Optimizing QuickSort for Production,chapters/02-Divide-and-Conquer.qmd,python,PROGRAM_CODE,YES,COMPLETE_OR_SUBSTANTIAL,NO,NO,NO,program-code,program-code,program-code,LOW,NONE,CLASSIFIED,lines 1292-1309; 16 content lines
ch02-b029,2,Recurrence Relations: The Language of Recursion,chapters/02-Divide-and-Conquer.qmd,UNLABELED,PSEUDOCODE,NO,FRAGMENT,NO,NO,NO,algorithm,algorithm,algorithm,LOW,NONE,CLASSIFIED,lines 1339-1346; 6 content lines
ch02-b030,2,Recurrence Relations: The Language of Recursion,chapters/02-Divide-and-Conquer.qmd,UNLABELED,OTHER,NO,FRAGMENT,NO,NO,NO,technical-other,technical-other,technical-other,LOW,NONE,CLASSIFIED,lines 1352-1359; 6 content lines
ch02-b031,2,Recurrence Relations: The Language of Recursion,chapters/02-Divide-and-Conquer.qmd,UNLABELED,INLINE_EXAMPLE,NO,FRAGMENT,NO,NO,NO,inline-example,inline-example,inline-example,LOW,NONE,CLASSIFIED,lines 1363-1367; 3 content lines
ch02-b032,2,Recurrence Relations: The Language of Recursion,chapters/02-Divide-and-Conquer.qmd,UNLABELED,OTHER,NO,FRAGMENT,NO,NO,NO,technical-other,technical-other,technical-other,LOW,NONE,CLASSIFIED,lines 1371-1378; 6 content lines
ch02-b033,2,Recurrence Relations: The Language of Recursion,chapters/02-Divide-and-Conquer.qmd,UNLABELED,OTHER,NO,FRAGMENT,NO,NO,NO,technical-other,technical-other,technical-other,LOW,NONE,CLASSIFIED,lines 1382-1389; 6 content lines
ch02-b034,2,Method 1: Recursion Tree (Visual),chapters/02-Divide-and-Conquer.qmd,UNLABELED,OTHER,NO,COMPLETE_OR_SUBSTANTIAL,NO,NO,NO,technical-other,technical-other,technical-other,LOW,NONE,CLASSIFIED,lines 1401-1412; 10 content lines
ch02-b035,2,Method 2: Substitution (Guess and Verify),chapters/02-Divide-and-Conquer.qmd,UNLABELED,OTHER,NO,COMPLETE_OR_SUBSTANTIAL,NO,NO,NO,technical-other,technical-other,technical-other,LOW,NONE,CLASSIFIED,lines 1441-1455; 13 content lines
ch02-b036,2,The Master Theorem,chapters/02-Divide-and-Conquer.qmd,UNLABELED,INLINE_EXAMPLE,NO,FRAGMENT,NO,NO,NO,inline-example,inline-example,inline-example,LOW,NONE,CLASSIFIED,lines 1469-1471; 1 content lines
ch02-b037,2,The Master Theorem,chapters/02-Divide-and-Conquer.qmd,UNLABELED,INLINE_EXAMPLE,NO,FRAGMENT,NO,NO,NO,inline-example,inline-example,inline-example,LOW,NONE,CLASSIFIED,lines 1477-1479; 1 content lines
ch02-b038,2,The Master Theorem,chapters/02-Divide-and-Conquer.qmd,UNLABELED,INLINE_EXAMPLE,NO,FRAGMENT,NO,NO,NO,inline-example,inline-example,inline-example,LOW,NONE,CLASSIFIED,lines 1483-1485; 1 content lines
ch02-b039,2,The Master Theorem,chapters/02-Divide-and-Conquer.qmd,UNLABELED,INLINE_EXAMPLE,NO,FRAGMENT,NO,NO,NO,inline-example,inline-example,inline-example,LOW,NONE,CLASSIFIED,lines 1489-1491; 1 content lines
ch02-b040,2,Example 1: Merge Sort,chapters/02-Divide-and-Conquer.qmd,UNLABELED,INLINE_EXAMPLE,NO,FRAGMENT,NO,NO,NO,inline-example,inline-example,inline-example,LOW,NONE,CLASSIFIED,lines 1534-1536; 1 content lines
ch02-b041,2,Example 1: Merge Sort,chapters/02-Divide-and-Conquer.qmd,UNLABELED,PSEUDOCODE,NO,FRAGMENT,NO,NO,NO,algorithm,algorithm,algorithm,LOW,NONE,CLASSIFIED,lines 1540-1545; 4 content lines
ch02-b042,2,Example 1: Merge Sort,chapters/02-Divide-and-Conquer.qmd,UNLABELED,INLINE_EXAMPLE,NO,FRAGMENT,NO,NO,NO,inline-example,inline-example,inline-example,LOW,NONE,CLASSIFIED,lines 1551-1555; 3 content lines
ch02-b043,2,Example 2: Binary Search,chapters/02-Divide-and-Conquer.qmd,UNLABELED,INLINE_EXAMPLE,NO,FRAGMENT,NO,NO,NO,inline-example,inline-example,inline-example,LOW,NONE,CLASSIFIED,lines 1571-1573; 1 content lines
ch02-b044,2,Example 2: Binary Search,chapters/02-Divide-and-Conquer.qmd,UNLABELED,PSEUDOCODE,NO,FRAGMENT,NO,NO,NO,algorithm,algorithm,algorithm,LOW,NONE,CLASSIFIED,lines 1577-1582; 4 content lines
ch02-b045,2,Example 2: Binary Search,chapters/02-Divide-and-Conquer.qmd,UNLABELED,INLINE_EXAMPLE,NO,FRAGMENT,NO,NO,NO,inline-example,inline-example,inline-example,LOW,NONE,CLASSIFIED,lines 1588-1590; 1 content lines
ch02-b046,2,Example 3: Finding Maximum (Divide & Conquer),chapters/02-Divide-and-Conquer.qmd,UNLABELED,INLINE_EXAMPLE,NO,FRAGMENT,NO,NO,NO,inline-example,inline-example,inline-example,LOW,NONE,CLASSIFIED,lines 1606-1608; 1 content lines
ch02-b047,2,Example 3: Finding Maximum (Divide & Conquer),chapters/02-Divide-and-Conquer.qmd,UNLABELED,PSEUDOCODE,NO,FRAGMENT,NO,NO,NO,algorithm,algorithm,algorithm,LOW,NONE,CLASSIFIED,lines 1612-1617; 4 content lines
ch02-b048,2,Example 3: Finding Maximum (Divide & Conquer),chapters/02-Divide-and-Conquer.qmd,UNLABELED,INLINE_EXAMPLE,NO,FRAGMENT,NO,NO,NO,inline-example,inline-example,inline-example,LOW,NONE,CLASSIFIED,lines 1623-1627; 3 content lines
ch02-b049,2,Example 4: Strassen's Matrix Multiplication (Preview),chapters/02-Divide-and-Conquer.qmd,UNLABELED,INLINE_EXAMPLE,NO,FRAGMENT,NO,NO,NO,inline-example,inline-example,inline-example,LOW,NONE,CLASSIFIED,lines 1643-1645; 1 content lines
ch02-b050,2,Example 4: Strassen's Matrix Multiplication (Preview),chapters/02-Divide-and-Conquer.qmd,UNLABELED,PSEUDOCODE,NO,FRAGMENT,NO,NO,NO,algorithm,algorithm,algorithm,LOW,NONE,CLASSIFIED,lines 1649-1654; 4 content lines
ch02-b051,2,Example 4: Strassen's Matrix Multiplication (Preview),chapters/02-Divide-and-Conquer.qmd,UNLABELED,INLINE_EXAMPLE,NO,FRAGMENT,NO,NO,NO,inline-example,inline-example,inline-example,LOW,NONE,CLASSIFIED,lines 1660-1663; 2 content lines
ch02-b052,2,Example 5: A Contrived Case 3 Example,chapters/02-Divide-and-Conquer.qmd,UNLABELED,INLINE_EXAMPLE,NO,FRAGMENT,NO,NO,NO,inline-example,inline-example,inline-example,LOW,NONE,CLASSIFIED,lines 1679-1681; 1 content lines
ch02-b053,2,Example 5: A Contrived Case 3 Example,chapters/02-Divide-and-Conquer.qmd,UNLABELED,PSEUDOCODE,NO,FRAGMENT,NO,NO,NO,algorithm,algorithm,algorithm,LOW,NONE,CLASSIFIED,lines 1685-1690; 4 content lines
ch02-b054,2,Example 5: A Contrived Case 3 Example,chapters/02-Divide-and-Conquer.qmd,UNLABELED,OTHER,NO,FRAGMENT,NO,NO,NO,technical-other,technical-other,technical-other,LOW,NONE,CLASSIFIED,lines 1694-1700; 5 content lines
ch02-b055,2,Example 5: A Contrived Case 3 Example,chapters/02-Divide-and-Conquer.qmd,UNLABELED,INLINE_EXAMPLE,NO,FRAGMENT,NO,NO,NO,inline-example,inline-example,inline-example,LOW,NONE,CLASSIFIED,lines 1706-1709; 2 content lines
ch02-b056,2,When Master Theorem Doesn't Apply,chapters/02-Divide-and-Conquer.qmd,UNLABELED,OTHER,NO,COMPLETE_OR_SUBSTANTIAL,NO,NO,NO,technical-other,technical-other,technical-other,LOW,NONE,CLASSIFIED,lines 1721-1732; 10 content lines
ch02-b057,2,When Master Theorem Doesn't Apply,chapters/02-Divide-and-Conquer.qmd,UNLABELED,INLINE_EXAMPLE,NO,FRAGMENT,NO,NO,NO,inline-example,inline-example,inline-example,LOW,NONE,CLASSIFIED,lines 1738-1741; 2 content lines
ch02-b058,2,When Master Theorem Doesn't Apply,chapters/02-Divide-and-Conquer.qmd,UNLABELED,INLINE_EXAMPLE,NO,FRAGMENT,NO,NO,NO,inline-example,inline-example,inline-example,LOW,NONE,CLASSIFIED,lines 1747-1751; 3 content lines
ch02-b059,2,When Master Theorem Doesn't Apply,chapters/02-Divide-and-Conquer.qmd,UNLABELED,OTHER,NO,COMPLETE_OR_SUBSTANTIAL,NO,NO,NO,technical-other,technical-other,technical-other,LOW,NONE,CLASSIFIED,lines 1757-1766; 8 content lines
ch02-b060,2,Master Theorem Cheat Sheet,chapters/02-Divide-and-Conquer.qmd,UNLABELED,INLINE_EXAMPLE,NO,FRAGMENT,NO,NO,NO,inline-example,inline-example,inline-example,LOW,NONE,CLASSIFIED,lines 1776-1778; 1 content lines
ch02-b061,2,Akra-Bazzi Method (Generalized Master Theorem),chapters/02-Divide-and-Conquer.qmd,UNLABELED,INLINE_EXAMPLE,NO,FRAGMENT,NO,NO,NO,inline-example,inline-example,inline-example,LOW,NONE,CLASSIFIED,lines 1865-1869; 3 content lines
ch02-b062,2,Generating Functions,chapters/02-Divide-and-Conquer.qmd,UNLABELED,INLINE_EXAMPLE,NO,FRAGMENT,NO,NO,NO,inline-example,inline-example,inline-example,LOW,NONE,CLASSIFIED,lines 1875-1879; 3 content lines
ch02-b063,2,Application 1: Fast Integer Multiplication (Karatsuba Algorithm),chapters/02-Divide-and-Conquer.qmd,UNLABELED,PSEUDOCODE,NO,FRAGMENT,NO,NO,NO,algorithm,algorithm,algorithm,LOW,NONE,CLASSIFIED,lines 1899-1904; 4 content lines
ch02-b064,2,Application 1: Fast Integer Multiplication (Karatsuba Algorithm),chapters/02-Divide-and-Conquer.qmd,UNLABELED,INLINE_EXAMPLE,NO,FRAGMENT,NO,NO,NO,inline-example,inline-example,inline-example,LOW,NONE,CLASSIFIED,lines 1910-1915; 4 content lines
ch02-b065,2,Application 1: Fast Integer Multiplication (Karatsuba Algorithm),chapters/02-Divide-and-Conquer.qmd,UNLABELED,OTHER,NO,COMPLETE_OR_SUBSTANTIAL,NO,NO,NO,technical-other,technical-other,technical-other,LOW,NONE,CLASSIFIED,lines 1919-1931; 11 content lines
ch02-b066,2,Application 1: Fast Integer Multiplication (Karatsuba Algorithm),chapters/02-Divide-and-Conquer.qmd,UNLABELED,OTHER,NO,COMPLETE_OR_SUBSTANTIAL,NO,NO,NO,technical-other,technical-other,technical-other,LOW,NONE,CLASSIFIED,lines 1935-1944; 8 content lines
ch02-b067,2,Application 1: Fast Integer Multiplication (Karatsuba Algorithm),chapters/02-Divide-and-Conquer.qmd,python,PROGRAM_CODE,YES,COMPLETE_OR_SUBSTANTIAL,NO,NO,NO,program-code,program-code,program-code,LOW,NONE,CLASSIFIED,lines 1948-1982; 33 content lines
ch02-b068,2,Application 1: Fast Integer Multiplication (Karatsuba Algorithm),chapters/02-Divide-and-Conquer.qmd,UNLABELED,OTHER,NO,COMPLETE_OR_SUBSTANTIAL,NO,NO,NO,technical-other,technical-other,technical-other,LOW,NONE,CLASSIFIED,lines 1986-1996; 9 content lines
ch02-b069,2,Application 2: Closest Pair of Points,chapters/02-Divide-and-Conquer.qmd,python,PROGRAM_CODE,YES,COMPLETE_OR_SUBSTANTIAL,NO,NO,NO,program-code,program-code,program-code,LOW,NONE,CLASSIFIED,lines 2012-2024; 11 content lines
ch02-b070,2,Application 2: Closest Pair of Points,chapters/02-Divide-and-Conquer.qmd,python,PROGRAM_CODE,YES,COMPLETE_OR_SUBSTANTIAL,NO,NO,NO,program-code,program-code,program-code,LOW,NONE,CLASSIFIED,lines 2028-2123; 94 content lines
ch02-b071,2,Application 2: Closest Pair of Points,chapters/02-Divide-and-Conquer.qmd,UNLABELED,OTHER,NO,FRAGMENT,NO,NO,NO,technical-other,technical-other,technical-other,LOW,NONE,CLASSIFIED,lines 2137-2143; 5 content lines
ch02-b072,2,Application 3: Matrix Multiplication (Strassen's Algorithm),chapters/02-Divide-and-Conquer.qmd,python,PROGRAM_CODE,YES,COMPLETE_OR_SUBSTANTIAL,NO,NO,NO,program-code,program-code,program-code,LOW,NONE,CLASSIFIED,lines 2151-2163; 11 content lines
ch02-b073,2,Application 3: Matrix Multiplication (Strassen's Algorithm),chapters/02-Divide-and-Conquer.qmd,UNLABELED,DATA,NO,FRAGMENT,NO,NO,NO,data-example,data-example,data-example,LOW,NONE,CLASSIFIED,lines 2169-2176; 6 content lines
ch02-b074,2,Application 3: Matrix Multiplication (Strassen's Algorithm),chapters/02-Divide-and-Conquer.qmd,UNLABELED,PSEUDOCODE,NO,COMPLETE_OR_SUBSTANTIAL,NO,NO,NO,algorithm,algorithm,algorithm,LOW,NONE,CLASSIFIED,lines 2180-2196; 15 content lines
ch02-b075,2,Application 4: Fast Fourier Transform (FFT),chapters/02-Divide-and-Conquer.qmd,python,PROGRAM_CODE,YES,COMPLETE_OR_SUBSTANTIAL,NO,NO,NO,program-code,program-code,program-code,LOW,NONE,CLASSIFIED,lines 2223-2261; 37 content lines
ch02-b076,2,Application 4: Fast Fourier Transform (FFT),chapters/02-Divide-and-Conquer.qmd,UNLABELED,INLINE_EXAMPLE,NO,FRAGMENT,NO,NO,NO,inline-example,inline-example,inline-example,LOW,NONE,CLASSIFIED,lines 2265-2268; 2 content lines
ch02-b077,2,Building a Production-Quality Sorting Library,chapters/02-Divide-and-Conquer.qmd,python,PROGRAM_CODE,YES,COMPLETE_OR_SUBSTANTIAL,NO,NO,NO,program-code,program-code,program-code,LOW,NONE,CLASSIFIED,lines 2280-2483; 202 content lines
ch02-b078,2,Performance Benchmarking,chapters/02-Divide-and-Conquer.qmd,python,PROGRAM_CODE,YES,COMPLETE_OR_SUBSTANTIAL,NO,NO,NO,program-code,program-code,program-code,LOW,NONE,CLASSIFIED,lines 2489-2635; 145 content lines
ch02-b079,2,Common Implementation Pitfalls,chapters/02-Divide-and-Conquer.qmd,python,PROGRAM_CODE,YES,COMPLETE_OR_SUBSTANTIAL,NO,NO,NO,program-code,program-code,program-code,LOW,NONE,CLASSIFIED,lines 2677-2687; 9 content lines
ch02-b080,2,Common Implementation Pitfalls,chapters/02-Divide-and-Conquer.qmd,python,PROGRAM_CODE,YES,FRAGMENT,NO,NO,NO,program-code,program-code,program-code,LOW,NONE,CLASSIFIED,lines 2693-2701; 7 content lines
ch02-b081,2,Common Implementation Pitfalls,chapters/02-Divide-and-Conquer.qmd,python,PROGRAM_CODE,YES,COMPLETE_OR_SUBSTANTIAL,NO,NO,NO,program-code,program-code,program-code,LOW,NONE,CLASSIFIED,lines 2707-2717; 9 content lines
ch02-b082,2,Common Implementation Pitfalls,chapters/02-Divide-and-Conquer.qmd,python,PROGRAM_CODE,YES,FRAGMENT,NO,NO,NO,program-code,program-code,program-code,LOW,NONE,CLASSIFIED,lines 2723-2731; 7 content lines
ch02-b083,2,Parallel Divide and Conquer,chapters/02-Divide-and-Conquer.qmd,python,PROGRAM_CODE,YES,COMPLETE_OR_SUBSTANTIAL,NO,NO,NO,program-code,program-code,program-code,LOW,NONE,CLASSIFIED,lines 2743-2784; 40 content lines
ch02-b084,2,Cache-Oblivious Algorithms,chapters/02-Divide-and-Conquer.qmd,python,PROGRAM_CODE,YES,COMPLETE_OR_SUBSTANTIAL,NO,NO,NO,program-code,program-code,program-code,LOW,NONE,CLASSIFIED,lines 2803-2822; 18 content lines
ch02-b085,2,When to Use Each Algorithm,chapters/02-Divide-and-Conquer.qmd,UNLABELED,PSEUDOCODE,NO,COMPLETE_OR_SUBSTANTIAL,NO,NO,NO,algorithm,algorithm,algorithm,LOW,NONE,CLASSIFIED,lines 2912-2927; 14 content lines
ch02-b086,2,Programming Problems,chapters/02-Divide-and-Conquer.qmd,python,PROGRAM_CODE,YES,FRAGMENT,NO,NO,NO,program-code,program-code,program-code,LOW,NONE,CLASSIFIED,lines 3043-3050; 6 content lines
ch02-b087,2,Programming Problems,chapters/02-Divide-and-Conquer.qmd,python,PROGRAM_CODE,YES,COMPLETE_OR_SUBSTANTIAL,NO,NO,NO,program-code,program-code,program-code,LOW,NONE,CLASSIFIED,lines 3066-3082; 15 content lines
ch02-b088,2,Programming Problems,chapters/02-Divide-and-Conquer.qmd,python,PROGRAM_CODE,YES,COMPLETE_OR_SUBSTANTIAL,NO,NO,NO,program-code,program-code,program-code,LOW,NONE,CLASSIFIED,lines 3092-3107; 14 content lines
ch02-b089,2,Programming Problems,chapters/02-Divide-and-Conquer.qmd,python,PROGRAM_CODE,YES,COMPLETE_OR_SUBSTANTIAL,NO,NO,NO,program-code,program-code,program-code,LOW,NONE,CLASSIFIED,lines 3117-3127; 9 content lines
ch02-b090,2,Challenge Problems,chapters/02-Divide-and-Conquer.qmd,python,PROGRAM_CODE,YES,COMPLETE_OR_SUBSTANTIAL,NO,NO,NO,program-code,program-code,program-code,LOW,NONE,CLASSIFIED,lines 3145-3160; 14 content lines
ch02-b091,2,Challenge Problems,chapters/02-Divide-and-Conquer.qmd,python,PROGRAM_CODE,YES,COMPLETE_OR_SUBSTANTIAL,NO,NO,NO,program-code,program-code,program-code,LOW,NONE,CLASSIFIED,lines 3174-3190; 15 content lines
ch03-b001,3,Core Heap Operations,chapters/03-Data-Structures-for-Efficiency.qmd,python,PROGRAM_CODE,YES,COMPLETE_OR_SUBSTANTIAL,NO,NO,NO,program-code,program-code,program-code,LOW,NONE,CLASSIFIED,lines 120-231; 110 content lines
ch03-b002,3,The Magic of O(n) Heap Construction,chapters/03-Data-Structures-for-Efficiency.qmd,UNLABELED,OTHER,NO,FRAGMENT,NO,NO,NO,technical-other,technical-other,technical-other,LOW,NONE,CLASSIFIED,lines 248-255; 6 content lines
ch03-b003,3,Advanced Heap Operations,chapters/03-Data-Structures-for-Efficiency.qmd,python,PROGRAM_CODE,YES,COMPLETE_OR_SUBSTANTIAL,NO,NO,NO,program-code,program-code,program-code,LOW,NONE,CLASSIFIED,lines 259-323; 63 content lines
ch03-b004,3,Application 1: K Largest Elements,chapters/03-Data-Structures-for-Efficiency.qmd,python,PROGRAM_CODE,YES,COMPLETE_OR_SUBSTANTIAL,NO,NO,NO,program-code,program-code,program-code,LOW,NONE,CLASSIFIED,lines 329-371; 41 content lines
ch03-b005,3,Application 2: Median Maintenance,chapters/03-Data-Structures-for-Efficiency.qmd,python,PROGRAM_CODE,YES,COMPLETE_OR_SUBSTANTIAL,NO,NO,NO,program-code,program-code,program-code,LOW,NONE,CLASSIFIED,lines 375-414; 38 content lines
ch03-b006,3,The Balance Problem,chapters/03-Data-Structures-for-Efficiency.qmd,UNLABELED,OTHER,NO,COMPLETE_OR_SUBSTANTIAL,NO,NO,NO,technical-other,technical-other,technical-other,LOW,NONE,CLASSIFIED,lines 426-441; 14 content lines
ch03-b007,3,The Balance Problem,chapters/03-Data-Structures-for-Efficiency.qmd,UNLABELED,TEXT_DIAGRAM,NO,COMPLETE_OR_SUBSTANTIAL,NO,NO,NO,text-diagram,text-diagram,text-diagram,LOW,NONE,CLASSIFIED,lines 445-454; 8 content lines
ch03-b008,3,AVL Tree Implementation,chapters/03-Data-Structures-for-Efficiency.qmd,python,PROGRAM_CODE,YES,COMPLETE_OR_SUBSTANTIAL,NO,NO,NO,program-code,program-code,program-code,LOW,NONE,CLASSIFIED,lines 466-661; 194 content lines
ch03-b009,3,Red-Black Trees: A Different Balance,chapters/03-Data-Structures-for-Efficiency.qmd,python,PROGRAM_CODE,YES,COMPLETE_OR_SUBSTANTIAL,NO,NO,NO,program-code,program-code,program-code,LOW,NONE,CLASSIFIED,lines 682-827; 144 content lines
ch03-b010,3,The Dream of Constant Time,chapters/03-Data-Structures-for-Efficiency.qmd,UNLABELED,INLINE_EXAMPLE,NO,FRAGMENT,NO,NO,NO,inline-example,inline-example,inline-example,LOW,NONE,CLASSIFIED,lines 839-841; 1 content lines
ch03-b011,3,Hash Function Design,chapters/03-Data-Structures-for-Efficiency.qmd,python,PROGRAM_CODE,YES,COMPLETE_OR_SUBSTANTIAL,NO,NO,NO,program-code,program-code,program-code,LOW,NONE,CLASSIFIED,lines 851-978; 126 content lines
ch03-b012,3,Strategy 2: Open Addressing,chapters/03-Data-Structures-for-Efficiency.qmd,python,PROGRAM_CODE,YES,COMPLETE_OR_SUBSTANTIAL,NO,NO,NO,program-code,program-code,program-code,LOW,NONE,CLASSIFIED,lines 1001-1083; 81 content lines
ch03-b013,3,Cuckoo Hashing - Worst-Case O(1) Lookup,chapters/03-Data-Structures-for-Efficiency.qmd,python,PROGRAM_CODE,YES,COMPLETE_OR_SUBSTANTIAL,NO,NO,NO,program-code,program-code,program-code,LOW,NONE,CLASSIFIED,lines 1089-1166; 76 content lines
ch03-b014,3,Consistent Hashing - Distributed Systems,chapters/03-Data-Structures-for-Efficiency.qmd,python,PROGRAM_CODE,YES,COMPLETE_OR_SUBSTANTIAL,NO,NO,NO,program-code,program-code,program-code,LOW,NONE,CLASSIFIED,lines 1170-1230; 59 content lines
ch03-b015,3,Method 1: Aggregate Analysis,chapters/03-Data-Structures-for-Efficiency.qmd,python,PROGRAM_CODE,YES,COMPLETE_OR_SUBSTANTIAL,NO,NO,NO,program-code,program-code,program-code,LOW,NONE,CLASSIFIED,lines 1252-1290; 37 content lines
ch03-b016,3,Method 2: Accounting Method,chapters/03-Data-Structures-for-Efficiency.qmd,python,PROGRAM_CODE,YES,COMPLETE_OR_SUBSTANTIAL,NO,NO,NO,program-code,program-code,program-code,LOW,NONE,CLASSIFIED,lines 1296-1310; 13 content lines
ch03-b017,3,Method 3: Potential Method,chapters/03-Data-Structures-for-Efficiency.qmd,python,PROGRAM_CODE,YES,COMPLETE_OR_SUBSTANTIAL,NO,NO,NO,program-code,program-code,program-code,LOW,NONE,CLASSIFIED,lines 1316-1335; 18 content lines
ch03-b018,3,Union-Find: Amortization in Action,chapters/03-Data-Structures-for-Efficiency.qmd,python,PROGRAM_CODE,YES,COMPLETE_OR_SUBSTANTIAL,NO,NO,NO,program-code,program-code,program-code,LOW,NONE,CLASSIFIED,lines 1339-1392; 52 content lines
ch03-b019,3,Fibonacci Heaps - Theoretical Optimality,chapters/03-Data-Structures-for-Efficiency.qmd,python,PROGRAM_CODE,YES,COMPLETE_OR_SUBSTANTIAL,NO,NO,NO,program-code,program-code,program-code,LOW,NONE,CLASSIFIED,lines 1402-1493; 90 content lines
ch03-b020,3,Skip Lists - Probabilistic Balance,chapters/03-Data-Structures-for-Efficiency.qmd,python,PROGRAM_CODE,YES,COMPLETE_OR_SUBSTANTIAL,NO,NO,NO,program-code,program-code,program-code,LOW,NONE,CLASSIFIED,lines 1497-1583; 85 content lines
ch03-b021,3,Bloom Filters - Space-Efficient Membership,chapters/03-Data-Structures-for-Efficiency.qmd,python,PROGRAM_CODE,YES,COMPLETE_OR_SUBSTANTIAL,NO,NO,NO,program-code,program-code,program-code,LOW,NONE,CLASSIFIED,lines 1587-1654; 66 content lines
ch03-b022,3,Building a Production-Ready Library,chapters/03-Data-Structures-for-Efficiency.qmd,python,PROGRAM_CODE,YES,COMPLETE_OR_SUBSTANTIAL,NO,NO,NO,program-code,program-code,program-code,LOW,NONE,CLASSIFIED,lines 1662-1673; 10 content lines
ch03-b023,3,Comprehensive Testing Suite,chapters/03-Data-Structures-for-Efficiency.qmd,python,PROGRAM_CODE,YES,COMPLETE_OR_SUBSTANTIAL,NO,NO,NO,program-code,program-code,program-code,LOW,NONE,CLASSIFIED,lines 1677-1787; 109 content lines
ch03-b024,3,Performance Benchmarking Framework,chapters/03-Data-Structures-for-Efficiency.qmd,python,PROGRAM_CODE,YES,COMPLETE_OR_SUBSTANTIAL,NO,NO,NO,program-code,program-code,program-code,LOW,NONE,CLASSIFIED,lines 1791-1914; 122 content lines
ch03-b025,3,Real-World Application: LRU Cache,chapters/03-Data-Structures-for-Efficiency.qmd,python,PROGRAM_CODE,YES,COMPLETE_OR_SUBSTANTIAL,NO,NO,NO,program-code,program-code,program-code,LOW,NONE,CLASSIFIED,lines 1918-2038; 119 content lines
ch03-b026,3,Implementation Problems,chapters/03-Data-Structures-for-Efficiency.qmd,python,PROGRAM_CODE,YES,COMPLETE_OR_SUBSTANTIAL,NO,NO,NO,program-code,program-code,program-code,LOW,NONE,CLASSIFIED,lines 2056-2068; 11 content lines
ch03-b027,3,Implementation Problems,chapters/03-Data-Structures-for-Efficiency.qmd,python,PROGRAM_CODE,YES,COMPLETE_OR_SUBSTANTIAL,NO,NO,NO,program-code,program-code,program-code,LOW,NONE,CLASSIFIED,lines 2072-2084; 11 content lines
ch03-b028,3,Implementation Problems,chapters/03-Data-Structures-for-Efficiency.qmd,python,PROGRAM_CODE,YES,COMPLETE_OR_SUBSTANTIAL,NO,NO,NO,program-code,program-code,program-code,LOW,NONE,CLASSIFIED,lines 2088-2100; 11 content lines
ch04-b001,4,Implementation and Proof,chapters/04-Greedy-Algorithms.qmd,python,PROGRAM_CODE,YES,COMPLETE_OR_SUBSTANTIAL,NO,NO,NO,program-code,program-code,program-code,LOW,NONE,CLASSIFIED,lines 163-234; 70 content lines
ch04-b002,4,Weighted Activity Selection,chapters/04-Greedy-Algorithms.qmd,python,PROGRAM_CODE,YES,COMPLETE_OR_SUBSTANTIAL,NO,NO,NO,program-code,program-code,program-code,LOW,NONE,CLASSIFIED,lines 240-272; 31 content lines
ch04-b003,4,Interval Partitioning,chapters/04-Greedy-Algorithms.qmd,python,PROGRAM_CODE,YES,COMPLETE_OR_SUBSTANTIAL,NO,NO,NO,program-code,program-code,program-code,LOW,NONE,CLASSIFIED,lines 278-352; 73 content lines
ch04-b004,4,Building the Huffman Tree,chapters/04-Greedy-Algorithms.qmd,python,PROGRAM_CODE,YES,COMPLETE_OR_SUBSTANTIAL,NO,NO,NO,program-code,program-code,program-code,LOW,NONE,CLASSIFIED,lines 368-559; 190 content lines
ch04-b005,4,Example: Compressing Text,chapters/04-Greedy-Algorithms.qmd,python,PROGRAM_CODE,YES,COMPLETE_OR_SUBSTANTIAL,NO,NO,NO,program-code,program-code,program-code,LOW,NONE,CLASSIFIED,lines 563-598; 34 content lines
ch04-b006,4,Kruskal's Algorithm - Edge-Centric Greedy,chapters/04-Greedy-Algorithms.qmd,python,PROGRAM_CODE,YES,COMPLETE_OR_SUBSTANTIAL,NO,NO,NO,program-code,program-code,program-code,LOW,NONE,CLASSIFIED,lines 617-706; 88 content lines
ch04-b007,4,Prim's Algorithm - Vertex-Centric Greedy,chapters/04-Greedy-Algorithms.qmd,python,PROGRAM_CODE,YES,COMPLETE_OR_SUBSTANTIAL,NO,NO,NO,program-code,program-code,program-code,LOW,NONE,CLASSIFIED,lines 710-824; 113 content lines
ch04-b008,4,MST Properties and Proofs,chapters/04-Greedy-Algorithms.qmd,python,PROGRAM_CODE,YES,COMPLETE_OR_SUBSTANTIAL,NO,NO,NO,program-code,program-code,program-code,LOW,NONE,CLASSIFIED,lines 828-884; 55 content lines
ch04-b009,4,Single-Source Shortest Paths,chapters/04-Greedy-Algorithms.qmd,python,PROGRAM_CODE,YES,COMPLETE_OR_SUBSTANTIAL,NO,NO,NO,program-code,program-code,program-code,LOW,NONE,CLASSIFIED,lines 894-1093; 198 content lines
ch04-b010,4,Common Pitfalls,chapters/04-Greedy-Algorithms.qmd,python,PROGRAM_CODE,YES,COMPLETE_OR_SUBSTANTIAL,NO,NO,NO,program-code,program-code,program-code,LOW,NONE,CLASSIFIED,lines 1101-1193; 91 content lines
ch04-b011,4,Proving Greedy Correctness,chapters/04-Greedy-Algorithms.qmd,python,PROGRAM_CODE,YES,COMPLETE_OR_SUBSTANTIAL,NO,NO,NO,program-code,program-code,program-code,LOW,NONE,CLASSIFIED,lines 1197-1278; 80 content lines
ch04-b012,4,Comprehensive Implementation,chapters/04-Greedy-Algorithms.qmd,python,PROGRAM_CODE,YES,COMPLETE_OR_SUBSTANTIAL,NO,NO,NO,program-code,program-code,program-code,LOW,NONE,CLASSIFIED,lines 1286-1448; 161 content lines
ch04-b013,4,Testing and Benchmarking,chapters/04-Greedy-Algorithms.qmd,python,PROGRAM_CODE,YES,COMPLETE_OR_SUBSTANTIAL,NO,NO,NO,program-code,program-code,program-code,LOW,NONE,CLASSIFIED,lines 1452-1569; 116 content lines
ch04-b014,4,Implementation Problems,chapters/04-Greedy-Algorithms.qmd,python,PROGRAM_CODE,YES,COMPLETE_OR_SUBSTANTIAL,NO,NO,NO,program-code,program-code,program-code,LOW,NONE,CLASSIFIED,lines 1587-1601; 13 content lines
ch04-b015,4,Implementation Problems,chapters/04-Greedy-Algorithms.qmd,python,PROGRAM_CODE,YES,COMPLETE_OR_SUBSTANTIAL,NO,NO,NO,program-code,program-code,program-code,LOW,NONE,CLASSIFIED,lines 1605-1618; 12 content lines
ch04-b016,4,Implementation Problems,chapters/04-Greedy-Algorithms.qmd,python,PROGRAM_CODE,YES,COMPLETE_OR_SUBSTANTIAL,NO,NO,NO,program-code,program-code,program-code,LOW,NONE,CLASSIFIED,lines 1622-1636; 13 content lines
ch05-b001,5,Fibonacci: A Cautionary Tale,chapters/05-Dynamic-Programming.qmd,UNLABELED,OTHER,NO,FRAGMENT,NO,NO,NO,technical-other,technical-other,technical-other,LOW,NONE,CLASSIFIED,lines 78-84; 5 content lines
ch05-b002,5,Fibonacci: A Cautionary Tale,chapters/05-Dynamic-Programming.qmd,python,PROGRAM_CODE,YES,COMPLETE_OR_SUBSTANTIAL,NO,NO,NO,program-code,program-code,program-code,LOW,NONE,CLASSIFIED,lines 88-112; 23 content lines
ch05-b003,5,Fibonacci: A Cautionary Tale,chapters/05-Dynamic-Programming.qmd,python,PROGRAM_CODE,YES,FRAGMENT,NO,NO,NO,program-code,program-code,program-code,LOW,NONE,CLASSIFIED,lines 116-124; 7 content lines
ch05-b004,5,Counting the Catastrophe,chapters/05-Dynamic-Programming.qmd,UNLABELED,OTHER,NO,FRAGMENT,NO,NO,NO,technical-other,technical-other,technical-other,LOW,NONE,CLASSIFIED,lines 145-151; 5 content lines
ch05-b005,5,Enter Dynamic Programming: Memoization,chapters/05-Dynamic-Programming.qmd,python,PROGRAM_CODE,YES,COMPLETE_OR_SUBSTANTIAL,NO,NO,NO,program-code,program-code,program-code,LOW,NONE,CLASSIFIED,lines 174-205; 30 content lines
ch05-b006,5,Enter Dynamic Programming: Memoization,chapters/05-Dynamic-Programming.qmd,python,PROGRAM_CODE,YES,FRAGMENT,NO,NO,NO,program-code,program-code,program-code,LOW,NONE,CLASSIFIED,lines 215-220; 4 content lines
ch05-b007,5,The Two Fundamental Properties,chapters/05-Dynamic-Programming.qmd,UNLABELED,OTHER,NO,FRAGMENT,NO,NO,NO,technical-other,technical-other,technical-other,LOW,NONE,CLASSIFIED,lines 241-245; 3 content lines
ch05-b008,5,The Two Fundamental Properties,chapters/05-Dynamic-Programming.qmd,UNLABELED,OTHER,NO,FRAGMENT,NO,NO,NO,technical-other,technical-other,technical-other,LOW,NONE,CLASSIFIED,lines 251-258; 6 content lines
ch05-b009,5,Tabulation: The Bottom-Up Alternative,chapters/05-Dynamic-Programming.qmd,python,PROGRAM_CODE,YES,COMPLETE_OR_SUBSTANTIAL,NO,NO,NO,program-code,program-code,program-code,LOW,NONE,CLASSIFIED,lines 266-301; 34 content lines
ch05-b010,5,Tabulation: The Bottom-Up Alternative,chapters/05-Dynamic-Programming.qmd,UNLABELED,OTHER,NO,COMPLETE_OR_SUBSTANTIAL,NO,NO,NO,technical-other,technical-other,technical-other,LOW,NONE,CLASSIFIED,lines 305-316; 10 content lines
ch05-b011,5,Space Optimization: Using Only What You Need,chapters/05-Dynamic-Programming.qmd,python,PROGRAM_CODE,YES,COMPLETE_OR_SUBSTANTIAL,NO,NO,NO,program-code,program-code,program-code,LOW,NONE,CLASSIFIED,lines 336-359; 22 content lines
ch05-b012,5,A Systematic Approach to DP Problems,chapters/05-Dynamic-Programming.qmd,UNLABELED,OTHER,NO,COMPLETE_OR_SUBSTANTIAL,NO,NO,NO,technical-other,technical-other,technical-other,LOW,NONE,CLASSIFIED,lines 428-437; 8 content lines
ch05-b013,5,A Systematic Approach to DP Problems,chapters/05-Dynamic-Programming.qmd,UNLABELED,OTHER,NO,FRAGMENT,NO,NO,NO,technical-other,technical-other,technical-other,LOW,NONE,CLASSIFIED,lines 441-447; 5 content lines
ch05-b014,5,Step 1: Characterize the Structure of Optimal Solutions,chapters/05-Dynamic-Programming.qmd,UNLABELED,OTHER,NO,COMPLETE_OR_SUBSTANTIAL,NO,NO,NO,technical-other,technical-other,technical-other,LOW,NONE,CLASSIFIED,lines 468-482; 13 content lines
ch05-b015,5,Step 2: Define the Recurrence Relation Precisely,chapters/05-Dynamic-Programming.qmd,UNLABELED,PSEUDOCODE,NO,COMPLETE_OR_SUBSTANTIAL,NO,NO,NO,algorithm,algorithm,algorithm,LOW,NONE,CLASSIFIED,lines 490-505; 14 content lines
ch05-b016,5,Step 3: Identify Overlapping Subproblems,chapters/05-Dynamic-Programming.qmd,UNLABELED,OTHER,NO,COMPLETE_OR_SUBSTANTIAL,NO,NO,NO,technical-other,technical-other,technical-other,LOW,NONE,CLASSIFIED,lines 511-527; 15 content lines
ch05-b017,5,Step 4: Implement Bottom-Up (Tabulation),chapters/05-Dynamic-Programming.qmd,python,PROGRAM_CODE,YES,COMPLETE_OR_SUBSTANTIAL,NO,NO,NO,program-code,program-code,program-code,LOW,NONE,CLASSIFIED,lines 535-580; 44 content lines
ch05-b018,5,Step 4: Implement Bottom-Up (Tabulation),chapters/05-Dynamic-Programming.qmd,UNLABELED,OTHER,NO,COMPLETE_OR_SUBSTANTIAL,NO,NO,NO,technical-other,technical-other,technical-other,LOW,NONE,CLASSIFIED,lines 584-597; 12 content lines
ch05-b019,5,Step 5: Extract the Solution (Which Items to Take),chapters/05-Dynamic-Programming.qmd,python,PROGRAM_CODE,YES,COMPLETE_OR_SUBSTANTIAL,NO,NO,NO,program-code,program-code,program-code,LOW,NONE,CLASSIFIED,lines 611-649; 37 content lines
ch05-b020,5,Step 5: Extract the Solution (Which Items to Take),chapters/05-Dynamic-Programming.qmd,UNLABELED,OTHER,NO,COMPLETE_OR_SUBSTANTIAL,NO,NO,NO,technical-other,technical-other,technical-other,LOW,NONE,CLASSIFIED,lines 653-672; 18 content lines
ch05-b021,5,Step 6: Optimize Space (When Possible),chapters/05-Dynamic-Programming.qmd,python,PROGRAM_CODE,YES,COMPLETE_OR_SUBSTANTIAL,NO,NO,NO,program-code,program-code,program-code,LOW,NONE,CLASSIFIED,lines 678-710; 31 content lines
ch05-b022,5,Step 6: Optimize Space (When Possible),chapters/05-Dynamic-Programming.qmd,python,PROGRAM_CODE,YES,COMPLETE_OR_SUBSTANTIAL,NO,NO,NO,program-code,program-code,program-code,LOW,NONE,CLASSIFIED,lines 714-732; 17 content lines
ch05-b023,5,The Longest Common Subsequence (LCS) Problem,chapters/05-Dynamic-Programming.qmd,UNLABELED,OTHER,NO,FRAGMENT,NO,NO,NO,technical-other,technical-other,technical-other,LOW,NONE,CLASSIFIED,lines 780-786; 5 content lines
ch05-b024,5,Developing the Solution,chapters/05-Dynamic-Programming.qmd,UNLABELED,INLINE_EXAMPLE,NO,FRAGMENT,NO,NO,NO,inline-example,inline-example,inline-example,LOW,NONE,CLASSIFIED,lines 836-838; 1 content lines
ch05-b025,5,Developing the Solution,chapters/05-Dynamic-Programming.qmd,UNLABELED,OTHER,NO,FRAGMENT,NO,NO,NO,technical-other,technical-other,technical-other,LOW,NONE,CLASSIFIED,lines 846-851; 4 content lines
ch05-b026,5,Matrix Chain Implementation,chapters/05-Dynamic-Programming.qmd,python,PROGRAM_CODE,YES,COMPLETE_OR_SUBSTANTIAL,NO,NO,NO,program-code,program-code,program-code,LOW,NONE,CLASSIFIED,lines 861-924; 62 content lines
ch05-b027,5,Tracing Through an Example,chapters/05-Dynamic-Programming.qmd,python,PROGRAM_CODE,YES,COMPLETE_OR_SUBSTANTIAL,NO,NO,NO,program-code,program-code,program-code,LOW,NONE,CLASSIFIED,lines 928-948; 19 content lines
ch05-b028,5,1. **Interval DP**,chapters/05-Dynamic-Programming.qmd,python,PROGRAM_CODE,YES,COMPLETE_OR_SUBSTANTIAL,NO,NO,NO,program-code,program-code,program-code,LOW,NONE,CLASSIFIED,lines 976-1011; 34 content lines
ch05-b029,5,2. **Tree DP**,chapters/05-Dynamic-Programming.qmd,python,PROGRAM_CODE,YES,COMPLETE_OR_SUBSTANTIAL,NO,NO,NO,program-code,program-code,program-code,LOW,NONE,CLASSIFIED,lines 1017-1040; 22 content lines
ch05-b030,5,3. **Digit DP**,chapters/05-Dynamic-Programming.qmd,python,PROGRAM_CODE,YES,COMPLETE_OR_SUBSTANTIAL,NO,NO,NO,program-code,program-code,program-code,LOW,NONE,CLASSIFIED,lines 1046-1079; 32 content lines
ch05-b031,5,1. **Rolling Array**,chapters/05-Dynamic-Programming.qmd,python,PROGRAM_CODE,YES,COMPLETE_OR_SUBSTANTIAL,NO,NO,NO,program-code,program-code,program-code,LOW,NONE,CLASSIFIED,lines 1087-1099; 11 content lines
ch05-b032,5,2. **State Compression**,chapters/05-Dynamic-Programming.qmd,python,PROGRAM_CODE,YES,COMPLETE_OR_SUBSTANTIAL,NO,NO,NO,program-code,program-code,program-code,LOW,NONE,CLASSIFIED,lines 1105-1144; 38 content lines
ch05-b033,5,3. **Divide and Conquer Optimization**,chapters/05-Dynamic-Programming.qmd,python,PROGRAM_CODE,YES,FRAGMENT,NO,NO,NO,program-code,program-code,program-code,LOW,NONE,CLASSIFIED,lines 1150-1158; 7 content lines
ch05-b034,5,Project Structure,chapters/05-Dynamic-Programming.qmd,UNLABELED,TEXT_DIAGRAM,NO,COMPLETE_OR_SUBSTANTIAL,NO,NO,NO,text-diagram,text-diagram,text-diagram,LOW,NONE,CLASSIFIED,lines 1189-1219; 29 content lines
ch05-b035,5,Core Implementation: DP Base Class,chapters/05-Dynamic-Programming.qmd,python,PROGRAM_CODE,YES,COMPLETE_OR_SUBSTANTIAL,NO,NO,NO,program-code,program-code,program-code,LOW,NONE,CLASSIFIED,lines 1223-1378; 154 content lines
ch05-b036,5,Example: Knapsack Implementation,chapters/05-Dynamic-Programming.qmd,python,PROGRAM_CODE,YES,COMPLETE_OR_SUBSTANTIAL,NO,NO,NO,program-code,program-code,program-code,LOW,NONE,CLASSIFIED,lines 1382-1469; 86 content lines
ch05-b037,5,Visualization Component,chapters/05-Dynamic-Programming.qmd,python,PROGRAM_CODE,YES,COMPLETE_OR_SUBSTANTIAL,NO,NO,NO,program-code,program-code,program-code,LOW,NONE,CLASSIFIED,lines 1473-1566; 92 content lines
ch05-b038,5,Real-World Example: DNA Alignment Tool,chapters/05-Dynamic-Programming.qmd,python,PROGRAM_CODE,YES,COMPLETE_OR_SUBSTANTIAL,NO,NO,NO,program-code,program-code,program-code,LOW,NONE,CLASSIFIED,lines 1570-1669; 98 content lines
ch05-b039,5,Testing Suite,chapters/05-Dynamic-Programming.qmd,python,PROGRAM_CODE,YES,COMPLETE_OR_SUBSTANTIAL,NO,NO,NO,program-code,program-code,program-code,LOW,NONE,CLASSIFIED,lines 1673-1780; 106 content lines
ch05-b040,5,Programming Problems,chapters/05-Dynamic-Programming.qmd,python,PROGRAM_CODE,YES,COMPLETE_OR_SUBSTANTIAL,NO,NO,NO,program-code,program-code,program-code,LOW,NONE,CLASSIFIED,lines 1798-1810; 11 content lines
ch05-b041,5,Programming Problems,chapters/05-Dynamic-Programming.qmd,python,PROGRAM_CODE,YES,COMPLETE_OR_SUBSTANTIAL,NO,NO,NO,program-code,program-code,program-code,LOW,NONE,CLASSIFIED,lines 1814-1826; 11 content lines
ch05-b042,5,Programming Problems,chapters/05-Dynamic-Programming.qmd,python,PROGRAM_CODE,YES,COMPLETE_OR_SUBSTANTIAL,NO,NO,NO,program-code,program-code,program-code,LOW,NONE,CLASSIFIED,lines 1830-1842; 11 content lines
ch05-b043,5,Implementation Challenges,chapters/05-Dynamic-Programming.qmd,python,PROGRAM_CODE,YES,COMPLETE_OR_SUBSTANTIAL,NO,NO,NO,program-code,program-code,program-code,LOW,NONE,CLASSIFIED,lines 1848-1860; 11 content lines
ch05-b044,5,Implementation Challenges,chapters/05-Dynamic-Programming.qmd,python,PROGRAM_CODE,YES,FRAGMENT,NO,NO,NO,program-code,program-code,program-code,LOW,NONE,CLASSIFIED,lines 1864-1872; 7 content lines
ch05-b045,5,Implementation Challenges,chapters/05-Dynamic-Programming.qmd,python,PROGRAM_CODE,YES,COMPLETE_OR_SUBSTANTIAL,NO,NO,NO,program-code,program-code,program-code,LOW,NONE,CLASSIFIED,lines 1876-1887; 10 content lines
ch06-b001,6,The Implementation,chapters/06-Randomized-Algorithms.qmd,python,PROGRAM_CODE,YES,COMPLETE_OR_SUBSTANTIAL,NO,NO,NO,program-code,program-code,program-code,LOW,NONE,CLASSIFIED,lines 232-253; 20 content lines
ch06-b002,6,How Miller-Rabin Works (Intuitive Explanation),chapters/06-Randomized-Algorithms.qmd,python,PROGRAM_CODE,YES,COMPLETE_OR_SUBSTANTIAL,NO,NO,NO,program-code,program-code,program-code,LOW,NONE,CLASSIFIED,lines 312-367; 54 content lines
ch06-b003,6,The Birthday Paradox: When Intuition Fails,chapters/06-Randomized-Algorithms.qmd,python,PROGRAM_CODE,YES,COMPLETE_OR_SUBSTANTIAL,NO,NO,NO,program-code,program-code,program-code,LOW,NONE,CLASSIFIED,lines 417-451; 33 content lines
ch06-b004,6,Amplification: Making Algorithms More Reliable,chapters/06-Randomized-Algorithms.qmd,python,PROGRAM_CODE,YES,COMPLETE_OR_SUBSTANTIAL,NO,NO,NO,program-code,program-code,program-code,LOW,NONE,CLASSIFIED,lines 470-499; 28 content lines
ch06-b005,6,The Implementation,chapters/06-Randomized-Algorithms.qmd,python,PROGRAM_CODE,YES,COMPLETE_OR_SUBSTANTIAL,NO,NO,NO,program-code,program-code,program-code,LOW,NONE,CLASSIFIED,lines 560-597; 36 content lines
ch06-b006,6,The Carter-Wegman Construction,chapters/06-Randomized-Algorithms.qmd,UNLABELED,INLINE_EXAMPLE,NO,FRAGMENT,NO,NO,NO,inline-example,inline-example,inline-example,LOW,NONE,CLASSIFIED,lines 664-666; 1 content lines
ch06-b007,6,The Carter-Wegman Construction,chapters/06-Randomized-Algorithms.qmd,python,PROGRAM_CODE,YES,COMPLETE_OR_SUBSTANTIAL,NO,NO,NO,program-code,program-code,program-code,LOW,NONE,CLASSIFIED,lines 676-777; 100 content lines
ch06-b008,6,Understanding Bloom Filter Parameters,chapters/06-Randomized-Algorithms.qmd,python,PROGRAM_CODE,YES,COMPLETE_OR_SUBSTANTIAL,NO,NO,NO,program-code,program-code,program-code,LOW,NONE,CLASSIFIED,lines 827-963; 135 content lines
ch06-b009,6,Why It Works (Intuitive Explanation),chapters/06-Randomized-Algorithms.qmd,python,PROGRAM_CODE,YES,COMPLETE_OR_SUBSTANTIAL,NO,NO,NO,program-code,program-code,program-code,LOW,NONE,CLASSIFIED,lines 1012-1100; 87 content lines
ch06-b010,6,The Solution: Count-Min Sketch,chapters/06-Randomized-Algorithms.qmd,python,PROGRAM_CODE,YES,COMPLETE_OR_SUBSTANTIAL,NO,NO,NO,program-code,program-code,program-code,LOW,NONE,CLASSIFIED,lines 1122-1220; 97 content lines
ch06-b011,6,Expected Value: The Average Case,chapters/06-Randomized-Algorithms.qmd,UNLABELED,PSEUDOCODE,NO,FRAGMENT,NO,NO,NO,algorithm,algorithm,algorithm,LOW,NONE,CLASSIFIED,lines 1261-1267; 5 content lines
ch06-b012,6,Chernoff Bounds: Much Stronger Guarantees,chapters/06-Randomized-Algorithms.qmd,python,PROGRAM_CODE,YES,COMPLETE_OR_SUBSTANTIAL,NO,NO,NO,program-code,program-code,program-code,LOW,NONE,CLASSIFIED,lines 1310-1426; 115 content lines
ch06-b013,6,The Elegant Randomized Solution,chapters/06-Randomized-Algorithms.qmd,python,PROGRAM_CODE,YES,COMPLETE_OR_SUBSTANTIAL,NO,NO,NO,program-code,program-code,program-code,LOW,NONE,CLASSIFIED,lines 1462-1594; 131 content lines
ch06-b014,6,Estimating π with Random Points,chapters/06-Randomized-Algorithms.qmd,python,PROGRAM_CODE,YES,COMPLETE_OR_SUBSTANTIAL,NO,NO,NO,program-code,program-code,program-code,LOW,NONE,CLASSIFIED,lines 1618-1675; 56 content lines
ch06-b015,6,The Problem,chapters/06-Randomized-Algorithms.qmd,python,PROGRAM_CODE,YES,COMPLETE_OR_SUBSTANTIAL,NO,NO,NO,program-code,program-code,program-code,LOW,NONE,CLASSIFIED,lines 1699-1752; 52 content lines
ch06-b016,6,A/B Testing with Statistical Significance,chapters/06-Randomized-Algorithms.qmd,python,PROGRAM_CODE,YES,COMPLETE_OR_SUBSTANTIAL,NO,NO,NO,program-code,program-code,program-code,LOW,NONE,CLASSIFIED,lines 1758-1858; 99 content lines
ch07-b001,7,Boolean Satisfiability (SAT),chapters/07-Computational-Complexity.qmd,UNLABELED,OTHER,NO,COMPLETE_OR_SUBSTANTIAL,NO,NO,NO,technical-other,technical-other,technical-other,LOW,NONE,CLASSIFIED,lines 286-298; 11 content lines
ch07-b002,7,The Knapsack Problem (Decision Version),chapters/07-Computational-Complexity.qmd,UNLABELED,OTHER,NO,COMPLETE_OR_SUBSTANTIAL,NO,NO,NO,technical-other,technical-other,technical-other,LOW,NONE,CLASSIFIED,lines 338-349; 10 content lines
ch07-b003,7,3-SAT: The Special Case,chapters/07-Computational-Complexity.qmd,UNLABELED,INLINE_EXAMPLE,NO,FRAGMENT,NO,NO,NO,inline-example,inline-example,inline-example,LOW,NONE,CLASSIFIED,lines 377-381; 3 content lines
ch07-b004,7,The Clique Problem,chapters/07-Computational-Complexity.qmd,UNLABELED,OTHER,NO,FRAGMENT,NO,NO,NO,technical-other,technical-other,technical-other,LOW,NONE,CLASSIFIED,lines 395-400; 4 content lines
ch07-b005,7,Step 1: Show Vertex Cover is in NP,chapters/07-Computational-Complexity.qmd,python,PROGRAM_CODE,YES,COMPLETE_OR_SUBSTANTIAL,NO,NO,NO,program-code,program-code,program-code,LOW,NONE,CLASSIFIED,lines 425-437; 11 content lines
ch07-b006,7,Step 3: Construct the Reduction,chapters/07-Computational-Complexity.qmd,UNLABELED,TEXT_DIAGRAM,NO,FRAGMENT,NO,NO,NO,text-diagram,text-diagram,text-diagram,LOW,NONE,CLASSIFIED,lines 450-458; 7 content lines
ch07-b007,7,Step 3: Construct the Reduction,chapters/07-Computational-Complexity.qmd,UNLABELED,INLINE_EXAMPLE,NO,FRAGMENT,NO,NO,NO,inline-example,inline-example,inline-example,LOW,NONE,CLASSIFIED,lines 461-465; 3 content lines
ch07-b008,7,Example: 2-Approximation for Vertex Cover,chapters/07-Computational-Complexity.qmd,python,PROGRAM_CODE,YES,COMPLETE_OR_SUBSTANTIAL,NO,NO,NO,program-code,program-code,program-code,LOW,NONE,CLASSIFIED,lines 498-520; 21 content lines
ch07-b009,7,Example: SAT Solvers,chapters/07-Computational-Complexity.qmd,python,PROGRAM_CODE,YES,COMPLETE_OR_SUBSTANTIAL,NO,NO,NO,program-code,program-code,program-code,LOW,NONE,CLASSIFIED,lines 555-590; 34 content lines
ch07-b010,7,Strategy 5: Randomization,chapters/07-Computational-Complexity.qmd,python,PROGRAM_CODE,YES,COMPLETE_OR_SUBSTANTIAL,NO,NO,NO,program-code,program-code,program-code,LOW,NONE,CLASSIFIED,lines 600-623; 22 content lines
ch07-b011,7,The Complexity Hierarchy,chapters/07-Computational-Complexity.qmd,UNLABELED,TEXT_DIAGRAM,NO,COMPLETE_OR_SUBSTANTIAL,NO,NO,NO,text-diagram,text-diagram,text-diagram,LOW,NONE,CLASSIFIED,lines 728-744; 15 content lines
ch07-b012,7,Implementation Exercises,chapters/07-Computational-Complexity.qmd,python,PROGRAM_CODE,YES,COMPLETE_OR_SUBSTANTIAL,NO,NO,NO,program-code,program-code,program-code,LOW,NONE,CLASSIFIED,lines 847-868; 20 content lines
ch07-b013,7,Implementation Exercises,chapters/07-Computational-Complexity.qmd,python,PROGRAM_CODE,YES,COMPLETE_OR_SUBSTANTIAL,NO,NO,NO,program-code,program-code,program-code,LOW,NONE,CLASSIFIED,lines 873-891; 17 content lines
ch07-b014,7,Implementation Exercises,chapters/07-Computational-Complexity.qmd,python,PROGRAM_CODE,YES,FRAGMENT,NO,NO,NO,program-code,program-code,program-code,LOW,NONE,CLASSIFIED,lines 896-904; 7 content lines
ch08-b001,8,The Lemonade Stand Location Problem,chapters/08-Approximation-Algorithms.qmd,python,PROGRAM_CODE,YES,COMPLETE_OR_SUBSTANTIAL,NO,NO,NO,program-code,program-code,program-code,LOW,NONE,CLASSIFIED,lines 80-110; 29 content lines
ch08-b002,8,The Naive Approach,chapters/08-Approximation-Algorithms.qmd,python,PROGRAM_CODE,YES,COMPLETE_OR_SUBSTANTIAL,NO,NO,NO,program-code,program-code,program-code,LOW,NONE,CLASSIFIED,lines 202-221; 18 content lines
ch08-b003,8,The Greedy 2-Approximation,chapters/08-Approximation-Algorithms.qmd,python,PROGRAM_CODE,YES,COMPLETE_OR_SUBSTANTIAL,NO,NO,NO,program-code,program-code,program-code,LOW,NONE,CLASSIFIED,lines 229-270; 40 content lines
ch08-b004,8,Why This is a 2-Approximation,chapters/08-Approximation-Algorithms.qmd,UNLABELED,OTHER,NO,FRAGMENT,NO,NO,NO,technical-other,technical-other,technical-other,LOW,NONE,CLASSIFIED,lines 289-294; 4 content lines
ch08-b005,8,An Improved Algorithm: Maximum Matching,chapters/08-Approximation-Algorithms.qmd,python,PROGRAM_CODE,YES,COMPLETE_OR_SUBSTANTIAL,NO,NO,NO,program-code,program-code,program-code,LOW,NONE,CLASSIFIED,lines 298-317; 18 content lines
ch08-b006,8,Can We Do Better Than 2?,chapters/08-Approximation-Algorithms.qmd,python,PROGRAM_CODE,YES,COMPLETE_OR_SUBSTANTIAL,NO,NO,NO,program-code,program-code,program-code,LOW,NONE,CLASSIFIED,lines 325-357; 31 content lines
ch08-b007,8,The 2-Approximation Algorithm,chapters/08-Approximation-Algorithms.qmd,python,PROGRAM_CODE,YES,COMPLETE_OR_SUBSTANTIAL,NO,NO,NO,program-code,program-code,program-code,LOW,NONE,CLASSIFIED,lines 378-461; 82 content lines
ch08-b008,8,Christofides Algorithm: 1.5-Approximation,chapters/08-Approximation-Algorithms.qmd,python,PROGRAM_CODE,YES,COMPLETE_OR_SUBSTANTIAL,NO,NO,NO,program-code,program-code,program-code,LOW,NONE,CLASSIFIED,lines 487-592; 104 content lines
ch08-b009,8,The Greedy Algorithm,chapters/08-Approximation-Algorithms.qmd,python,PROGRAM_CODE,YES,COMPLETE_OR_SUBSTANTIAL,NO,NO,NO,program-code,program-code,program-code,LOW,NONE,CLASSIFIED,lines 616-663; 46 content lines
ch08-b010,8,The Weighted Version,chapters/08-Approximation-Algorithms.qmd,python,PROGRAM_CODE,YES,COMPLETE_OR_SUBSTANTIAL,NO,NO,NO,program-code,program-code,program-code,LOW,NONE,CLASSIFIED,lines 685-724; 38 content lines
ch08-b011,8,MAX-CUT: A Simple Randomized Algorithm,chapters/08-Approximation-Algorithms.qmd,python,PROGRAM_CODE,YES,COMPLETE_OR_SUBSTANTIAL,NO,NO,NO,program-code,program-code,program-code,LOW,NONE,CLASSIFIED,lines 751-821; 69 content lines
ch08-b012,8,MAX-SAT: Randomized Rounding,chapters/08-Approximation-Algorithms.qmd,python,PROGRAM_CODE,YES,COMPLETE_OR_SUBSTANTIAL,NO,NO,NO,program-code,program-code,program-code,LOW,NONE,CLASSIFIED,lines 833-889; 55 content lines
ch08-b013,8,The Method of Conditional Expectations,chapters/08-Approximation-Algorithms.qmd,python,PROGRAM_CODE,YES,COMPLETE_OR_SUBSTANTIAL,NO,NO,NO,program-code,program-code,program-code,LOW,NONE,CLASSIFIED,lines 900-938; 37 content lines
ch08-b014,8,Vertex Cover via LP Relaxation,chapters/08-Approximation-Algorithms.qmd,python,PROGRAM_CODE,YES,COMPLETE_OR_SUBSTANTIAL,NO,NO,NO,program-code,program-code,program-code,LOW,NONE,CLASSIFIED,lines 950-1010; 59 content lines
ch08-b015,8,Set Cover via LP Relaxation,chapters/08-Approximation-Algorithms.qmd,python,PROGRAM_CODE,YES,COMPLETE_OR_SUBSTANTIAL,NO,NO,NO,program-code,program-code,program-code,LOW,NONE,CLASSIFIED,lines 1014-1059; 44 content lines
ch08-b016,8,The Integrality Gap,chapters/08-Approximation-Algorithms.qmd,UNLABELED,OTHER,NO,FRAGMENT,NO,NO,NO,technical-other,technical-other,technical-other,LOW,NONE,CLASSIFIED,lines 1065-1067; 1 content lines
ch08-b017,8,Knapsack: A Classic FPTAS,chapters/08-Approximation-Algorithms.qmd,python,PROGRAM_CODE,YES,COMPLETE_OR_SUBSTANTIAL,NO,NO,NO,program-code,program-code,program-code,LOW,NONE,CLASSIFIED,lines 1086-1152; 65 content lines
ch08-b018,8,Euclidean TSP: A PTAS,chapters/08-Approximation-Algorithms.qmd,python,PROGRAM_CODE,YES,COMPLETE_OR_SUBSTANTIAL,NO,NO,NO,program-code,program-code,program-code,LOW,NONE,CLASSIFIED,lines 1163-1208; 44 content lines
ch08-b019,8,Inapproximability Results,chapters/08-Approximation-Algorithms.qmd,python,PROGRAM_CODE,YES,COMPLETE_OR_SUBSTANTIAL,NO,NO,NO,program-code,program-code,program-code,LOW,NONE,CLASSIFIED,lines 1232-1281; 48 content lines
ch08-b020,8,The PCP Theorem,chapters/08-Approximation-Algorithms.qmd,python,PROGRAM_CODE,YES,COMPLETE_OR_SUBSTANTIAL,NO,NO,NO,program-code,program-code,program-code,LOW,NONE,CLASSIFIED,lines 1287-1310; 22 content lines
ch08-b021,8,APX-Completeness,chapters/08-Approximation-Algorithms.qmd,python,PROGRAM_CODE,YES,COMPLETE_OR_SUBSTANTIAL,NO,NO,NO,program-code,program-code,program-code,LOW,NONE,CLASSIFIED,lines 1316-1347; 30 content lines
ch08-b022,8,A Complete Approximation Algorithm Toolkit,chapters/08-Approximation-Algorithms.qmd,python,PROGRAM_CODE,YES,COMPLETE_OR_SUBSTANTIAL,NO,NO,NO,program-code,program-code,program-code,LOW,NONE,CLASSIFIED,lines 1355-1448; 92 content lines
ch08-b023,8,Implementation Problems,chapters/08-Approximation-Algorithms.qmd,python,PROGRAM_CODE,YES,COMPLETE_OR_SUBSTANTIAL,NO,NO,NO,program-code,program-code,program-code,LOW,NONE,CLASSIFIED,lines 1482-1501; 18 content lines
ch08-b024,8,Implementation Problems,chapters/08-Approximation-Algorithms.qmd,python,PROGRAM_CODE,YES,COMPLETE_OR_SUBSTANTIAL,NO,NO,NO,program-code,program-code,program-code,LOW,NONE,CLASSIFIED,lines 1504-1519; 14 content lines
ch09-b001,9,The Basic Idea,chapters/09-Advanced-Graph-Algorithms.qmd,UNLABELED,PSEUDOCODE,NO,COMPLETE_OR_SUBSTANTIAL,NO,NO,NO,algorithm,algorithm,algorithm,LOW,NONE,CLASSIFIED,lines 162-171; 8 content lines
ch09-b002,9,Edmonds-Karp: Breadth-First Augmenting Paths,chapters/09-Advanced-Graph-Algorithms.qmd,python,PROGRAM_CODE,YES,COMPLETE_OR_SUBSTANTIAL,NO,NO,NO,program-code,program-code,program-code,LOW,NONE,CLASSIFIED,lines 238-423; 184 content lines
ch09-b003,9,The Algorithm,chapters/09-Advanced-Graph-Algorithms.qmd,UNLABELED,PSEUDOCODE,NO,COMPLETE_OR_SUBSTANTIAL,NO,NO,NO,algorithm,algorithm,algorithm,LOW,NONE,CLASSIFIED,lines 467-486; 18 content lines
ch09-b004,9,The Algorithm,chapters/09-Advanced-Graph-Algorithms.qmd,UNLABELED,OTHER,NO,FRAGMENT,NO,NO,NO,technical-other,technical-other,technical-other,LOW,NONE,CLASSIFIED,lines 489-494; 4 content lines
ch09-b005,9,The Algorithm,chapters/09-Advanced-Graph-Algorithms.qmd,UNLABELED,INLINE_EXAMPLE,NO,FRAGMENT,NO,NO,NO,inline-example,inline-example,inline-example,LOW,NONE,CLASSIFIED,lines 497-499; 1 content lines
ch09-b006,9,Why Does This Work?,chapters/09-Advanced-Graph-Algorithms.qmd,python,PROGRAM_CODE,YES,COMPLETE_OR_SUBSTANTIAL,NO,NO,NO,program-code,program-code,program-code,LOW,NONE,CLASSIFIED,lines 516-653; 136 content lines
ch09-b007,9,Implementation,chapters/09-Advanced-Graph-Algorithms.qmd,python,PROGRAM_CODE,YES,COMPLETE_OR_SUBSTANTIAL,NO,NO,NO,program-code,program-code,program-code,LOW,NONE,CLASSIFIED,lines 712-817; 104 content lines
ch09-b008,9,Hall's Marriage Theorem,chapters/09-Advanced-Graph-Algorithms.qmd,UNLABELED,INLINE_EXAMPLE,NO,FRAGMENT,NO,NO,NO,inline-example,inline-example,inline-example,LOW,NONE,CLASSIFIED,lines 832-836; 3 content lines
ch09-b009,9,The Setup,chapters/09-Advanced-Graph-Algorithms.qmd,UNLABELED,INLINE_EXAMPLE,NO,FRAGMENT,NO,NO,NO,inline-example,inline-example,inline-example,LOW,NONE,CLASSIFIED,lines 865-867; 1 content lines
ch09-b010,9,Successive Shortest Paths Algorithm,chapters/09-Advanced-Graph-Algorithms.qmd,UNLABELED,PSEUDOCODE,NO,COMPLETE_OR_SUBSTANTIAL,NO,NO,NO,algorithm,algorithm,algorithm,LOW,NONE,CLASSIFIED,lines 873-883; 9 content lines
ch09-b011,9,Implementation,chapters/09-Advanced-Graph-Algorithms.qmd,python,PROGRAM_CODE,YES,COMPLETE_OR_SUBSTANTIAL,NO,NO,NO,program-code,program-code,program-code,LOW,NONE,CLASSIFIED,lines 893-1043; 149 content lines
ch09-b012,9,Cycle-Canceling Algorithm,chapters/09-Advanced-Graph-Algorithms.qmd,UNLABELED,PSEUDOCODE,NO,FRAGMENT,NO,NO,NO,algorithm,algorithm,algorithm,LOW,NONE,CLASSIFIED,lines 1049-1054; 4 content lines
ch09-b013,9,Architecture,chapters/09-Advanced-Graph-Algorithms.qmd,UNLABELED,TEXT_DIAGRAM,NO,COMPLETE_OR_SUBSTANTIAL,NO,NO,NO,text-diagram,text-diagram,text-diagram,LOW,NONE,CLASSIFIED,lines 1142-1160; 17 content lines
ch09-b014,9,Core Network Class,chapters/09-Advanced-Graph-Algorithms.qmd,python,PROGRAM_CODE,YES,COMPLETE_OR_SUBSTANTIAL,NO,NO,NO,program-code,program-code,program-code,LOW,NONE,CLASSIFIED,lines 1164-1299; 134 content lines
ch09-b015,9,Algorithm Interface,chapters/09-Advanced-Graph-Algorithms.qmd,python,PROGRAM_CODE,YES,COMPLETE_OR_SUBSTANTIAL,NO,NO,NO,program-code,program-code,program-code,LOW,NONE,CLASSIFIED,lines 1303-1331; 27 content lines
ch09-b016,9,Application: Matching Solver,chapters/09-Advanced-Graph-Algorithms.qmd,python,PROGRAM_CODE,YES,COMPLETE_OR_SUBSTANTIAL,NO,NO,NO,program-code,program-code,program-code,LOW,NONE,CLASSIFIED,lines 1335-1452; 116 content lines
ch09-b017,9,Visualization Module,chapters/09-Advanced-Graph-Algorithms.qmd,python,PROGRAM_CODE,YES,COMPLETE_OR_SUBSTANTIAL,NO,NO,NO,program-code,program-code,program-code,LOW,NONE,CLASSIFIED,lines 1456-1568; 111 content lines
ch09-b018,9,Command-Line Interface,chapters/09-Advanced-Graph-Algorithms.qmd,python,PROGRAM_CODE,YES,COMPLETE_OR_SUBSTANTIAL,NO,NO,NO,program-code,program-code,program-code,LOW,NONE,CLASSIFIED,lines 1572-1657; 84 content lines
ch09-b019,9,Testing Suite,chapters/09-Advanced-Graph-Algorithms.qmd,python,PROGRAM_CODE,YES,COMPLETE_OR_SUBSTANTIAL,NO,NO,NO,program-code,program-code,program-code,LOW,NONE,CLASSIFIED,lines 1661-1738; 76 content lines
ch09-b020,9,Warm-Up Problems,chapters/09-Advanced-Graph-Algorithms.qmd,UNLABELED,TEXT_DIAGRAM,NO,FRAGMENT,NO,NO,NO,text-diagram,text-diagram,text-diagram,LOW,NONE,CLASSIFIED,lines 1784-1790; 5 content lines
ch10-b001,10,The Setup,chapters/10-String-Processing-Algorithms.qmd,UNLABELED,OTHER,NO,FRAGMENT,NO,NO,NO,technical-other,technical-other,technical-other,LOW,NONE,CLASSIFIED,lines 42-50; 7 content lines
ch10-b002,10,The Naive Approach,chapters/10-String-Processing-Algorithms.qmd,python,PROGRAM_CODE,YES,COMPLETE_OR_SUBSTANTIAL,NO,NO,NO,program-code,program-code,program-code,LOW,NONE,CLASSIFIED,lines 56-80; 23 content lines
ch10-b003,10,The Naive Approach,chapters/10-String-Processing-Algorithms.qmd,python,PROGRAM_CODE,YES,FRAGMENT,NO,NO,NO,program-code,program-code,program-code,LOW,NONE,CLASSIFIED,lines 88-95; 6 content lines
ch10-b004,10,The Big Idea,chapters/10-String-Processing-Algorithms.qmd,UNLABELED,OTHER,NO,COMPLETE_OR_SUBSTANTIAL,NO,NO,NO,technical-other,technical-other,technical-other,LOW,NONE,CLASSIFIED,lines 115-132; 16 content lines
ch10-b005,10,The Failure Function (Longest Proper Prefix-Suffix),chapters/10-String-Processing-Algorithms.qmd,UNLABELED,OTHER,NO,COMPLETE_OR_SUBSTANTIAL,NO,NO,NO,technical-other,technical-other,technical-other,LOW,NONE,CLASSIFIED,lines 146-156; 9 content lines
ch10-b006,10,The Failure Function (Longest Proper Prefix-Suffix),chapters/10-String-Processing-Algorithms.qmd,UNLABELED,OTHER,NO,COMPLETE_OR_SUBSTANTIAL,NO,NO,NO,technical-other,technical-other,technical-other,LOW,NONE,CLASSIFIED,lines 160-171; 10 content lines
ch10-b007,10,Computing the Failure Function,chapters/10-String-Processing-Algorithms.qmd,python,PROGRAM_CODE,YES,COMPLETE_OR_SUBSTANTIAL,NO,NO,NO,program-code,program-code,program-code,LOW,NONE,CLASSIFIED,lines 177-210; 32 content lines
ch10-b008,10,Computing the Failure Function,chapters/10-String-Processing-Algorithms.qmd,UNLABELED,OTHER,NO,COMPLETE_OR_SUBSTANTIAL,NO,NO,NO,technical-other,technical-other,technical-other,LOW,NONE,CLASSIFIED,lines 214-237; 22 content lines
ch10-b009,10,The KMP Search Algorithm,chapters/10-String-Processing-Algorithms.qmd,python,PROGRAM_CODE,YES,COMPLETE_OR_SUBSTANTIAL,NO,NO,NO,program-code,program-code,program-code,LOW,NONE,CLASSIFIED,lines 245-287; 41 content lines
ch10-b010,10,Complete KMP Example Trace,chapters/10-String-Processing-Algorithms.qmd,UNLABELED,OTHER,NO,COMPLETE_OR_SUBSTANTIAL,NO,NO,NO,technical-other,technical-other,technical-other,LOW,NONE,CLASSIFIED,lines 293-336; 42 content lines
ch10-b011,10,Full Implementation with Examples,chapters/10-String-Processing-Algorithms.qmd,python,PROGRAM_CODE,YES,COMPLETE_OR_SUBSTANTIAL,NO,NO,NO,program-code,program-code,program-code,LOW,NONE,CLASSIFIED,lines 345-526; 180 content lines
ch10-b012,10,Rolling Hash Function,chapters/10-String-Processing-Algorithms.qmd,UNLABELED,PSEUDOCODE,NO,FRAGMENT,NO,NO,NO,algorithm,algorithm,algorithm,LOW,NONE,CLASSIFIED,lines 549-555; 5 content lines
ch10-b013,10,Rolling Hash Function,chapters/10-String-Processing-Algorithms.qmd,UNLABELED,OTHER,NO,FRAGMENT,NO,NO,NO,technical-other,technical-other,technical-other,LOW,NONE,CLASSIFIED,lines 558-564; 5 content lines
ch10-b014,10,Rolling Hash Function,chapters/10-String-Processing-Algorithms.qmd,UNLABELED,INLINE_EXAMPLE,NO,FRAGMENT,NO,NO,NO,inline-example,inline-example,inline-example,LOW,NONE,CLASSIFIED,lines 567-569; 1 content lines
ch10-b015,10,Dealing with Large Numbers,chapters/10-String-Processing-Algorithms.qmd,UNLABELED,INLINE_EXAMPLE,NO,FRAGMENT,NO,NO,NO,inline-example,inline-example,inline-example,LOW,NONE,CLASSIFIED,lines 575-577; 1 content lines
ch10-b016,10,Implementation,chapters/10-String-Processing-Algorithms.qmd,python,PROGRAM_CODE,YES,COMPLETE_OR_SUBSTANTIAL,NO,NO,NO,program-code,program-code,program-code,LOW,NONE,CLASSIFIED,lines 585-818; 232 content lines
ch10-b017,10,What's a Suffix?,chapters/10-String-Processing-Algorithms.qmd,UNLABELED,OTHER,NO,COMPLETE_OR_SUBSTANTIAL,NO,NO,NO,technical-other,technical-other,technical-other,LOW,NONE,CLASSIFIED,lines 845-855; 9 content lines
ch10-b018,10,Building a Suffix Array (Naive),chapters/10-String-Processing-Algorithms.qmd,python,PROGRAM_CODE,YES,COMPLETE_OR_SUBSTANTIAL,NO,NO,NO,program-code,program-code,program-code,LOW,NONE,CLASSIFIED,lines 875-893; 17 content lines
ch10-b019,10,Building a Suffix Array Efficiently,chapters/10-String-Processing-Algorithms.qmd,python,PROGRAM_CODE,YES,COMPLETE_OR_SUBSTANTIAL,NO,NO,NO,program-code,program-code,program-code,LOW,NONE,CLASSIFIED,lines 903-1146; 242 content lines
ch10-b020,10,Applications of Suffix Arrays,chapters/10-String-Processing-Algorithms.qmd,python,PROGRAM_CODE,YES,FRAGMENT,NO,NO,NO,program-code,program-code,program-code,LOW,NONE,CLASSIFIED,lines 1151-1157; 5 content lines
ch10-b021,10,Applications of Suffix Arrays,chapters/10-String-Processing-Algorithms.qmd,python,PROGRAM_CODE,YES,COMPLETE_OR_SUBSTANTIAL,NO,NO,NO,program-code,program-code,program-code,LOW,NONE,CLASSIFIED,lines 1160-1180; 19 content lines
ch10-b022,10,What's a Suffix Tree?,chapters/10-String-Processing-Algorithms.qmd,UNLABELED,TERMINAL_COMMAND,NO,COMPLETE_OR_SUBSTANTIAL,NO,NO,NO,terminal,terminal,terminal,LOW,NONE,CLASSIFIED,lines 1196-1206; 9 content lines
ch10-b023,10,DNA Sequence Matching,chapters/10-String-Processing-Algorithms.qmd,python,PROGRAM_CODE,YES,COMPLETE_OR_SUBSTANTIAL,NO,NO,NO,program-code,program-code,program-code,LOW,NONE,CLASSIFIED,lines 1233-1255; 21 content lines
ch10-b024,10,DNA Sequence Matching,chapters/10-String-Processing-Algorithms.qmd,python,PROGRAM_CODE,YES,COMPLETE_OR_SUBSTANTIAL,NO,NO,NO,program-code,program-code,program-code,LOW,NONE,CLASSIFIED,lines 1258-1267; 8 content lines
ch10-b025,10,Read Alignment,chapters/10-String-Processing-Algorithms.qmd,python,PROGRAM_CODE,YES,COMPLETE_OR_SUBSTANTIAL,NO,NO,NO,program-code,program-code,program-code,LOW,NONE,CLASSIFIED,lines 1273-1304; 30 content lines
ch10-b026,10,Detecting Tandem Repeats,chapters/10-String-Processing-Algorithms.qmd,python,PROGRAM_CODE,YES,COMPLETE_OR_SUBSTANTIAL,NO,NO,NO,program-code,program-code,program-code,LOW,NONE,CLASSIFIED,lines 1310-1340; 29 content lines
ch10-b027,10,Project Structure,chapters/10-String-Processing-Algorithms.qmd,UNLABELED,TEXT_DIAGRAM,NO,COMPLETE_OR_SUBSTANTIAL,NO,NO,NO,text-diagram,text-diagram,text-diagram,LOW,NONE,CLASSIFIED,lines 1348-1386; 37 content lines
ch10-b028,10,Core Library Implementation,chapters/10-String-Processing-Algorithms.qmd,python,PROGRAM_CODE,YES,COMPLETE_OR_SUBSTANTIAL,NO,NO,NO,program-code,program-code,program-code,LOW,NONE,CLASSIFIED,lines 1390-1415; 24 content lines
ch10-b029,10,Core Library Implementation,chapters/10-String-Processing-Algorithms.qmd,python,PROGRAM_CODE,YES,COMPLETE_OR_SUBSTANTIAL,NO,NO,NO,program-code,program-code,program-code,LOW,NONE,CLASSIFIED,lines 1417-1682; 264 content lines
ch10-b030,10,Text Compression Application,chapters/10-String-Processing-Algorithms.qmd,python,PROGRAM_CODE,YES,COMPLETE_OR_SUBSTANTIAL,NO,NO,NO,program-code,program-code,program-code,LOW,NONE,CLASSIFIED,lines 1686-1850; 163 content lines
ch10-b031,10,Command-Line Tool,chapters/10-String-Processing-Algorithms.qmd,python,PROGRAM_CODE,YES,COMPLETE_OR_SUBSTANTIAL,NO,NO,NO,program-code,program-code,program-code,LOW,NONE,CLASSIFIED,lines 1854-1997; 142 content lines
ch11-b001,11,The Big Idea,chapters/11-Numerical-Algorithms.qmd,UNLABELED,DATA,NO,FRAGMENT,NO,NO,NO,data-example,data-example,data-example,LOW,NONE,CLASSIFIED,lines 46-50; 3 content lines
ch11-b002,11,The Mathematical Foundation,chapters/11-Numerical-Algorithms.qmd,UNLABELED,OTHER,NO,FRAGMENT,NO,NO,NO,technical-other,technical-other,technical-other,LOW,NONE,CLASSIFIED,lines 64-72; 7 content lines
ch11-b003,11,The Naive DFT: O(N²),chapters/11-Numerical-Algorithms.qmd,python,PROGRAM_CODE,YES,COMPLETE_OR_SUBSTANTIAL,NO,NO,NO,program-code,program-code,program-code,LOW,NONE,CLASSIFIED,lines 82-99; 16 content lines
ch11-b004,11,The Key Insight,chapters/11-Numerical-Algorithms.qmd,UNLABELED,PSEUDOCODE,NO,COMPLETE_OR_SUBSTANTIAL,NO,NO,NO,algorithm,algorithm,algorithm,LOW,NONE,CLASSIFIED,lines 113-125; 11 content lines
ch11-b005,11,The Recursive Algorithm,chapters/11-Numerical-Algorithms.qmd,UNLABELED,PSEUDOCODE,NO,FRAGMENT,NO,NO,NO,algorithm,algorithm,algorithm,LOW,NONE,CLASSIFIED,lines 138-141; 2 content lines
ch11-b006,11,Implementation: Recursive FFT,chapters/11-Numerical-Algorithms.qmd,python,PROGRAM_CODE,YES,COMPLETE_OR_SUBSTANTIAL,NO,NO,NO,program-code,program-code,program-code,LOW,NONE,CLASSIFIED,lines 152-196; 43 content lines
ch11-b007,11,Implementation: Recursive FFT,chapters/11-Numerical-Algorithms.qmd,python,PROGRAM_CODE,YES,COMPLETE_OR_SUBSTANTIAL,NO,NO,NO,program-code,program-code,program-code,LOW,NONE,CLASSIFIED,lines 200-228; 27 content lines
ch11-b008,11,Iterative FFT (Cooley-Tukey),chapters/11-Numerical-Algorithms.qmd,python,PROGRAM_CODE,YES,COMPLETE_OR_SUBSTANTIAL,NO,NO,NO,program-code,program-code,program-code,LOW,NONE,CLASSIFIED,lines 234-287; 52 content lines
ch11-b009,11,Iterative FFT (Cooley-Tukey),chapters/11-Numerical-Algorithms.qmd,UNLABELED,OTHER,NO,FRAGMENT,NO,NO,NO,technical-other,technical-other,technical-other,LOW,NONE,CLASSIFIED,lines 291-296; 4 content lines
ch11-b010,11,Complete FFT Implementation,chapters/11-Numerical-Algorithms.qmd,python,PROGRAM_CODE,YES,COMPLETE_OR_SUBSTANTIAL,NO,NO,NO,program-code,program-code,program-code,LOW,NONE,CLASSIFIED,lines 302-543; 240 content lines
ch11-b011,11,The Problem,chapters/11-Numerical-Algorithms.qmd,UNLABELED,INLINE_EXAMPLE,NO,FRAGMENT,NO,NO,NO,inline-example,inline-example,inline-example,LOW,NONE,CLASSIFIED,lines 550-553; 2 content lines
ch11-b012,11,The Problem,chapters/11-Numerical-Algorithms.qmd,python,PROGRAM_CODE,YES,COMPLETE_OR_SUBSTANTIAL,NO,NO,NO,program-code,program-code,program-code,LOW,NONE,CLASSIFIED,lines 559-574; 14 content lines
ch11-b013,11,The Problem,chapters/11-Numerical-Algorithms.qmd,UNLABELED,OTHER,NO,FRAGMENT,NO,NO,NO,technical-other,technical-other,technical-other,LOW,NONE,CLASSIFIED,lines 577-584; 6 content lines
ch11-b014,11,The FFT Trick,chapters/11-Numerical-Algorithms.qmd,UNLABELED,INLINE_EXAMPLE,NO,FRAGMENT,NO,NO,NO,inline-example,inline-example,inline-example,LOW,NONE,CLASSIFIED,lines 596-598; 1 content lines
ch11-b015,11,Implementation,chapters/11-Numerical-Algorithms.qmd,python,PROGRAM_CODE,YES,COMPLETE_OR_SUBSTANTIAL,NO,NO,NO,program-code,program-code,program-code,LOW,NONE,CLASSIFIED,lines 608-703; 94 content lines
ch11-b016,11,Application: Big Integer Multiplication,chapters/11-Numerical-Algorithms.qmd,python,PROGRAM_CODE,YES,COMPLETE_OR_SUBSTANTIAL,NO,NO,NO,program-code,program-code,program-code,LOW,NONE,CLASSIFIED,lines 709-762; 52 content lines
ch11-b017,11,Matrix Multiplication: The Naive Way,chapters/11-Numerical-Algorithms.qmd,python,PROGRAM_CODE,YES,COMPLETE_OR_SUBSTANTIAL,NO,NO,NO,program-code,program-code,program-code,LOW,NONE,CLASSIFIED,lines 787-805; 17 content lines
ch11-b018,11,Strassen's Algorithm: O(n^2.807),chapters/11-Numerical-Algorithms.qmd,UNLABELED,PSEUDOCODE,NO,FRAGMENT,NO,NO,NO,algorithm,algorithm,algorithm,LOW,NONE,CLASSIFIED,lines 818-821; 2 content lines
ch11-b019,11,Strassen's Algorithm: O(n^2.807),chapters/11-Numerical-Algorithms.qmd,UNLABELED,OTHER,NO,COMPLETE_OR_SUBSTANTIAL,NO,NO,NO,technical-other,technical-other,technical-other,LOW,NONE,CLASSIFIED,lines 824-838; 13 content lines
ch11-b020,11,Strassen's Algorithm: O(n^2.807),chapters/11-Numerical-Algorithms.qmd,python,PROGRAM_CODE,YES,COMPLETE_OR_SUBSTANTIAL,NO,NO,NO,program-code,program-code,program-code,LOW,NONE,CLASSIFIED,lines 842-894; 51 content lines
ch11-b021,11,Cache-Efficient Matrix Multiplication,chapters/11-Numerical-Algorithms.qmd,python,PROGRAM_CODE,YES,COMPLETE_OR_SUBSTANTIAL,NO,NO,NO,program-code,program-code,program-code,LOW,NONE,CLASSIFIED,lines 912-942; 29 content lines
ch11-b022,11,Matrix Operations Library,chapters/11-Numerical-Algorithms.qmd,python,PROGRAM_CODE,YES,COMPLETE_OR_SUBSTANTIAL,NO,NO,NO,program-code,program-code,program-code,LOW,NONE,CLASSIFIED,lines 953-1176; 222 content lines
ch11-b023,11,The Floating-Point Problem,chapters/11-Numerical-Algorithms.qmd,python,PROGRAM_CODE,YES,COMPLETE_OR_SUBSTANTIAL,NO,NO,NO,program-code,program-code,program-code,LOW,NONE,CLASSIFIED,lines 1184-1210; 25 content lines
ch11-b024,11,Condition Numbers,chapters/11-Numerical-Algorithms.qmd,UNLABELED,INLINE_EXAMPLE,NO,FRAGMENT,NO,NO,NO,inline-example,inline-example,inline-example,LOW,NONE,CLASSIFIED,lines 1217-1222; 4 content lines
ch11-b025,11,Condition Numbers,chapters/11-Numerical-Algorithms.qmd,python,PROGRAM_CODE,YES,COMPLETE_OR_SUBSTANTIAL,NO,NO,NO,program-code,program-code,program-code,LOW,NONE,CLASSIFIED,lines 1224-1270; 45 content lines
ch11-b026,11,Numerically Stable Algorithms,chapters/11-Numerical-Algorithms.qmd,python,PROGRAM_CODE,YES,COMPLETE_OR_SUBSTANTIAL,NO,NO,NO,program-code,program-code,program-code,LOW,NONE,CLASSIFIED,lines 1276-1330; 53 content lines
ch11-b027,11,Best Practices for Numerical Computing,chapters/11-Numerical-Algorithms.qmd,python,PROGRAM_CODE,YES,COMPLETE_OR_SUBSTANTIAL,NO,NO,NO,program-code,program-code,program-code,LOW,NONE,CLASSIFIED,lines 1334-1441; 106 content lines
ch11-b028,11,Audio Processing,chapters/11-Numerical-Algorithms.qmd,python,PROGRAM_CODE,YES,COMPLETE_OR_SUBSTANTIAL,NO,NO,NO,program-code,program-code,program-code,LOW,NONE,CLASSIFIED,lines 1447-1686; 238 content lines
ch11-b029,11,Image Processing with FFT,chapters/11-Numerical-Algorithms.qmd,python,PROGRAM_CODE,YES,COMPLETE_OR_SUBSTANTIAL,NO,NO,NO,program-code,program-code,program-code,LOW,NONE,CLASSIFIED,lines 1690-1831; 140 content lines
ch11-b030,11,Project Structure,chapters/11-Numerical-Algorithms.qmd,UNLABELED,TEXT_DIAGRAM,NO,COMPLETE_OR_SUBSTANTIAL,NO,NO,NO,text-diagram,text-diagram,text-diagram,LOW,NONE,CLASSIFIED,lines 1839-1865; 25 content lines
ch11-b031,11,Core FFT Module,chapters/11-Numerical-Algorithms.qmd,python,PROGRAM_CODE,YES,COMPLETE_OR_SUBSTANTIAL,NO,NO,NO,program-code,program-code,program-code,LOW,NONE,CLASSIFIED,lines 1869-1902; 32 content lines
ch11-b032,11,Signal Generator Module,chapters/11-Numerical-Algorithms.qmd,python,PROGRAM_CODE,YES,COMPLETE_OR_SUBSTANTIAL,NO,NO,NO,program-code,program-code,program-code,LOW,NONE,CLASSIFIED,lines 1906-2122; 215 content lines
ch11-b033,11,Complete Audio Processor Application,chapters/11-Numerical-Algorithms.qmd,python,PROGRAM_CODE,YES,COMPLETE_OR_SUBSTANTIAL,NO,NO,NO,program-code,program-code,program-code,LOW,NONE,CLASSIFIED,lines 2126-2357; 230 content lines
ch11-b034,11,Command-Line Interface,chapters/11-Numerical-Algorithms.qmd,python,PROGRAM_CODE,YES,COMPLETE_OR_SUBSTANTIAL,NO,NO,NO,program-code,program-code,program-code,LOW,NONE,CLASSIFIED,lines 2361-2417; 55 content lines
ch12-b001,12,Building a Segment Tree,chapters/12-Advanced-Data-Structures.qmd,python,PROGRAM_CODE,YES,COMPLETE_OR_SUBSTANTIAL,NO,NO,NO,program-code,program-code,program-code,LOW,NONE,CLASSIFIED,lines 74-212; 137 content lines
ch12-b002,12,Step-by-Step Example,chapters/12-Advanced-Data-Structures.qmd,python,PROGRAM_CODE,YES,COMPLETE_OR_SUBSTANTIAL,NO,NO,NO,program-code,program-code,program-code,LOW,NONE,CLASSIFIED,lines 218-259; 40 content lines
ch12-b003,12,Lazy Propagation: Range Updates,chapters/12-Advanced-Data-Structures.qmd,python,PROGRAM_CODE,YES,COMPLETE_OR_SUBSTANTIAL,NO,NO,NO,program-code,program-code,program-code,LOW,NONE,CLASSIFIED,lines 271-422; 150 content lines
ch12-b004,12,Applications and Variants,chapters/12-Advanced-Data-Structures.qmd,python,PROGRAM_CODE,YES,COMPLETE_OR_SUBSTANTIAL,NO,NO,NO,program-code,program-code,program-code,LOW,NONE,CLASSIFIED,lines 433-498; 64 content lines
ch12-b005,12,The Brilliant Idea,chapters/12-Advanced-Data-Structures.qmd,UNLABELED,OTHER,NO,COMPLETE_OR_SUBSTANTIAL,NO,NO,NO,technical-other,technical-other,technical-other,LOW,NONE,CLASSIFIED,lines 520-529; 8 content lines
ch12-b006,12,Implementation,chapters/12-Advanced-Data-Structures.qmd,python,PROGRAM_CODE,YES,COMPLETE_OR_SUBSTANTIAL,NO,NO,NO,program-code,program-code,program-code,LOW,NONE,CLASSIFIED,lines 551-714; 162 content lines
ch12-b007,12,The Magic of Bit Manipulation,chapters/12-Advanced-Data-Structures.qmd,python,PROGRAM_CODE,YES,COMPLETE_OR_SUBSTANTIAL,NO,NO,NO,program-code,program-code,program-code,LOW,NONE,CLASSIFIED,lines 720-771; 50 content lines
ch12-b008,12,2D Fenwick Tree,chapters/12-Advanced-Data-Structures.qmd,python,PROGRAM_CODE,YES,COMPLETE_OR_SUBSTANTIAL,NO,NO,NO,program-code,program-code,program-code,LOW,NONE,CLASSIFIED,lines 777-885; 107 content lines
ch12-b009,12,Fenwick Tree vs Segment Tree,chapters/12-Advanced-Data-Structures.qmd,python,PROGRAM_CODE,YES,COMPLETE_OR_SUBSTANTIAL,NO,NO,NO,program-code,program-code,program-code,LOW,NONE,CLASSIFIED,lines 889-970; 80 content lines
ch12-b010,12,Persistent Array,chapters/12-Advanced-Data-Structures.qmd,python,PROGRAM_CODE,YES,COMPLETE_OR_SUBSTANTIAL,NO,NO,NO,program-code,program-code,program-code,LOW,NONE,CLASSIFIED,lines 986-1149; 162 content lines
ch12-b011,12,Persistent Segment Tree,chapters/12-Advanced-Data-Structures.qmd,python,PROGRAM_CODE,YES,COMPLETE_OR_SUBSTANTIAL,NO,NO,NO,program-code,program-code,program-code,LOW,NONE,CLASSIFIED,lines 1153-1310; 156 content lines
ch12-b012,12,Applications of Persistence,chapters/12-Advanced-Data-Structures.qmd,python,PROGRAM_CODE,YES,COMPLETE_OR_SUBSTANTIAL,NO,NO,NO,program-code,program-code,program-code,LOW,NONE,CLASSIFIED,lines 1314-1402; 87 content lines
ch12-b013,12,Succinct Bit Vector,chapters/12-Advanced-Data-Structures.qmd,python,PROGRAM_CODE,YES,COMPLETE_OR_SUBSTANTIAL,NO,NO,NO,program-code,program-code,program-code,LOW,NONE,CLASSIFIED,lines 1419-1586; 166 content lines
ch12-b014,12,Wavelet Tree,chapters/12-Advanced-Data-Structures.qmd,python,PROGRAM_CODE,YES,COMPLETE_OR_SUBSTANTIAL,NO,NO,NO,program-code,program-code,program-code,LOW,NONE,CLASSIFIED,lines 1597-1729; 131 content lines
ch12-b015,12,Applications of Succinct Structures,chapters/12-Advanced-Data-Structures.qmd,python,PROGRAM_CODE,YES,COMPLETE_OR_SUBSTANTIAL,NO,NO,NO,program-code,program-code,program-code,LOW,NONE,CLASSIFIED,lines 1733-1840; 106 content lines
ch12-b016,12,Cache-Oblivious Matrix Transpose,chapters/12-Advanced-Data-Structures.qmd,python,PROGRAM_CODE,YES,COMPLETE_OR_SUBSTANTIAL,NO,NO,NO,program-code,program-code,program-code,LOW,NONE,CLASSIFIED,lines 1854-2026; 171 content lines
ch12-b017,12,Van Emde Boas Layout,chapters/12-Advanced-Data-Structures.qmd,python,PROGRAM_CODE,YES,COMPLETE_OR_SUBSTANTIAL,NO,NO,NO,program-code,program-code,program-code,LOW,NONE,CLASSIFIED,lines 2030-2100; 69 content lines
ch12-b018,12,Project Structure,chapters/12-Advanced-Data-Structures.qmd,UNLABELED,TEXT_DIAGRAM,NO,COMPLETE_OR_SUBSTANTIAL,NO,NO,NO,text-diagram,text-diagram,text-diagram,LOW,NONE,CLASSIFIED,lines 2108-2133; 24 content lines
ch12-b019,12,Unified Interface,chapters/12-Advanced-Data-Structures.qmd,python,PROGRAM_CODE,YES,COMPLETE_OR_SUBSTANTIAL,NO,NO,NO,program-code,program-code,program-code,LOW,NONE,CLASSIFIED,lines 2137-2181; 43 content lines
ch12-b020,12,Range Query Solver Application,chapters/12-Advanced-Data-Structures.qmd,python,PROGRAM_CODE,YES,COMPLETE_OR_SUBSTANTIAL,NO,NO,NO,program-code,program-code,program-code,LOW,NONE,CLASSIFIED,lines 2185-2314; 128 content lines
ch12-b021,12,Comprehensive Benchmarking Suite,chapters/12-Advanced-Data-Structures.qmd,python,PROGRAM_CODE,YES,COMPLETE_OR_SUBSTANTIAL,NO,NO,NO,program-code,program-code,program-code,LOW,NONE,CLASSIFIED,lines 2318-2440; 121 content lines
ch13-b001,13,**Smoothed Analysis**,chapters/13-Research-Industry-Applications.qmd,python,PROGRAM_CODE,YES,COMPLETE_OR_SUBSTANTIAL,NO,NO,NO,program-code,program-code,program-code,LOW,NONE,CLASSIFIED,lines 43-104; 60 content lines
ch13-b002,13,**Learned Index Structures**,chapters/13-Research-Industry-Applications.qmd,UNLABELED,INLINE_EXAMPLE,NO,FRAGMENT,NO,NO,NO,inline-example,inline-example,inline-example,LOW,NONE,CLASSIFIED,lines 212-216; 3 content lines
ch13-b003,13,**Differential Privacy**,chapters/13-Research-Industry-Applications.qmd,UNLABELED,OTHER,NO,FRAGMENT,NO,NO,NO,technical-other,technical-other,technical-other,LOW,NONE,CLASSIFIED,lines 284-291; 6 content lines
ch13-b004,13,**The Algorithms**,chapters/13-Research-Industry-Applications.qmd,UNLABELED,PSEUDOCODE,NO,FRAGMENT,NO,NO,NO,algorithm,algorithm,algorithm,LOW,NONE,CLASSIFIED,lines 300-303; 2 content lines
ch13-b005,13,**The Algorithms**,chapters/13-Research-Industry-Applications.qmd,UNLABELED,INLINE_EXAMPLE,NO,FRAGMENT,NO,NO,NO,inline-example,inline-example,inline-example,LOW,NONE,CLASSIFIED,lines 306-309; 2 content lines
ch13-b006,13,**Backpropagation: The Learning Algorithm**,chapters/13-Research-Industry-Applications.qmd,UNLABELED,INLINE_EXAMPLE,NO,FRAGMENT,NO,NO,NO,inline-example,inline-example,inline-example,LOW,NONE,CLASSIFIED,lines 417-419; 1 content lines
ch13-b007,13,**Backpropagation: The Learning Algorithm**,chapters/13-Research-Industry-Applications.qmd,UNLABELED,PROGRAM_OUTPUT,NO,FRAGMENT,NO,NO,NO,program-output,program-output,program-output,LOW,NONE,CLASSIFIED,lines 427-433; 5 content lines
ch13-b008,13,**Backpropagation: The Learning Algorithm**,chapters/13-Research-Industry-Applications.qmd,UNLABELED,OTHER,NO,FRAGMENT,NO,NO,NO,technical-other,technical-other,technical-other,LOW,NONE,CLASSIFIED,lines 436-441; 4 content lines
ch13-b009,13,**Stochastic Gradient Descent: The Optimization Workhorse**,chapters/13-Research-Industry-Applications.qmd,UNLABELED,PSEUDOCODE,NO,FRAGMENT,NO,NO,NO,algorithm,algorithm,algorithm,LOW,NONE,CLASSIFIED,lines 458-462; 3 content lines
ch13-b010,13,**Modern Optimizers**,chapters/13-Research-Industry-Applications.qmd,UNLABELED,PSEUDOCODE,NO,FRAGMENT,NO,NO,NO,algorithm,algorithm,algorithm,LOW,NONE,CLASSIFIED,lines 474-477; 2 content lines
ch13-b011,13,**Modern Optimizers**,chapters/13-Research-Industry-Applications.qmd,UNLABELED,PSEUDOCODE,NO,FRAGMENT,NO,NO,NO,algorithm,algorithm,algorithm,LOW,NONE,CLASSIFIED,lines 481-486; 4 content lines
ch13-b012,13,**The Self-Attention Mechanism**,chapters/13-Research-Industry-Applications.qmd,UNLABELED,INLINE_EXAMPLE,NO,FRAGMENT,NO,NO,NO,inline-example,inline-example,inline-example,LOW,NONE,CLASSIFIED,lines 510-514; 3 content lines
ch13-b013,13,**The Self-Attention Mechanism**,chapters/13-Research-Industry-Applications.qmd,UNLABELED,INLINE_EXAMPLE,NO,FRAGMENT,NO,NO,NO,inline-example,inline-example,inline-example,LOW,NONE,CLASSIFIED,lines 517-519; 1 content lines
ch13-b014,13,**The Self-Attention Mechanism**,chapters/13-Research-Industry-Applications.qmd,UNLABELED,INLINE_EXAMPLE,NO,FRAGMENT,NO,NO,NO,inline-example,inline-example,inline-example,LOW,NONE,CLASSIFIED,lines 522-524; 1 content lines
ch13-b015,13,**The Self-Attention Mechanism**,chapters/13-Research-Industry-Applications.qmd,UNLABELED,PROGRAM_OUTPUT,NO,FRAGMENT,NO,NO,NO,program-output,program-output,program-output,LOW,NONE,CLASSIFIED,lines 527-529; 1 content lines
ch13-b016,13,**Multi-Head Attention**,chapters/13-Research-Industry-Applications.qmd,UNLABELED,OTHER,NO,FRAGMENT,NO,NO,NO,technical-other,technical-other,technical-other,LOW,NONE,CLASSIFIED,lines 540-545; 4 content lines
ch13-b017,13,**Positional Encoding**,chapters/13-Research-Industry-Applications.qmd,UNLABELED,INLINE_EXAMPLE,NO,FRAGMENT,NO,NO,NO,inline-example,inline-example,inline-example,LOW,NONE,CLASSIFIED,lines 556-559; 2 content lines
ch13-b018,13,**The Full Transformer Architecture**,chapters/13-Research-Industry-Applications.qmd,UNLABELED,OTHER,NO,FRAGMENT,NO,NO,NO,technical-other,technical-other,technical-other,LOW,NONE,CLASSIFIED,lines 566-573; 6 content lines
ch13-b019,13,**The Full Transformer Architecture**,chapters/13-Research-Industry-Applications.qmd,UNLABELED,INLINE_EXAMPLE,NO,FRAGMENT,NO,NO,NO,inline-example,inline-example,inline-example,LOW,NONE,CLASSIFIED,lines 576-579; 2 content lines
ch13-b020,13,**The Full Transformer Architecture**,chapters/13-Research-Industry-Applications.qmd,UNLABELED,INLINE_EXAMPLE,NO,FRAGMENT,NO,NO,NO,inline-example,inline-example,inline-example,LOW,NONE,CLASSIFIED,lines 582-585; 2 content lines
ch13-b021,13,**The RL Framework**,chapters/13-Research-Industry-Applications.qmd,UNLABELED,INLINE_EXAMPLE,NO,FRAGMENT,NO,NO,NO,inline-example,inline-example,inline-example,LOW,NONE,CLASSIFIED,lines 636-640; 3 content lines
ch13-b022,13,**Q-Learning: The Classic Algorithm**,chapters/13-Research-Industry-Applications.qmd,UNLABELED,PSEUDOCODE,NO,FRAGMENT,NO,NO,NO,algorithm,algorithm,algorithm,LOW,NONE,CLASSIFIED,lines 649-656; 6 content lines
ch13-b023,13,**Deep Q-Networks (DQN)**,chapters/13-Research-Industry-Applications.qmd,UNLABELED,INLINE_EXAMPLE,NO,FRAGMENT,NO,NO,NO,inline-example,inline-example,inline-example,LOW,NONE,CLASSIFIED,lines 669-671; 1 content lines
ch13-b024,13,**Deep Q-Networks (DQN)**,chapters/13-Research-Industry-Applications.qmd,UNLABELED,INLINE_EXAMPLE,NO,FRAGMENT,NO,NO,NO,inline-example,inline-example,inline-example,LOW,NONE,CLASSIFIED,lines 674-677; 2 content lines
ch13-b025,13,**Policy Gradient Methods**,chapters/13-Research-Industry-Applications.qmd,UNLABELED,INLINE_EXAMPLE,NO,FRAGMENT,NO,NO,NO,inline-example,inline-example,inline-example,LOW,NONE,CLASSIFIED,lines 696-699; 2 content lines
ch13-b026,13,**Policy Gradient Methods**,chapters/13-Research-Industry-Applications.qmd,UNLABELED,INLINE_EXAMPLE,NO,FRAGMENT,NO,NO,NO,inline-example,inline-example,inline-example,LOW,NONE,CLASSIFIED,lines 704-708; 3 content lines
ch13-b027,13,**Proximal Policy Optimization (PPO)**,chapters/13-Research-Industry-Applications.qmd,UNLABELED,OTHER,NO,FRAGMENT,NO,NO,NO,technical-other,technical-other,technical-other,LOW,NONE,CLASSIFIED,lines 719-724; 4 content lines
ch13-b028,13,**AlphaGo: Putting It All Together**,chapters/13-Research-Industry-Applications.qmd,UNLABELED,INLINE_EXAMPLE,NO,FRAGMENT,NO,NO,NO,inline-example,inline-example,inline-example,LOW,NONE,CLASSIFIED,lines 738-741; 2 content lines
ch13-b029,13,**AlphaGo: Putting It All Together**,chapters/13-Research-Industry-Applications.qmd,UNLABELED,INLINE_EXAMPLE,NO,FRAGMENT,NO,NO,NO,inline-example,inline-example,inline-example,LOW,NONE,CLASSIFIED,lines 744-747; 2 content lines
ch13-b030,13,**AlphaGo: Putting It All Together**,chapters/13-Research-Industry-Applications.qmd,UNLABELED,OTHER,NO,FRAGMENT,NO,NO,NO,technical-other,technical-other,technical-other,LOW,NONE,CLASSIFIED,lines 750-755; 4 content lines
ch13-b031,13,**The MapReduce Paradigm**,chapters/13-Research-Industry-Applications.qmd,UNLABELED,OTHER,NO,COMPLETE_OR_SUBSTANTIAL,NO,NO,NO,technical-other,technical-other,technical-other,LOW,NONE,CLASSIFIED,lines 791-808; 16 content lines
ch13-b032,13,**MapReduce Algorithms**,chapters/13-Research-Industry-Applications.qmd,UNLABELED,PSEUDOCODE,NO,FRAGMENT,NO,NO,NO,algorithm,algorithm,algorithm,LOW,NONE,CLASSIFIED,lines 833-837; 3 content lines
ch13-b033,13,**MapReduce Algorithms**,chapters/13-Research-Industry-Applications.qmd,UNLABELED,INLINE_EXAMPLE,NO,FRAGMENT,NO,NO,NO,inline-example,inline-example,inline-example,LOW,NONE,CLASSIFIED,lines 840-843; 2 content lines
ch13-b034,13,**MapReduce Algorithms**,chapters/13-Research-Industry-Applications.qmd,UNLABELED,INLINE_EXAMPLE,NO,FRAGMENT,NO,NO,NO,inline-example,inline-example,inline-example,LOW,NONE,CLASSIFIED,lines 846-849; 2 content lines
ch13-b035,13,**MapReduce Algorithms**,chapters/13-Research-Industry-Applications.qmd,UNLABELED,INLINE_EXAMPLE,NO,FRAGMENT,NO,NO,NO,inline-example,inline-example,inline-example,LOW,NONE,CLASSIFIED,lines 852-857; 4 content lines
ch13-b036,13,**Count-Min Sketch**,chapters/13-Research-Industry-Applications.qmd,UNLABELED,PSEUDOCODE,NO,COMPLETE_OR_SUBSTANTIAL,NO,NO,NO,algorithm,algorithm,algorithm,LOW,NONE,CLASSIFIED,lines 893-903; 9 content lines
ch13-b037,13,**HyperLogLog**,chapters/13-Research-Industry-Applications.qmd,UNLABELED,OTHER,NO,COMPLETE_OR_SUBSTANTIAL,NO,NO,NO,technical-other,technical-other,technical-other,LOW,NONE,CLASSIFIED,lines 924-935; 10 content lines
ch13-b038,13,**Bloom Filters**,chapters/13-Research-Industry-Applications.qmd,UNLABELED,PSEUDOCODE,NO,COMPLETE_OR_SUBSTANTIAL,NO,NO,NO,algorithm,algorithm,algorithm,LOW,NONE,CLASSIFIED,lines 950-963; 12 content lines
ch13-b039,13,**Pregel: Thinking Like a Vertex**,chapters/13-Research-Industry-Applications.qmd,UNLABELED,OTHER,NO,COMPLETE_OR_SUBSTANTIAL,NO,NO,NO,technical-other,technical-other,technical-other,LOW,NONE,CLASSIFIED,lines 988-1000; 11 content lines
ch13-b040,13,**Pregel: Thinking Like a Vertex**,chapters/13-Research-Industry-Applications.qmd,UNLABELED,PSEUDOCODE,NO,COMPLETE_OR_SUBSTANTIAL,NO,NO,NO,algorithm,algorithm,algorithm,LOW,NONE,CLASSIFIED,lines 1003-1013; 9 content lines
ch13-b041,13,**RSA and Its Security Assumption**,chapters/13-Research-Industry-Applications.qmd,UNLABELED,OTHER,NO,COMPLETE_OR_SUBSTANTIAL,NO,NO,NO,technical-other,technical-other,technical-other,LOW,NONE,CLASSIFIED,lines 1065-1074; 8 content lines
ch13-b042,13,**RSA and Its Security Assumption**,chapters/13-Research-Industry-Applications.qmd,UNLABELED,INLINE_EXAMPLE,NO,FRAGMENT,NO,NO,NO,inline-example,inline-example,inline-example,LOW,NONE,CLASSIFIED,lines 1081-1085; 3 content lines
ch13-b043,13,**Bitcoin's Proof-of-Work**,chapters/13-Research-Industry-Applications.qmd,UNLABELED,PSEUDOCODE,NO,COMPLETE_OR_SUBSTANTIAL,NO,NO,NO,algorithm,algorithm,algorithm,LOW,NONE,CLASSIFIED,lines 1123-1136; 12 content lines
ch13-b044,13,**Alternative Consensus: Proof-of-Stake**,chapters/13-Research-Industry-Applications.qmd,UNLABELED,PSEUDOCODE,NO,FRAGMENT,NO,NO,NO,algorithm,algorithm,algorithm,LOW,NONE,CLASSIFIED,lines 1160-1165; 4 content lines
ch13-b045,13,**Interactive Zero-Knowledge**,chapters/13-Research-Industry-Applications.qmd,UNLABELED,PSEUDOCODE,NO,COMPLETE_OR_SUBSTANTIAL,NO,NO,NO,algorithm,algorithm,algorithm,LOW,NONE,CLASSIFIED,lines 1193-1206; 12 content lines
ch13-b046,13,**Non-Interactive Zero-Knowledge (SNARKs)**,chapters/13-Research-Industry-Applications.qmd,UNLABELED,OTHER,NO,FRAGMENT,NO,NO,NO,technical-other,technical-other,technical-other,LOW,NONE,CLASSIFIED,lines 1224-1229; 4 content lines
ch13-b047,13,Analysis Template,chapters/13-Research-Industry-Applications.qmd,markdown,CONFIGURATION,NO,COMPLETE_OR_SUBSTANTIAL,NO,NO,NO,configuration,configuration,configuration,LOW,NONE,CLASSIFIED,lines 1617-1690; 72 content lines
ch14-b001,14,**The Adapter Pattern**,chapters/14-Project-Development.qmd,python,PROGRAM_CODE,YES,COMPLETE_OR_SUBSTANTIAL,NO,NO,NO,program-code,program-code,program-code,LOW,NONE,CLASSIFIED,lines 67-83; 15 content lines
ch14-b002,14,**The Facade Pattern**,chapters/14-Project-Development.qmd,python,PROGRAM_CODE,YES,COMPLETE_OR_SUBSTANTIAL,NO,NO,NO,program-code,program-code,program-code,LOW,NONE,CLASSIFIED,lines 94-123; 28 content lines
ch14-b003,14,**The Builder Pattern**,chapters/14-Project-Development.qmd,python,PROGRAM_CODE,YES,COMPLETE_OR_SUBSTANTIAL,NO,NO,NO,program-code,program-code,program-code,LOW,NONE,CLASSIFIED,lines 134-169; 34 content lines
ch14-b004,14,Dependency Management,chapters/14-Project-Development.qmd,UNLABELED,OTHER,NO,FRAGMENT,NO,NO,NO,technical-other,technical-other,technical-other,LOW,NONE,CLASSIFIED,lines 180-188; 7 content lines
ch14-b005,14,Dependency Management,chapters/14-Project-Development.qmd,python,PROGRAM_CODE,YES,FRAGMENT,NO,NO,NO,program-code,program-code,program-code,LOW,NONE,CLASSIFIED,lines 195-199; 3 content lines
ch14-b006,14,Dependency Management,chapters/14-Project-Development.qmd,python,PROGRAM_CODE,YES,FRAGMENT,NO,NO,NO,program-code,program-code,program-code,LOW,NONE,CLASSIFIED,lines 202-206; 3 content lines
ch14-b007,14,Dependency Management,chapters/14-Project-Development.qmd,yaml,CONFIGURATION,NO,COMPLETE_OR_SUBSTANTIAL,NO,NO,NO,configuration,configuration,configuration,LOW,NONE,CLASSIFIED,lines 213-227; 13 content lines
ch14-b008,14,Integration Testing,chapters/14-Project-Development.qmd,python,PROGRAM_CODE,YES,COMPLETE_OR_SUBSTANTIAL,NO,NO,NO,program-code,program-code,program-code,LOW,NONE,CLASSIFIED,lines 236-265; 28 content lines
ch14-b009,14,**Python's cProfile**,chapters/14-Project-Development.qmd,python,PROGRAM_CODE,YES,COMPLETE_OR_SUBSTANTIAL,NO,NO,NO,program-code,program-code,program-code,LOW,NONE,CLASSIFIED,lines 319-337; 17 content lines
ch14-b010,14,**Line-by-Line Profiling**,chapters/14-Project-Development.qmd,python,PROGRAM_CODE,YES,COMPLETE_OR_SUBSTANTIAL,NO,NO,NO,program-code,program-code,program-code,LOW,NONE,CLASSIFIED,lines 351-363; 11 content lines
ch14-b011,14,**Memory Profiling**,chapters/14-Project-Development.qmd,python,PROGRAM_CODE,YES,FRAGMENT,NO,NO,NO,program-code,program-code,program-code,LOW,NONE,CLASSIFIED,lines 369-376; 6 content lines
ch14-b012,14,**1. Avoid Redundant Work**,chapters/14-Project-Development.qmd,python,PROGRAM_CODE,YES,FRAGMENT,NO,NO,NO,program-code,program-code,program-code,LOW,NONE,CLASSIFIED,lines 388-395; 6 content lines
ch14-b013,14,**1. Avoid Redundant Work**,chapters/14-Project-Development.qmd,python,PROGRAM_CODE,YES,FRAGMENT,NO,NO,NO,program-code,program-code,program-code,LOW,NONE,CLASSIFIED,lines 398-404; 5 content lines
ch14-b014,14,**2. Use Appropriate Data Structures**,chapters/14-Project-Development.qmd,python,PROGRAM_CODE,YES,FRAGMENT,NO,NO,NO,program-code,program-code,program-code,LOW,NONE,CLASSIFIED,lines 409-413; 3 content lines
ch14-b015,14,**2. Use Appropriate Data Structures**,chapters/14-Project-Development.qmd,python,PROGRAM_CODE,YES,FRAGMENT,NO,NO,NO,program-code,program-code,program-code,LOW,NONE,CLASSIFIED,lines 416-420; 3 content lines
ch14-b016,14,**3. Vectorize with NumPy**,chapters/14-Project-Development.qmd,python,PROGRAM_CODE,YES,FRAGMENT,NO,NO,NO,program-code,program-code,program-code,LOW,NONE,CLASSIFIED,lines 427-431; 3 content lines
ch14-b017,14,**3. Vectorize with NumPy**,chapters/14-Project-Development.qmd,python,PROGRAM_CODE,YES,FRAGMENT,NO,NO,NO,program-code,program-code,program-code,LOW,NONE,CLASSIFIED,lines 434-436; 1 content lines
ch14-b018,14,**4. Cache Expensive Computations**,chapters/14-Project-Development.qmd,python,PROGRAM_CODE,YES,FRAGMENT,NO,NO,NO,program-code,program-code,program-code,LOW,NONE,CLASSIFIED,lines 444-451; 6 content lines
ch14-b019,14,**5. Use Generators for Large Data**,chapters/14-Project-Development.qmd,python,PROGRAM_CODE,YES,FRAGMENT,NO,NO,NO,program-code,program-code,program-code,LOW,NONE,CLASSIFIED,lines 460-466; 5 content lines
ch14-b020,14,**5. Use Generators for Large Data**,chapters/14-Project-Development.qmd,python,PROGRAM_CODE,YES,FRAGMENT,NO,NO,NO,program-code,program-code,program-code,LOW,NONE,CLASSIFIED,lines 469-477; 7 content lines
ch14-b021,14,**6. Parallelize Independent Work**,chapters/14-Project-Development.qmd,python,PROGRAM_CODE,YES,COMPLETE_OR_SUBSTANTIAL,NO,NO,NO,program-code,program-code,program-code,LOW,NONE,CLASSIFIED,lines 481-494; 12 content lines
ch14-b022,14,The Documentation Pyramid,chapters/14-Project-Development.qmd,python,PROGRAM_CODE,YES,COMPLETE_OR_SUBSTANTIAL,NO,NO,NO,program-code,program-code,program-code,LOW,NONE,CLASSIFIED,lines 537-553; 15 content lines
ch14-b023,14,The Documentation Pyramid,chapters/14-Project-Development.qmd,python,PROGRAM_CODE,YES,COMPLETE_OR_SUBSTANTIAL,NO,NO,NO,program-code,program-code,program-code,LOW,NONE,CLASSIFIED,lines 556-579; 22 content lines
ch14-b024,14,The Documentation Pyramid,chapters/14-Project-Development.qmd,markdown,CONFIGURATION,NO,COMPLETE_OR_SUBSTANTIAL,NO,NO,NO,configuration,configuration,configuration,LOW,NONE,CLASSIFIED,lines 582-621; 38 content lines
ch14-b025,14,Documentation,chapters/14-Project-Development.qmd,markdown,CONFIGURATION,NO,COMPLETE_OR_SUBSTANTIAL,NO,NO,NO,configuration,configuration,configuration,LOW,NONE,CLASSIFIED,lines 624-651; 26 content lines
ch14-b026,14,Common Pitfalls,chapters/14-Project-Development.qmd,markdown,CONFIGURATION,NO,COMPLETE_OR_SUBSTANTIAL,NO,NO,NO,configuration,configuration,configuration,LOW,NONE,CLASSIFIED,lines 654-692; 37 content lines
ch14-b027,14,Documentation Best Practices,chapters/14-Project-Development.qmd,python,PROGRAM_CODE,YES,COMPLETE_OR_SUBSTANTIAL,NO,NO,NO,program-code,program-code,program-code,LOW,NONE,CLASSIFIED,lines 709-720; 10 content lines
ch14-b028,14,Documentation Best Practices,chapters/14-Project-Development.qmd,python,PROGRAM_CODE,YES,COMPLETE_OR_SUBSTANTIAL,NO,NO,NO,program-code,program-code,program-code,LOW,NONE,CLASSIFIED,lines 733-749; 15 content lines
ch14-b029,14,README Template,chapters/14-Project-Development.qmd,markdown,CONFIGURATION,NO,COMPLETE_OR_SUBSTANTIAL,NO,NO,NO,configuration,configuration,configuration,LOW,NONE,CLASSIFIED,lines 755-843; 87 content lines
ch14-b030,14,Writing Good Tests,chapters/14-Project-Development.qmd,python,PROGRAM_CODE,YES,COMPLETE_OR_SUBSTANTIAL,NO,NO,NO,program-code,program-code,program-code,LOW,NONE,CLASSIFIED,lines 869-886; 16 content lines
ch14-b031,14,Writing Good Tests,chapters/14-Project-Development.qmd,python,PROGRAM_CODE,YES,COMPLETE_OR_SUBSTANTIAL,NO,NO,NO,program-code,program-code,program-code,LOW,NONE,CLASSIFIED,lines 889-900; 10 content lines
ch14-b032,14,Writing Good Tests,chapters/14-Project-Development.qmd,python,PROGRAM_CODE,YES,COMPLETE_OR_SUBSTANTIAL,NO,NO,NO,program-code,program-code,program-code,LOW,NONE,CLASSIFIED,lines 903-914; 10 content lines
ch14-b033,14,Writing Good Tests,chapters/14-Project-Development.qmd,python,PROGRAM_CODE,YES,COMPLETE_OR_SUBSTANTIAL,NO,NO,NO,program-code,program-code,program-code,LOW,NONE,CLASSIFIED,lines 917-927; 9 content lines
ch14-b034,14,Writing Good Tests,chapters/14-Project-Development.qmd,python,PROGRAM_CODE,YES,COMPLETE_OR_SUBSTANTIAL,NO,NO,NO,program-code,program-code,program-code,LOW,NONE,CLASSIFIED,lines 930-942; 11 content lines
ch14-b035,14,Test-Driven Development (TDD),chapters/14-Project-Development.qmd,python,PROGRAM_CODE,YES,COMPLETE_OR_SUBSTANTIAL,NO,NO,NO,program-code,program-code,program-code,LOW,NONE,CLASSIFIED,lines 952-969; 16 content lines
ch14-b036,14,Code Review Best Practices,chapters/14-Project-Development.qmd,UNLABELED,OTHER,NO,FRAGMENT,NO,NO,NO,technical-other,technical-other,technical-other,LOW,NONE,CLASSIFIED,lines 987-993; 5 content lines
ch14-b037,14,Code Review Best Practices,chapters/14-Project-Development.qmd,UNLABELED,OTHER,NO,FRAGMENT,NO,NO,NO,technical-other,technical-other,technical-other,LOW,NONE,CLASSIFIED,lines 1008-1013; 4 content lines
ch14-b038,14,Code Review Best Practices,chapters/14-Project-Development.qmd,UNLABELED,INLINE_EXAMPLE,NO,FRAGMENT,NO,NO,NO,inline-example,inline-example,inline-example,LOW,NONE,CLASSIFIED,lines 1016-1020; 3 content lines
ch14-b039,14,Code Review Best Practices,chapters/14-Project-Development.qmd,UNLABELED,INLINE_EXAMPLE,NO,FRAGMENT,NO,NO,NO,inline-example,inline-example,inline-example,LOW,NONE,CLASSIFIED,lines 1029-1032; 2 content lines
ch14-b040,14,Slide Design Principles,chapters/14-Project-Development.qmd,UNLABELED,OTHER,NO,COMPLETE_OR_SUBSTANTIAL,NO,NO,NO,technical-other,technical-other,technical-other,LOW,NONE,CLASSIFIED,lines 1126-1138; 11 content lines
ch14-b041,14,Slide Design Principles,chapters/14-Project-Development.qmd,UNLABELED,DATA,NO,COMPLETE_OR_SUBSTANTIAL,NO,NO,NO,data-example,data-example,data-example,LOW,NONE,CLASSIFIED,lines 1141-1151; 9 content lines
ch14-b042,14,Presentation Delivery,chapters/14-Project-Development.qmd,UNLABELED,DATA,NO,FRAGMENT,NO,NO,NO,data-example,data-example,data-example,LOW,NONE,CLASSIFIED,lines 1200-1203; 2 content lines
ch14-b043,14,Presentation Delivery,chapters/14-Project-Development.qmd,UNLABELED,DATA,NO,FRAGMENT,NO,NO,NO,data-example,data-example,data-example,LOW,NONE,CLASSIFIED,lines 1206-1210; 3 content lines
ch14-b044,14,Presentation Delivery,chapters/14-Project-Development.qmd,UNLABELED,DATA,NO,FRAGMENT,NO,NO,NO,data-example,data-example,data-example,LOW,NONE,CLASSIFIED,lines 1213-1216; 2 content lines
ch14-b045,14,Presentation Delivery,chapters/14-Project-Development.qmd,UNLABELED,DATA,NO,FRAGMENT,NO,NO,NO,data-example,data-example,data-example,LOW,NONE,CLASSIFIED,lines 1219-1223; 3 content lines
ch14-b046,14,Demo Best Practices,chapters/14-Project-Development.qmd,UNLABELED,INLINE_EXAMPLE,NO,FRAGMENT,NO,NO,NO,inline-example,inline-example,inline-example,LOW,NONE,CLASSIFIED,lines 1232-1235; 2 content lines
ch14-b047,14,Demo Best Practices,chapters/14-Project-Development.qmd,UNLABELED,DATA,NO,FRAGMENT,NO,NO,NO,data-example,data-example,data-example,LOW,NONE,CLASSIFIED,lines 1238-1244; 5 content lines
ch14-b048,14,Demo Best Practices,chapters/14-Project-Development.qmd,UNLABELED,DATA,NO,FRAGMENT,NO,NO,NO,data-example,data-example,data-example,LOW,NONE,CLASSIFIED,lines 1247-1250; 2 content lines
ch15-b001,15,Making Your Demo Bulletproof,chapters/15-Final-Presentations.qmd,UNLABELED,INLINE_EXAMPLE,NO,FRAGMENT,NO,NO,NO,inline-example,inline-example,inline-example,LOW,NONE,CLASSIFIED,lines 144-147; 2 content lines
ch15-b002,15,Making Your Demo Bulletproof,chapters/15-Final-Presentations.qmd,UNLABELED,INLINE_EXAMPLE,NO,FRAGMENT,NO,NO,NO,inline-example,inline-example,inline-example,LOW,NONE,CLASSIFIED,lines 150-153; 2 content lines
ch15-b003,15,Sample Peer Review Form,chapters/15-Final-Presentations.qmd,markdown,CONFIGURATION,NO,COMPLETE_OR_SUBSTANTIAL,NO,NO,NO,configuration,configuration,configuration,LOW,NONE,CLASSIFIED,lines 259-315; 55 content lines
ch15-b004,15,Industry-Style Technical Presentation,chapters/15-Final-Presentations.qmd,UNLABELED,DATA,NO,FRAGMENT,NO,NO,NO,data-example,data-example,data-example,LOW,NONE,CLASSIFIED,lines 338-345; 6 content lines
ch15-b005,15,Industry-Style Technical Presentation,chapters/15-Final-Presentations.qmd,UNLABELED,OTHER,NO,FRAGMENT,NO,NO,NO,technical-other,technical-other,technical-other,LOW,NONE,CLASSIFIED,lines 348-354; 5 content lines
ch15-b006,15,Industry-Style Technical Presentation,chapters/15-Final-Presentations.qmd,UNLABELED,OTHER,NO,FRAGMENT,NO,NO,NO,technical-other,technical-other,technical-other,LOW,NONE,CLASSIFIED,lines 357-363; 5 content lines
ch15-b007,15,Industry-Style Technical Presentation,chapters/15-Final-Presentations.qmd,UNLABELED,OTHER,NO,FRAGMENT,NO,NO,NO,technical-other,technical-other,technical-other,LOW,NONE,CLASSIFIED,lines 366-372; 5 content lines
ch15-b008,15,Industry-Style Technical Presentation,chapters/15-Final-Presentations.qmd,UNLABELED,PSEUDOCODE,NO,FRAGMENT,NO,NO,NO,algorithm,algorithm,algorithm,LOW,NONE,CLASSIFIED,lines 375-381; 5 content lines
ch15-b009,15,Industry-Style Technical Presentation,chapters/15-Final-Presentations.qmd,UNLABELED,INLINE_EXAMPLE,NO,FRAGMENT,NO,NO,NO,inline-example,inline-example,inline-example,LOW,NONE,CLASSIFIED,lines 384-389; 4 content lines
ch15-b010,15,Industry-Style Technical Presentation,chapters/15-Final-Presentations.qmd,UNLABELED,OTHER,NO,FRAGMENT,NO,NO,NO,technical-other,technical-other,technical-other,LOW,NONE,CLASSIFIED,lines 392-398; 5 content lines
ch15-b011,15,Industry-Style Technical Presentation,chapters/15-Final-Presentations.qmd,UNLABELED,OTHER,NO,FRAGMENT,NO,NO,NO,technical-other,technical-other,technical-other,LOW,NONE,CLASSIFIED,lines 401-407; 5 content lines
ch15-b012,15,Common Presentation Mistakes to Avoid,chapters/15-Final-Presentations.qmd,UNLABELED,INLINE_EXAMPLE,NO,FRAGMENT,NO,NO,NO,inline-example,inline-example,inline-example,LOW,NONE,CLASSIFIED,lines 454-457; 2 content lines
ch15-b013,15,Common Presentation Mistakes to Avoid,chapters/15-Final-Presentations.qmd,UNLABELED,INLINE_EXAMPLE,NO,FRAGMENT,NO,NO,NO,inline-example,inline-example,inline-example,LOW,NONE,CLASSIFIED,lines 460-464; 3 content lines
ch15-b014,15,Common Presentation Mistakes to Avoid,chapters/15-Final-Presentations.qmd,UNLABELED,OTHER,NO,FRAGMENT,NO,NO,NO,technical-other,technical-other,technical-other,LOW,NONE,CLASSIFIED,lines 467-470; 2 content lines
ch15-b015,15,Common Presentation Mistakes to Avoid,chapters/15-Final-Presentations.qmd,UNLABELED,PSEUDOCODE,NO,FRAGMENT,NO,NO,NO,algorithm,algorithm,algorithm,LOW,NONE,CLASSIFIED,lines 473-477; 3 content lines
ch15-b016,15,Common Presentation Mistakes to Avoid,chapters/15-Final-Presentations.qmd,UNLABELED,INLINE_EXAMPLE,NO,FRAGMENT,NO,NO,NO,inline-example,inline-example,inline-example,LOW,NONE,CLASSIFIED,lines 482-485; 2 content lines
ch15-b017,15,Common Presentation Mistakes to Avoid,chapters/15-Final-Presentations.qmd,UNLABELED,INLINE_EXAMPLE,NO,FRAGMENT,NO,NO,NO,inline-example,inline-example,inline-example,LOW,NONE,CLASSIFIED,lines 488-491; 2 content lines
ch15-b018,15,Common Presentation Mistakes to Avoid,chapters/15-Final-Presentations.qmd,UNLABELED,INLINE_EXAMPLE,NO,FRAGMENT,NO,NO,NO,inline-example,inline-example,inline-example,LOW,NONE,CLASSIFIED,lines 494-497; 2 content lines
ch15-b019,15,Common Presentation Mistakes to Avoid,chapters/15-Final-Presentations.qmd,UNLABELED,INLINE_EXAMPLE,NO,FRAGMENT,NO,NO,NO,inline-example,inline-example,inline-example,LOW,NONE,CLASSIFIED,lines 500-503; 2 content lines
ch15-b020,15,Common Presentation Mistakes to Avoid,chapters/15-Final-Presentations.qmd,UNLABELED,INLINE_EXAMPLE,NO,FRAGMENT,NO,NO,NO,inline-example,inline-example,inline-example,LOW,NONE,CLASSIFIED,lines 506-509; 2 content lines
ch15-b021,15,Lessons Learned Document,chapters/15-Final-Presentations.qmd,markdown,CONFIGURATION,NO,COMPLETE_OR_SUBSTANTIAL,NO,NO,NO,configuration,configuration,configuration,LOW,NONE,CLASSIFIED,lines 607-662; 54 content lines
