block_id,chapter,section,source_file,source_line,language_or_class,first_meaningful_line,last_meaningful_line,line_count,sha256,semantic_candidate
block-0001,1,Understanding Git,chapters/01-introduction.qmd,347,(untyped),commit 7f4e8d2 (HEAD -> main),- Create session management,9,c8214e62bf6bdd842371d2e3edce4d11ec29322f3323945b2755197d542d62ae,PLAIN_VERBATIM
block-0002,1,Essential Git Commands,chapters/01-introduction.qmd,373,bash,# Configure your identity (do this once),"git config --global user.email ""your.email@example.com""",3,2ee557258ad5119f138069ca9a4081254480effa280de0d825798aad5586dea0,TERMINAL_SESSION
block-0003,1,Essential Git Commands,chapters/01-introduction.qmd,381,bash,# Initialize a new repository,git clone https://github.com/username/repository.git,5,48a6c10ab13e6147d90c0a6c6c47f5712e75906318f01a0d90dc914a6fb8ec2f,TERMINAL_SESSION
block-0004,1,Essential Git Commands,chapters/01-introduction.qmd,391,bash,# Check status of your working directory,git log --oneline          # Compact view,13,dd81ba93988daefceaf2571181bdd984cbee2f97292983503fa75b3e4f377dd4,TERMINAL_SESSION
block-0005,1,Essential Git Commands,chapters/01-introduction.qmd,409,bash,# Add a remote (usually done once),git fetch origin,11,5affde525b91102cc0eb3b8ceac386b5248010b75de2f116e1e48361130d1e28,TERMINAL_SESSION
block-0006,1,Essential Git Commands,chapters/01-introduction.qmd,425,bash,# Create a new branch,git branch -d feature-name,17,f352ba14bc89bd4cb2f9a40c6f15ddb9599b003c503911fe7e1b20f1c4e5c135,TERMINAL_SESSION
block-0007,1,GitHub and Remote Collaboration,chapters/01-introduction.qmd,463,bash,git checkout -b feature/user-authentication,git checkout -b feature/user-authentication,1,c6e0812ecc774cc23e4b5491aa3dbd09eba3904fa649ac6832aeb4cbc6b6cb16,TERMINAL_COMMAND
block-0008,1,GitHub and Remote Collaboration,chapters/01-introduction.qmd,469,bash,git add .,"git commit -m ""Add input validation""",4,784df7c784d604190f8a503351831e7689b5b305c2d2e1673d53da0d943ac5a6,TERMINAL_COMMAND
block-0009,1,GitHub and Remote Collaboration,chapters/01-introduction.qmd,478,bash,git push origin feature/user-authentication,git push origin feature/user-authentication,1,856a7a46bc6abdbc0c12ba630da6209451cd61b79eac9a68a0e9589e81ce8c18,TERMINAL_COMMAND
block-0010,1,Writing Good Commit Messages,chapters/01-introduction.qmd,498,(untyped),Short summary (50 chars or less),Fixes #123,9,f7706afbe35ce3ab5c2fffa8ef22c28801101b866e08a7a2248d5914c5f60396,PLAIN_VERBATIM
block-0011,1,Writing Good Commit Messages,chapters/01-introduction.qmd,512,(untyped),Add password strength indicator to registration form,Closes #456,7,3b67271dc6632e88834953cd8eaf6676280eee1aa0ea2023768049bbf9dd41af,PLAIN_VERBATIM
block-0012,1,Writing Good Commit Messages,chapters/01-introduction.qmd,522,(untyped),Fix memory leak in image processing module,Added explicit cleanup in the finally block.,5,d66298906dd7f48beea77dd21d90650f8d72fb3bd937d2ff3b620ce0fd9f5fa7,PLAIN_VERBATIM
block-0013,1,Writing Good Commit Messages,chapters/01-introduction.qmd,532,(untyped),fix bug,fix bug,1,52f2d71111e2a177e5bee87d6537b321398731c0b0ccefa908d2b84e5a00d29f,PLAIN_VERBATIM
block-0014,1,Writing Good Commit Messages,chapters/01-introduction.qmd,536,(untyped),Updates,Updates,1,22e2bada8f1c65cd83f4ba976f0027c5dd7cb81d5d2199cd1b0130792841eef4,PLAIN_VERBATIM
block-0015,1,Writing Good Commit Messages,chapters/01-introduction.qmd,540,(untyped),WIP,WIP,1,a9e0ba49b003e1cc40b7f9a9b55f0c87992858aeb7bf4136da63a3c2dddb98a0,PLAIN_VERBATIM
block-0016,1,Writing Good Commit Messages,chapters/01-introduction.qmd,544,(untyped),asdfasdf,asdfasdf,1,2413fb3709b05939f04cf2e92f7d0897fc2596f9ad0b8a9ea855c7bfebaae892,PLAIN_VERBATIM
block-0017,1,Repository Structure and Documentation,chapters/01-introduction.qmd,577,(untyped),# Dependencies,*.log,19,d3c18545c6622af88694bda25e6000ebdb899265eef5bcc7a812cda1d88f5ffe,PLAIN_VERBATIM
block-0018,1,This Week's Deliverables,chapters/01-introduction.qmd,727,(untyped),-   Initialize with a README,-   Set up initial folder structure,3,6bde47f9e68948ec4b305a00c40312b82ed26ebb99ed90a62d6c9763e1b8aab8,PLAIN_VERBATIM
block-0019,1,This Week's Deliverables,chapters/01-introduction.qmd,733,(untyped),-   Problem statement: What problem does your system solve?,-   Success criteria: How will you know if the project succeeds?,5,df19dd600ec68fb0decfca280af2ebdc20746b9a3a440de975cb2559bc887108,PLAIN_VERBATIM
block-0020,1,Exercise 1.1: Git Basics,chapters/01-introduction.qmd,818,bash,# Create a new directory and initialize a repository,git log --oneline,17,1d3182e297580a8f69f8643f720e79d7fac04af362a923994b577f34d2ccbcc9,TERMINAL_SESSION
block-0021,1,Exercise 1.2: Branching Practice,chapters/01-introduction.qmd,842,bash,# Create and switch to a new branch,git branch -d feature/add-gitignore,15,d2300d3701200afb0f97f6e4fcb32b8d8fc8fe56f3b849b32967a415e3f79611,TERMINAL_SESSION
block-0022,2,Acceptance Criteria,chapters/02-requirements-engineering.qmd,499,(untyped),Given [precondition/context],Then [expected outcome],3,435d509bc6144afe85e81c40fc702f125f9d3bffadc824a8f57468611c3eb23d,PLAIN_VERBATIM
block-0023,2,Acceptance Criteria,chapters/02-requirements-engineering.qmd,507,(untyped),"Story: As a customer, I want to reset my password so that I can",And contain at least one special character,28,0ea8e66ce5460b8b8aec1fa06e3ab73f4550874f60f272d4f326432b72add6ef,PLAIN_VERBATIM
block-0024,2,Acceptance Criteria,chapters/02-requirements-engineering.qmd,540,(untyped),"Story: As a customer, I want to filter search results so that I can",□ Filter state is preserved when navigating back to results,12,eb3593650bbeb760fcdb15b524c57f29b2a06fe9ccd88024d9ea776c86a0ded1,PLAIN_VERBATIM
block-0025,2,"Epics, Stories, and Tasks",chapters/02-requirements-engineering.qmd,569,(untyped),EPIC: Shopping Cart,...,20,3d0c764755690571b91cfad3e59aa548cb5d1ccad30897484f2611e98c8f7048,PLAIN_VERBATIM
block-0026,2,SRS Structure (IEEE 830),chapters/02-requirements-engineering.qmd,646,(untyped),1. Introduction,4.3 To Be Determined List,33,2092398c4eede804736b641e75c462ad3ec28c2b841220bb8d0b35cf2809d108,PLAIN_VERBATIM
block-0027,2,Writing an SRS: Section by Section,chapters/02-requirements-engineering.qmd,800,(untyped),3.1.1 User Management,pre-populate tasks and settings.,36,c16b05f51bf19047ae9a504968b396bc6ab8126cc5993ddd7410463022e977d5,PLAIN_VERBATIM
block-0028,2,Traceability in Agile Projects,chapters/02-requirements-engineering.qmd,1021,(untyped),Epic: E-001 User Authentication,│   └── ...,8,b1ac450fff611f668ecc18ef15bfce496df3578bc4558d5110b65b80b6788d77,ASCII_DIAGRAM
block-0029,2,Using GitHub for Requirements,chapters/02-requirements-engineering.qmd,1188,(untyped),"Title: As a customer, I want to reset my password",**Sprint:** Sprint 2,15,726898069f91a2c969978951aa539af5b192f302371f711fab81af84909aaac4,PLAIN_VERBATIM
block-0030,3,Use Case Diagram Elements,chapters/03-systems-modeling.qmd,162,(untyped),O,/ \,3,2af158c6e77ee4bf25d521aff149db0afe284db138884b229ea75885d54bb10f,PLAIN_VERBATIM
block-0031,3,Use Case Diagram Elements,chapters/03-systems-modeling.qmd,170,(untyped),╭─────────────────────╮,╰─────────────────────╯,3,705bd51709467d89e2c8b6d79699bef2e1c50d108f51e30c221c2d462511705e,ASCII_DIAGRAM
block-0032,3,Use Case Diagram Elements,chapters/03-systems-modeling.qmd,178,(untyped),┌─────────────────────────────────────────┐,└─────────────────────────────────────────┘,12,ba972ea7c653433a836bc7c1f1dadffb37c6f7a764f051e116dd6e780117ac6c,ASCII_DIAGRAM
block-0033,3,Use Case Diagram Elements,chapters/03-systems-modeling.qmd,195,(untyped),O,Customer          ╰───────────────╯,4,d82adc5943e697051a2aba53fb110e43f82956a77241e82b5df39ab68f810497,ASCII_DIAGRAM
block-0034,3,Use Case Relationships,chapters/03-systems-modeling.qmd,210,(untyped),╭─────────────────╮         ╭─────────────────╮,╰─────────────────╯«include»╰─────────────────╯,7,b9fcf1733cd2fb19094216dc6675a36b80f77e15540fa167475358a719e9b169,ASCII_DIAGRAM
block-0035,3,Use Case Relationships,chapters/03-systems-modeling.qmd,226,(untyped),╭─────────────────╮         ╭─────────────────╮,╰─────────────────╯«extend» ╰─────────────────╯,3,e96a33966776b0786674eb71d29868939e8a179d31079df8140d4e758ea2d095,ASCII_DIAGRAM
block-0036,3,Use Case Relationships,chapters/03-systems-modeling.qmd,238,(untyped),O,Customer Customer,12,79e3d4c01a21ccff0de297fbe98b6ca0cc0092d89b413f2a1345004d45561c71,PLAIN_VERBATIM
block-0037,3,Use Case Descriptions,chapters/03-systems-modeling.qmd,267,(untyped),USE CASE: Borrow Book,Frequency: ~200 times per day,45,bfda58dcec2908cabb170eeb2fb769222d5b06250876e9857cfbd461e510108d,PLAIN_VERBATIM
block-0038,3,Activity Diagram Elements,chapters/03-systems-modeling.qmd,360,(untyped),●,●,1,e324c26ee41e01756563ec09ff78c7f8892b7b1dbf9d9c024db9c1b9e8c22c54,PLAIN_VERBATIM
block-0039,3,Activity Diagram Elements,chapters/03-systems-modeling.qmd,366,(untyped),◉,◉,1,c4fe99f3124b9e7bcfffcf609fc1c1c7f3dbf0abc2cb9e8747f8544fec9a1fda,PLAIN_VERBATIM
block-0040,3,Activity Diagram Elements,chapters/03-systems-modeling.qmd,372,(untyped),╭─────────────────────╮,╰─────────────────────╯,3,45663811f672a5f2f73a24d3b4f76402d26b6b59e8ae06e436a363ad754751a9,ASCII_DIAGRAM
block-0041,3,Activity Diagram Elements,chapters/03-systems-modeling.qmd,380,(untyped),│,▼       ▼,7,c68f5d9990d81f06acaad7346e14cf299fffec6c33d9a24c0f201389525b5d6d,ASCII_DIAGRAM
block-0042,3,Activity Diagram Elements,chapters/03-systems-modeling.qmd,392,(untyped),╲     ╱,▼,5,905b98466741509b22953396722878d6dfd4778176d4ebb3c496c8b3548ffdcb,ASCII_DIAGRAM
block-0043,3,Activity Diagram Elements,chapters/03-systems-modeling.qmd,402,(untyped),│,▼    ▼    ▼,4,1326683a2c018c0a8960c10ded07bb0729f4938517ed953122a95898857f4abb,ASCII_DIAGRAM
block-0044,3,Activity Diagram Elements,chapters/03-systems-modeling.qmd,411,(untyped),│    │    │,▼,4,103177b99aa51f467dcb20fb833f63ae742e4aa13944b23798ce3e318bf8d8b1,ASCII_DIAGRAM
block-0045,3,Control Flow vs. Object Flow,chapters/03-systems-modeling.qmd,424,(untyped),╭─────────────╮     ╭─────────────╮,╰─────────────╯     ╰─────────────╯,3,da088a52949a0b8cdda4fc8868e5781e1b9d8cefcb0b23d34dd7c9a41b082675,ASCII_DIAGRAM
block-0046,3,Control Flow vs. Object Flow,chapters/03-systems-modeling.qmd,432,(untyped),╭─────────────╮     ┌─────────┐     ╭─────────────╮,╰─────────────╯     └─────────┘     ╰─────────────╯,3,cf5b294a6163c17297bbe1ce98437e9072dc4e0fced03e4d69d91c311674424c,ASCII_DIAGRAM
block-0047,3,Sequence Diagram Elements,chapters/03-systems-modeling.qmd,500,(untyped),┌────────────────┐,│,7,34dcd6a6236fb17394137b85f2abd6d9c5e67414288b05217f15dc3ce5a8cd5a,ASCII_DIAGRAM
block-0048,3,Sequence Diagram Elements,chapters/03-systems-modeling.qmd,514,(untyped),────────────────────►,────────────────────►,1,ac1f4eba7e8522b04a5186cbbff2907d245a087611259e2c4cb8f70daaad43ff,ASCII_DIAGRAM
block-0049,3,Sequence Diagram Elements,chapters/03-systems-modeling.qmd,520,(untyped),────────────────────▷,────────────────────▷,1,df0c02f8b7d0c1285864a38ab608ca1e71918b4d1c50c09a477627dec76df08f,ASCII_DIAGRAM
block-0050,3,Sequence Diagram Elements,chapters/03-systems-modeling.qmd,526,(untyped),- - - - - - - - - - ►,- - - - - - - - - - ►,1,e562a136cda4fed568713b12d62d91a9b24ecfcf4f016ead44f6a22675dd4254,PLAIN_VERBATIM
block-0051,3,Sequence Diagram Elements,chapters/03-systems-modeling.qmd,532,(untyped),┌───┐,│,5,14e72a2ee6847156ec07e046ba54a8ece4e27b050666490bddc7c1aef4b7b3a5,ASCII_DIAGRAM
block-0052,3,Sequence Diagram Elements,chapters/03-systems-modeling.qmd,542,(untyped),┌────────────┐                    ┌────────────┐,│                                  │,12,a4e8f28658b8758547dda22e4dd55b5b7d655cf1e9173ae170446b900078cb08,ASCII_DIAGRAM
block-0053,3,Combined Fragments,chapters/03-systems-modeling.qmd,563,(untyped),┌──────────────────────────────────────┐,└──────────────────────────────────────┘,8,04abe80a28faeecf3ab91b69f73c6023f6d8c9f8f1c778da402ee1e0e30e488d,ASCII_DIAGRAM
block-0054,3,Combined Fragments,chapters/03-systems-modeling.qmd,576,(untyped),┌──────────────────────────────────────┐,└──────────────────────────────────────┘,6,d4bc1a176cc182dcdd127c40a657e34a1ee115bdd042f0a0d6e0a70d3a37159b,ASCII_DIAGRAM
block-0055,3,Combined Fragments,chapters/03-systems-modeling.qmd,587,(untyped),┌──────────────────────────────────────┐,└──────────────────────────────────────┘,6,ac288a5b3527647eb438c526c8a3b657e08255e095a79c8b7e8bf94bc4a16577,ASCII_DIAGRAM
block-0056,3,Combined Fragments,chapters/03-systems-modeling.qmd,598,(untyped),┌──────────────────────────────────────┐,└──────────────────────────────────────┘,6,9556753557a4d0af2cd8c7abbfdf4e104dfe135df2eeccf64a369eabbabaa940,ASCII_DIAGRAM
block-0057,3,Object Creation and Destruction,chapters/03-systems-modeling.qmd,619,(untyped),┌──────────┐,│                                           │,9,bad5f8357d1bf038eea04cd478967b24e4b64d6e9758d0167202836d24a9ca09,ASCII_DIAGRAM
block-0058,3,Object Creation and Destruction,chapters/03-systems-modeling.qmd,633,(untyped),│                                           │,│,5,0d6f706559f3f0301ace38703cbca085a232f7f9cb48d0fb6e8872e07e0739e6,ASCII_DIAGRAM
block-0059,3,Class Notation,chapters/03-systems-modeling.qmd,684,(untyped),┌─────────────────────────────────┐,└─────────────────────────────────┘,11,f5e29c07cc16d9c0daba7a750fa86c1c40d48188fe82367200ad756dfed85f42,ASCII_DIAGRAM
block-0060,3,Class Notation,chapters/03-systems-modeling.qmd,707,(untyped),visibility name: type [multiplicity] = defaultValue,visibility name: type [multiplicity] = defaultValue,1,475ad28c538b217592271174a87586763ebec43b4bbf7588ed6d2112f31d5204,PLAIN_VERBATIM
block-0061,3,Class Notation,chapters/03-systems-modeling.qmd,713,(untyped),- id: int,+ status: OrderStatus = PENDING,4,f6474698abc2ad9010ac21d2cb80031aa6f8d4b23afdaecf80175445c4b6f445,PLAIN_VERBATIM
block-0062,3,Class Notation,chapters/03-systems-modeling.qmd,722,(untyped),visibility name(parameters): returnType,visibility name(parameters): returnType,1,279fcf5b3afcfd4ff5b5dd165e5b1bc11fdc6bbd33030ac8d09434cc29bfccf2,PLAIN_VERBATIM
block-0063,3,Class Notation,chapters/03-systems-modeling.qmd,728,(untyped),+ calculateTotal(): Decimal,"+ addItem(product: Product, quantity: int): void",3,a236bbcd8ac457ed0538288b175df6d0bdb48727982d6821c3e26f3cc494a7fa,PLAIN_VERBATIM
block-0064,3,Relationships Between Classes,chapters/03-systems-modeling.qmd,740,(untyped),┌─────────────┐                    ┌─────────────┐,└─────────────┘                    └─────────────┘,3,503195b906cb8e8abe0b16ae0c4530f43d87680af0a9fc5a4acfb74da765f10d,ASCII_DIAGRAM
block-0065,3,Relationships Between Classes,chapters/03-systems-modeling.qmd,748,(untyped),┌─────────────┐     enrolledIn     ┌─────────────┐,└─────────────┘  1..*        0..*  └─────────────┘,3,79a0e0e85ac95834a3e53cf837ef630b7f1a12f591751fb0dda5b1e2d27134c1,ASCII_DIAGRAM
block-0066,3,Relationships Between Classes,chapters/03-systems-modeling.qmd,758,(untyped),┌─────────────┐                    ┌─────────────┐,└─────────────┘                    └─────────────┘,3,516cc447c3a2351179c95f8e781ab7cc7b66148805d75bb654bbc84f1100b82e,ASCII_DIAGRAM
block-0067,3,Relationships Between Classes,chapters/03-systems-modeling.qmd,768,(untyped),┌─────────────┐                    ┌─────────────┐,└─────────────┘                    └─────────────┘,3,1208fd129d86d6e7611dc578920276d2a2fa7dbdf37a6b920ac086dfaaff7822,ASCII_DIAGRAM
block-0068,3,Relationships Between Classes,chapters/03-systems-modeling.qmd,778,(untyped),┌─────────────┐                    ┌─────────────┐,└─────────────┘                    └─────────────┘,3,840328ddc3e3c34c9a345363ea2147e020f1cac2ffa5ed4b64b135b6e848df14,ASCII_DIAGRAM
block-0069,3,Relationships Between Classes,chapters/03-systems-modeling.qmd,788,(untyped),┌─────────────┐,└─────────────┘,12,d855de1c5076fc1ba3a2e993d24d3bf21b40d6992f2975dacf7972446d19dae8,ASCII_DIAGRAM
block-0070,3,Relationships Between Classes,chapters/03-systems-modeling.qmd,805,(untyped),┌─────────────────────┐,└─────────────────────┘,18,9bd22f1362103d0f6a111cad2583e4c9507e0f0fc9b4fd6d596f933e313e8ba1,ASCII_DIAGRAM
block-0071,3,Relationships Between Classes,chapters/03-systems-modeling.qmd,828,(untyped),┌─────────────┐                    ┌─────────────┐,└─────────────┘                    └─────────────┘,3,7ff32733336fef06e48649d7c17b1e3e8ae0d094c68acb54097e6640cbb6efb9,ASCII_DIAGRAM
block-0072,3,Association Classes,chapters/03-systems-modeling.qmd,840,(untyped),┌─────────────┐                    ┌─────────────┐,└─────────┘,10,60b377336152b83a53ab0343d207455ed26d3b530fc4e5f9fbe45c5b1eb50a90,ASCII_DIAGRAM
block-0073,3,PlantUML Example,chapters/03-systems-modeling.qmd,1017,plantuml,@startuml,@enduml,14,3a2e7058abbf76822c1dafe13f4b3148f915ebe10d25ee40592c9005cc3f63ba,PLAIN_VERBATIM
block-0074,3,PlantUML Example,chapters/03-systems-modeling.qmd,1036,plantuml,@startuml,@enduml,14,5f19dc20ed417c80d6e7afcfb705529ae5d34571b4bbd0b51c7e220bcd6566dd,PLAIN_VERBATIM
block-0075,3,PlantUML Example,chapters/03-systems-modeling.qmd,1055,plantuml,@startuml,@enduml,25,4f41d7d6faa867ae313f9234ab6a04f99d62eca7b63cc6bf2c229c00700a9562,PLAIN_VERBATIM
block-0076,3,Mermaid Example,chapters/03-systems-modeling.qmd,1089,mermaid,sequenceDiagram,L-->>U: loginSuccess(token),13,abe4d7a7e66c346500619f0e6db89b803bf1b7d27dc2349b4fd8d07b3b4036ce,PLAIN_VERBATIM
block-0077,3,Mermaid Example,chapters/03-systems-modeling.qmd,1107,mermaid,classDiagram,"Customer ""1"" --> ""0..*"" Order : places",17,9f3f5d5c64f60a4772b2ad9c87b568da8930e0dd96891dbc1da0699aae6e01ff,PLAIN_VERBATIM
block-0078,4,Layered Architecture,chapters/04-software-architecture.qmd,133,(untyped),src/,└── ...,22,33a6b9ca5253b2e993b71051e8e3e094881a7d9057f0ff20f46181c0a92aae9d,ASCII_DIAGRAM
block-0079,4,Event-Driven Architecture,chapters/04-software-architecture.qmd,305,(untyped),"Event: { type: ""OrderPlaced"", orderId: ""12345"", timestamp: ""..."" }","Event: { type: ""OrderPlaced"", orderId: ""12345"", timestamp: ""..."" }",1,3081b924991031db2490bb67b3646b959e7152ef70db47724f99dbc3c065e0e8,PLAIN_VERBATIM
block-0080,4,Event-Driven Architecture,chapters/04-software-architecture.qmd,311,(untyped),Event: {,},7,38e91b4c86be8582728f146e825cc717f01253077f5b5b95dc82f8a81855ef79,PLAIN_VERBATIM
block-0081,4,Event-Driven Architecture,chapters/04-software-architecture.qmd,323,(untyped),Events for Account #123:,Current balance: 0 + 100 - 30 + 50 = 120,7,ffd5056cc526030d2f0bd4cb220b17533e288eaeb5c4549628474633148e03de,PLAIN_VERBATIM
block-0082,4,Single Responsibility Principle (SRP),chapters/04-software-architecture.qmd,422,java,public class Employee {,},22,866ebc6c5ec5bb0bf8a219a3a0a6533eb1af9249481754862c8f6eff828f26e4,PROGRAM_CODE
block-0083,4,Single Responsibility Principle (SRP),chapters/04-software-architecture.qmd,451,java,// Handles employee data and business rules,},29,519f8334f9c9f8cf186191f230b2070e6191d659db351121ccdc30ca6798184d,PROGRAM_CODE
block-0084,4,Open/Closed Principle (OCP),chapters/04-software-architecture.qmd,500,java,public class AreaCalculator {,},13,1e49fa887e44aa7636dc87dec69899c3b1c9331407b3a1370e20a87c93d5d85b,PROGRAM_CODE
block-0085,4,Open/Closed Principle (OCP),chapters/04-software-architecture.qmd,520,java,public interface Shape {,},40,f6c43f17d36c022895792b9cc472847408dd741422d916b7a3d2749fe873b1f8,PROGRAM_CODE
block-0086,4,Liskov Substitution Principle (LSP),chapters/04-software-architecture.qmd,580,java,public class Rectangle {,},30,2e7c69e42fc78d842b96624fd65b5fa6dc25e26ebec9732c53d13ee18b1ec295,PROGRAM_CODE
block-0087,4,Liskov Substitution Principle (LSP),chapters/04-software-architecture.qmd,615,java,public void testRectangle(Rectangle r) {,},5,8664af16ed018ab0686d82ced676dbeb99ca9739be3b7449f26be5fa31a6498d,PROGRAM_CODE
block-0088,4,Liskov Substitution Principle (LSP),chapters/04-software-architecture.qmd,627,java,public interface Shape {,},31,687c2482fc67aa2a3ef9ca409f336cc670ef261b87d41810fa27f34f6e409725,PROGRAM_CODE
block-0089,4,Interface Segregation Principle (ISP),chapters/04-software-architecture.qmd,678,java,public interface Worker {,},31,a99a3127b0e25afaaf17a54a8024c1acd881332169a3b6601b89cf75da3f3073,PROGRAM_CODE
block-0090,4,Interface Segregation Principle (ISP),chapters/04-software-architecture.qmd,716,java,public interface Workable {,},27,58e79fc88b10bb17e04e953dde71ee7077ceafc8dd9fca94b97f66fa83c6271e,PROGRAM_CODE
block-0091,4,Dependency Inversion Principle (DIP),chapters/04-software-architecture.qmd,763,java,public class MySQLDatabase {,},18,a7f3d08eaef31ae2069927991f32efb0a9587f7b2e9d027c4c9d759d21293deb,PROGRAM_CODE
block-0092,4,Dependency Inversion Principle (DIP),chapters/04-software-architecture.qmd,788,java,// Abstraction,},33,dd80aad09b53f53a9c8ae99820525c6b13e46d7b7f5e74cef88f5613dba921ca,PROGRAM_CODE
block-0093,4,Dependency Inversion Principle (DIP),chapters/04-software-architecture.qmd,830,java,// Constructor injection,UserService testService = new UserService(new MockDatabase());,5,56e6f656b4976851e0673689cac332fdaedb8b6c1dc5ae7ff5c6345e99a60974,PROGRAM_CODE
block-0094,4,Singleton Pattern,chapters/04-software-architecture.qmd,885,java,public class DatabaseConnection {,"db.query(""SELECT * FROM users"");",30,9ddf479a22d6fe8e7100e647f8ae69f8e8b260503ea2e1f99f7fb2be87902a34,PROGRAM_CODE
block-0095,4,Factory Method Pattern,chapters/04-software-architecture.qmd,943,java,// Product interface,"notification.send(""Hello, World!"");",47,b85406196ffd2c7e1c7d91ccb67ab0898ba7aa2253dc665ab20921c5b2fa4a8a,PROGRAM_CODE
block-0096,4,Builder Pattern,chapters/04-software-architecture.qmd,1010,java,public class User {,.build();,59,a9da4a1851dcf33663707aec273d5a4b9514e1982eff8d62e919b692d281a114,PROGRAM_CODE
block-0097,4,Adapter Pattern,chapters/04-software-architecture.qmd,1093,java,// Existing interface our code uses,"player.play(""movie.mp4"");  // Works through adapter",39,b81e8a00531dc33b96cb208871a305017c42e7d3760ad31f67a69409133b1730,PROGRAM_CODE
block-0098,4,Decorator Pattern,chapters/04-software-architecture.qmd,1153,java,// Component interface,System.out.println(coffee.getCost());         // 2.75,78,f0353a9147da406f773e7b31ac40008faf8e3e8c90e85952b6ad039badd9c317,PROGRAM_CODE
block-0099,4,Facade Pattern,chapters/04-software-architecture.qmd,1250,java,// Complex subsystem classes,computer.start();,50,4a4bb7d6a9ca93feecd619a704e736852c675878527c3460a5e3e812caf3f9a8,PROGRAM_CODE
block-0100,4,Strategy Pattern,chapters/04-software-architecture.qmd,1324,java,// Strategy interface,cart.checkout();  // Paid $34.98 via PayPal (user@email.com),80,696a45c914bf94e10e9e53d4eeebc7f5716299d3721d2f44bf84f87a26a3b22b,PROGRAM_CODE
block-0101,4,Observer Pattern,chapters/04-software-architecture.qmd,1423,java,// Observer interface,// Mobile notification: Update: Weather forecast changed,82,432b69465a730b26fb7a4a5e52320ea0935f1e52d7ec2648dd56553780ca4c72,PROGRAM_CODE
block-0102,4,Template Method Pattern,chapters/04-software-architecture.qmd,1524,java,// Abstract class with template method,// Closing JSON streams and freeing memory...,73,e49b0ee72360e05d6f923bb5685be60a275e5dd63eb21af977f6cf54ca8534c5,PROGRAM_CODE
block-0103,4,SAD Structure,chapters/04-software-architecture.qmd,1638,(untyped),1. Introduction,B. Architecture Decision Records (ADRs),45,39903382d8be931f8d2f8b32e43145fea64b84bff9d9223d20c5e26c34509446,PLAIN_VERBATIM
block-0104,4,Architecture Decision Records (ADRs),chapters/04-software-architecture.qmd,1709,markdown,# ADR-001: Use PostgreSQL as Primary Database,- John Architect,55,155f3981c9392c8c293580a0cb51e7292471c6244acd4a563dd806fa815598a8,PLAIN_VERBATIM
block-0105,4,Exercise 4.2: SOLID Refactoring,chapters/04-software-architecture.qmd,1906,java,public class Report {,},24,165294a895b5cb34411c91bd6dad735df357f886fde0eb85195777173aef8f73,PROGRAM_CODE
block-0106,4,Exercise 4.6: Pattern Recognition,chapters/04-software-architecture.qmd,1969,java,public class Logger {,},12,772ab53d1b15b6f3f3a4c2a520a45b153afd24c45a081a43480a47440bc3b907,PROGRAM_CODE
block-0107,4,Exercise 4.6: Pattern Recognition,chapters/04-software-architecture.qmd,1986,java,public interface SortStrategy {,},18,6ad161db471f43528b9a82ff633e16716f36b0db40d2ed4e6173f8bc1ffed11e,PROGRAM_CODE
block-0108,4,Exercise 4.6: Pattern Recognition,chapters/04-software-architecture.qmd,2009,java,public interface Beverage {,},19,b48e482d2bbba168498df2f76f948a97ef33def96ba71a18e7613db87357ce79,PROGRAM_CODE
block-0109,5,The Relationship Between UX and UI,chapters/05-ui-ux.qmd,89,(untyped),┌─────────────────────────────────────────────────────────────────────────┐,└─────────────────────────────────────────────────────────────────────────┘,19,8b5cb4ef5bf8ab3a02d97d65fea11cd1aff04586cdfddee010738e40947c48fb,ASCII_DIAGRAM
block-0110,5,Principles of Human-Centered Design,chapters/05-ui-ux.qmd,166,(untyped),┌──────────────┐,(Iterate),36,969c4bfd65cba86e9cfab84888b79705853868af223d6c57a0e415e562c50cd7,ASCII_DIAGRAM
block-0111,5,Understanding Users,chapters/05-ui-ux.qmd,230,(untyped),┌─────────────────────────────────────────────────────────────────────────┐,└─────────────────────────────────────────────────────────────────────────┘,31,9e490d0ed0f1894397f7dd4eb4288b0b09e7a81629610acaaf1359ef97894750,ASCII_DIAGRAM
block-0112,5,Understanding Users,chapters/05-ui-ux.qmd,268,(untyped),USER JOURNEY: New Customer Making First Purchase,comparison,26,2b223e8bee7e737a6d83f45499e2704f6e05611deebaceaccb9f6b93b3a5cb6c,ASCII_DIAGRAM
block-0113,5,Nielsen's 10 Usability Heuristics,chapters/05-ui-ux.qmd,346,(untyped),┌─────────────────────────────────────────┐,└─────────────────────────────────────────┘,10,932ea1a02f79702466644423733afedecad2e64433cb57986b4ac03cd5dbe26f,ASCII_DIAGRAM
block-0114,5,Nielsen's 10 Usability Heuristics,chapters/05-ui-ux.qmd,433,(untyped),┌─────────────────────────────────────────┐,└─────────────────────────────────────────┘,17,ebba16299c38b36e3fe657228d9c9ce774839a7833105ffd880ad27bf8ce74b7,ASCII_DIAGRAM
block-0115,5,Nielsen's 10 Usability Heuristics,chapters/05-ui-ux.qmd,492,(untyped),┌─────────────────────────────────────────────────────────────┐,└─────────────────────────────────────────────────────────────┘,13,c9c2ac7da9f560b747a9d74b8777a96909b4107cdd6d3a0edc31ff8e08c897b0,ASCII_DIAGRAM
block-0116,5,Nielsen's 10 Usability Heuristics,chapters/05-ui-ux.qmd,537,(untyped),┌─────────────────────────────────────────┐,└─────────────────────────────────────────┘,9,e18a5cc447815159c614573790def268ee14296247de3bc9fbbcb708b2b48f67,ASCII_DIAGRAM
block-0117,5,Nielsen's 10 Usability Heuristics,chapters/05-ui-ux.qmd,576,(untyped),┌─────────────────────────────────────────────────────────────┐,└─────────────────────────────────────────────────────────────┘,14,d121fb66fa112782b7fccab834e1f88fdd3f6b33c88c7668974cdaeb7accd17f,ASCII_DIAGRAM
block-0118,5,The Prototyping Spectrum,chapters/05-ui-ux.qmd,635,(untyped),Low Fidelity ◄─────────────────────────────────────────────► High Fidelity,└──────────────┴──────────────┴──────────────┴──────────────┘,15,66cb391f8ac46af1cca0ae395444c6b66b0611b6738fdc800d8a68ec0b0aae12,ASCII_DIAGRAM
block-0119,5,Sketching,chapters/05-ui-ux.qmd,679,(untyped),┌─────────────────────────────────────────────────────────────┐,└─────────────────────────────────────────────────────────────┘,33,bed21ff5a292f20d6d64d26c66117c58be2cb41e641729d8336d51e8bac98ea8,ASCII_DIAGRAM
block-0120,5,Wireframes,chapters/05-ui-ux.qmd,737,(untyped),┌─────────────────────────────────────────────────────────────────────────┐,└─────────────────────────────────────────────────────────────────────────┘,35,53eb5a9ac5264d49a5e84c6d49408df4e63981d18bf2051a8a74aa684e2821ce,ASCII_DIAGRAM
block-0121,5,Wireframes,chapters/05-ui-ux.qmd,777,(untyped),┌─────────────────────────┐,└─────────────────────────┘,36,f781ad58f9f0e4ae03d1edebf7d1c155455ecdfa306ee81d10b791b43cb3103e,ASCII_DIAGRAM
block-0122,5,Visual Hierarchy,chapters/05-ui-ux.qmd,889,(untyped),┌─────────────────────────────────────┐,└─────────────────────────────────────┘,8,155008b6137fc3d2bd360fa6c58915b6c941bc22472415c75ffedc04f49ce7d3,ASCII_DIAGRAM
block-0123,5,Visual Hierarchy,chapters/05-ui-ux.qmd,902,(untyped),┌─────────────────────────────────────┐,└─────────────────────────────────────┘,13,2d9cd84f0109dba075a119417e68bfce5d9bb4cbe369a7a369ae9e073dfdbf59,ASCII_DIAGRAM
block-0124,5,Typography,chapters/05-ui-ux.qmd,945,(untyped),"H1: 32px / Bold      ""Page Title""","Tiny: 12px / Regular ""Legal text, timestamps""",6,c7e4fbfa4bc229ca659a9f167beccc7b989008d00782c5644c022a8a6eadefac,PLAIN_VERBATIM
block-0125,5,Color,chapters/05-ui-ux.qmd,981,(untyped),┌─────────────────────────────────────────────────────────────┐,└─────────────────────────────────────────────────────────────┘,20,660f987a274e5fc393fa8e78a42d68a969d8627d0f10368fea01dac6bde2e12a,ASCII_DIAGRAM
block-0126,5,Layout and Spacing,chapters/05-ui-ux.qmd,1026,(untyped),Good:                          Bad:,└──────────────────────┘      └──────────────────────┘,12,596cd7e56a31586d02d4c2ee3deb87120d49b259c5168f3d820a664cb49f8355,ASCII_DIAGRAM
block-0127,5,Layout and Spacing,chapters/05-ui-ux.qmd,1043,(untyped),┌────────────────────────────────────┐,└────────────────────────────────────┘,14,4b892e0a8713c69d802420efc6e7a0ec89327ec317bf97801a9b20868b3196b2,ASCII_DIAGRAM
block-0128,5,Responsive Design Principles,chapters/05-ui-ux.qmd,1085,css,/* Fixed - doesn't adapt */,},10,9a5c84d149ea35e3ba98dc7b4bdfcde52cb0915be5161273716d27a176d8fafa,PLAIN_VERBATIM
block-0129,5,Responsive Design Principles,chapters/05-ui-ux.qmd,1102,css,img {,},4,0d58e3baecd364f7888463a8942a72bacca8b6df39a0072c3b71036892aaa662,PLAIN_VERBATIM
block-0130,5,Responsive Design Principles,chapters/05-ui-ux.qmd,1113,css,/* Base styles (mobile-first) */,},19,d49ce746dd048c57f9d6abfc5b187b68ae7538532e7ace7c98f260cbac7de6a5,PLAIN_VERBATIM
block-0131,5,Breakpoints,chapters/05-ui-ux.qmd,1153,css,/* Mobile styles (default) */,},7,a787a950beaba1e0f28b6596222739b348aa652876b84e3d003b1f9a29e9a9b5,PLAIN_VERBATIM
block-0132,5,Breakpoints,chapters/05-ui-ux.qmd,1165,css,/* Desktop styles (default) */,},7,60ae3077c8f044061b4510a85fb85569045bfd03345c68f3d2c352577a6b52c6,PLAIN_VERBATIM
block-0133,5,Responsive Patterns,chapters/05-ui-ux.qmd,1187,(untyped),Desktop:                    Mobile:,└────────────────┘,8,9afac31f62f5eccee24593c584b71d141f84d89c5c71a3317fb239cadd4ea691,ASCII_DIAGRAM
block-0134,5,Responsive Patterns,chapters/05-ui-ux.qmd,1202,(untyped),Desktop:                    Mobile:,└────────────────┘,10,cbfe50bb9fed215af39b0142c7640ba8c3b7146db8043b61bd677d5e06af283f,ASCII_DIAGRAM
block-0135,5,Responsive Patterns,chapters/05-ui-ux.qmd,1219,(untyped),Desktop:                    Mobile (menu closed):    Mobile (menu open):,└────────────────────────┘  └────────────────┘      └──────┴─────────┘,8,bafca71f6af5120780bea0b7609369580680d9bb0fa4945d8193ad09df227887,ASCII_DIAGRAM
block-0136,5,Common Accessibility Requirements,chapters/05-ui-ux.qmd,1313,html,<!-- Informative image -->,</div>,12,76bb739c9a87ee0b44bf6d390f78252456b9375b12c3f6a867f9c1a3d0d02d95,PLAIN_VERBATIM
block-0137,5,Common Accessibility Requirements,chapters/05-ui-ux.qmd,1337,html,<!-- Good: Native button is keyboard accessible -->,</div>,12,33dd97d6f44f4460cb0d7c32dc992490402414a66dd61d4d41506070d582b33a,PLAIN_VERBATIM
block-0138,5,Common Accessibility Requirements,chapters/05-ui-ux.qmd,1356,css,/* Don't remove focus outlines without replacement */,},14,34c575949cf733b982e8fbb725cd2b3d7be2582325423511d1360b09df3e9c4a,PLAIN_VERBATIM
block-0139,5,Common Accessibility Requirements,chapters/05-ui-ux.qmd,1377,(untyped),Good Contrast:                Poor Contrast:,└─────────────────────────┘   └─────────────────────────┘,7,d3e236ee4000117201100d042335df37007f374bda4cd29bba77cda3e039ddd9,ASCII_DIAGRAM
block-0140,5,Common Accessibility Requirements,chapters/05-ui-ux.qmd,1397,html,<!-- Good: Label explicitly associated -->,"<input type=""email"" name=""email"">",13,2a9edc97d9df642fad10bf17ce88fea31096b7f16371a29d932c0cb777799808,PLAIN_VERBATIM
block-0141,5,Common Accessibility Requirements,chapters/05-ui-ux.qmd,1417,html,<!-- Good: Semantic structure -->,</div>,30,3a3cb1f6c69554aba14b1e3e6b5a1ecc1f03e2ec60e3604402abd7a068ebf6c8,PLAIN_VERBATIM
block-0142,5,Common Accessibility Requirements,chapters/05-ui-ux.qmd,1454,html,<!-- Tab interface -->,</div>,17,95408ec59b4ecf6e5d95c57a146aafd5da5b218a361efc108833f91541d0ae42,PLAIN_VERBATIM
block-0143,5,Components of a Design System,chapters/05-ui-ux.qmd,1538,(untyped),COLORS,radius-full:  9999px,46,c0ca523fcaef4997506908c1258a98d7b224d82f9ed36f08519a4d8260f626a9,ASCII_DIAGRAM
block-0144,5,Components of a Design System,chapters/05-ui-ux.qmd,1591,(untyped),BUTTONS,Padding: space-6,61,231c2cbfbb6941692bb554b1a16cfdc5de0b2575ac33e586c58c478623c6ad57,ASCII_DIAGRAM
block-0145,5,Components of a Design System,chapters/05-ui-ux.qmd,1659,(untyped),NAVIGATION PATTERN,└─────────────────────────────────────┘,34,c506a660b08f1df9df018b65d824d8fee6628372a7871f6fef96e11b876ef6c8,ASCII_DIAGRAM
block-0146,5,Style Guide Example,chapters/05-ui-ux.qmd,1744,markdown,# TaskFlow Style Guide,[Continue for each component...],79,153c32df6928ca061a8cb4e73400df42a9caf757163096fbbbc2b92626960781,ASCII_DIAGRAM
block-0147,5,Creating a Simple Wireframe in Figma,chapters/05-ui-ux.qmd,1870,(untyped),-   Header,-   Footer,4,7fc1d30466ce70b4877aa4d82651b747da0a06502fe425e969ac5980c3469371,PLAIN_VERBATIM
block-0148,5,Exercise 5.5: Style Guide Creation,chapters/05-ui-ux.qmd,2050,(untyped),"-   Primary, secondary, and accent colors",-   Accessibility notes for each color combination,4,b98f82d74ebcf723fac44e0dbac26bfce02de120e9b4d7ce87709f8239acfd4b,PLAIN_VERBATIM
block-0149,5,Exercise 5.5: Style Guide Creation,chapters/05-ui-ux.qmd,2057,(untyped),-   Font families,-   Weight and line-height specifications,3,956d421420198b0f81e07b552ec99795b13d00469f1284b87e5e4b602237cd97,PLAIN_VERBATIM
block-0150,5,Exercise 5.5: Style Guide Creation,chapters/05-ui-ux.qmd,2063,(untyped),-   Base unit and scale,-   Base unit and scale,1,f8325a81976d92ecf1ab232d61c20052f87d3c1d432072a7a1d7d233430cdce6,PLAIN_VERBATIM
block-0151,5,Exercise 5.5: Style Guide Creation,chapters/05-ui-ux.qmd,2067,(untyped),-   Buttons (with all states),-   One additional component of your choice,5,b58364fff3e84f3369b1307867c869f2106562cf319e443a80a87dbab6001d62,PLAIN_VERBATIM
block-0152,6,"Agile Is a Mindset, Not a Methodology",chapters/06-agile-methodologies.qmd,87,(untyped),Agile Mindset,(Adapted to Context),15,9e52301f7aedd24e68a52b9bb07776f1fd2a2f2d785147add8c6081dc1b9a863,ASCII_DIAGRAM
block-0153,6,The Scrum Framework Overview,chapters/06-agile-methodologies.qmd,131,(untyped),┌─────────────────────────────────────────────────────────────────────────┐,└─────────────────────────────────────────────────────────────────────────┘,13,f2b2f96cccf5c5f282b7ba156ff6328bba2413e54848613a8d8850da378f51dc,ASCII_DIAGRAM
block-0154,6,The Scrum Framework Overview,chapters/06-agile-methodologies.qmd,149,(untyped),┌─────────────────────────────────────────────────────────────────────────┐,└─────────────────────────────────────────────────────────────────────────┘,21,9df6a9a009a42810551ab31d00a146309d4c7f87df87c7f9563341c85d20e868,ASCII_DIAGRAM
block-0155,6,Scrum Roles,chapters/06-agile-methodologies.qmd,223,(untyped),┌─────────────────────────────────────────────────────────────────────────┐,└─────────────────────────────────────────────────────────────────────────┘,15,029211f8a498f76d1d34799e4acd0949b56143d382a1646f9817da0978cdc351,ASCII_DIAGRAM
block-0156,6,Scrum Artifacts,chapters/06-agile-methodologies.qmd,264,(untyped),┌─────────────────────────────────────────────────────────────────────────┐,└─────┴──────────────────────────────────────────────┴────────┴──────────┘,20,bb444d6ff73ab20c689bedbfd98fe7cc9e3040bc9f3acce0e82626b9b8cc1d76,ASCII_DIAGRAM
block-0157,6,Scrum Artifacts,chapters/06-agile-methodologies.qmd,307,(untyped),┌─────────────────────────────────────────────────────────────────────────┐,└─────────────────────────────────────────────────────────────────────────┘,37,0e791a2144f878c04da0d7e65abca30b6dce1f975dffbecad196acff830246ed,ASCII_DIAGRAM
block-0158,6,Scrum Events,chapters/06-agile-methodologies.qmd,403,(untyped),SPRINT 3 PLANNING,• Task breakdown for all stories,40,3152c49ec51c2865159550603923126a2fe7383da6a50ca851cd1bb5179de7a7,ASCII_DIAGRAM
block-0159,6,Scrum Events,chapters/06-agile-methodologies.qmd,484,(untyped),DAILY SCRUM - Tuesday 9:00 AM,Duration: 4 minutes,22,ef8f5ccba52775cdce51c84f645ba725df18daa27b1a3737f37615322c866727,ASCII_DIAGRAM
block-0160,6,Scrum Events,chapters/06-agile-methodologies.qmd,531,(untyped),SPRINT 3 REVIEW,• Stakeholder alignment,40,5eac1820a123887b9f39f8c7f86bb2d27c0624db3258c5d33c338ba5351ce871,ASCII_DIAGRAM
block-0161,6,Scrum Events,chapters/06-agile-methodologies.qmd,610,(untyped),🏝️ Island (Goals),🪨 Rocks (Risks ahead),11,e086a5dff1e6e9552449f099d8271b92a4169672b89a3a02b256c6285d82a605,ASCII_DIAGRAM
block-0162,6,Scrum Events,chapters/06-agile-methodologies.qmd,626,(untyped),SPRINT 3 RETROSPECTIVE,Due: Immediately,30,e98570d950404665b491e6419d5ab1888358bf124dfa101bf7e366cdd23aa58f,ASCII_DIAGRAM
block-0163,6,Sprint Metrics,chapters/06-agile-methodologies.qmd,665,(untyped),Sprint History:,Average Velocity: 18 points,8,f557e7bd9c985ebae6ce6bb9e21ad6a4b1689c1dbefe2b397899379a8ab33063,PLAIN_VERBATIM
block-0164,6,Sprint Metrics,chapters/06-agile-methodologies.qmd,682,(untyped),Story Points,1    2    3    4    5    6,14,7179f3b4a809fcc518152bbfa85ed5720fed11a6ce4c1010d5851f46edc8ced9,ASCII_DIAGRAM
block-0165,6,Sprint Metrics,chapters/06-agile-methodologies.qmd,705,(untyped),Story Points,1    2    3    4    5    6,15,e403af3972974e25930590e0972ff7101b325f17b002ac114b939686b74fb14a,ASCII_DIAGRAM
block-0166,6,Kanban Practices,chapters/06-agile-methodologies.qmd,755,(untyped),┌─────────────────────────────────────────────────────────────────────────┐,WIP Limits shown in parentheses,22,d345f9ee1af84bfd4e3576349b3d314c44becb2a888602f659fa8d5e4d8097c6,ASCII_DIAGRAM
block-0167,6,Kanban Practices,chapters/06-agile-methodologies.qmd,792,(untyped),Without WIP Limits:              With WIP Limits:,• Problems hidden in pile        • Team swarms to unblock,8,65bff5fecd1546f1184e81df4ee314b97e6a7b624fb86cf668893f839b989a67,ASCII_DIAGRAM
block-0168,6,Kanban Board Design,chapters/06-agile-methodologies.qmd,845,(untyped),Backlog → In Progress → Done,Backlog → In Progress → Done,1,b0787873d1894d64b4d59de9d77ccd9d17420e8c3a623b6d058be04a76baf633,PLAIN_VERBATIM
block-0169,6,Kanban Board Design,chapters/06-agile-methodologies.qmd,851,(untyped),Backlog → Ready → Development → Code Review → Testing → Done,Backlog → Ready → Development → Code Review → Testing → Done,1,d40baf2d7dff7d64c0b0a86928490f28259c7dff9699c407878c4be41f65625d,PLAIN_VERBATIM
block-0170,6,Kanban Board Design,chapters/06-agile-methodologies.qmd,857,(untyped),Backlog → Ready → Development → Dev Done → Testing → Done,(Buffer between development and testing),3,32140c1d2359316f189e11235cb5b74d256f754f5aef796814262a9bf1cb685a,PLAIN_VERBATIM
block-0171,6,Kanban Board Design,chapters/06-agile-methodologies.qmd,865,(untyped),┌─────────────────────────────────────────────────────────────┐,└─────────┴───────┴─────────────┴────────┴──────┘,9,079faa1142783dfe6c43878bcde908c267656e13bfa447d85e9c53496eac62c8,ASCII_DIAGRAM
block-0172,6,Kanban Metrics,chapters/06-agile-methodologies.qmd,883,(untyped),Task A: Started Monday 9 AM → Completed Wednesday 4 PM,Average Cycle Time: Sum of all cycle times / Number of items,4,1353fd08de72a40ec43541dd99126847cbf68ea47c85893626ad42370988bc12,PLAIN_VERBATIM
block-0173,6,Kanban Metrics,chapters/06-agile-methodologies.qmd,896,(untyped),Request ──────► Start ──────────────► Complete,│←── Cycle Time ────────►│,3,991a52bf0ae56650ac2377b0fe1614c5e8000167af0843ea92450b2d5ca72335,ASCII_DIAGRAM
block-0174,6,Kanban Metrics,chapters/06-agile-methodologies.qmd,906,(untyped),Week 1: 12 items completed,Average Throughput: 12.7 items/week,5,c628ec1eb618bea19d995ba709c8e8efd89515a87a3a741e0501e93f8da936c7,PLAIN_VERBATIM
block-0175,6,Kanban Metrics,chapters/06-agile-methodologies.qmd,918,(untyped),Items,1    2    3    4    5    6    7,15,9ab266f9a299700d19aea5f10ecaf6e14c236c18a563750935533759676d9436,ASCII_DIAGRAM
block-0176,6,The TDD Cycle,chapters/06-agile-methodologies.qmd,1017,(untyped),┌────────────────────────┐,└──────────────────────┘,27,0103a17dbb8240c3b445c322961ad40f2a3b29dda38829f8a61b0cea95358f8b,ASCII_DIAGRAM
block-0177,6,The TDD Cycle,chapters/06-agile-methodologies.qmd,1049,python,# Step 1: RED - Write a failing test,# Continue cycle...,38,a1d36ba4eaf2f1c240046b4946a97eaebd27a33fe75b25e7651b227cb9a8c842,PROGRAM_CODE
block-0178,6,Story Points,chapters/06-agile-methodologies.qmd,1137,(untyped),"1, 2, 3, 5, 8, 13, 21, (40, 100)","1, 2, 3, 5, 8, 13, 21, (40, 100)",1,1afb1e226fecdb92e9c213125c287e9588f76b120ee5b17eeef5b62d81cf77c8,PLAIN_VERBATIM
block-0179,6,Story Points,chapters/06-agile-methodologies.qmd,1147,(untyped),"Reference: ""User can log in with email/password"" = 3 points","• ""User can log in with SSO (Google, Microsoft)"" → Much more complex → 8 points",7,0c4336244aca1d1c73b1eb202298a71301197b8ee6aaf0e96e34fe65805947d0,PLAIN_VERBATIM
block-0180,6,Planning Poker,chapters/06-agile-methodologies.qmd,1170,(untyped),PLANNING POKER SESSION,Final: Team agrees on 8 (erring toward higher due to query work),22,81c4e4b6d2f8fab459067757c1434865ece2160bf04407fb2f9e6a7e27aa0f82,ASCII_DIAGRAM
block-0181,6,Velocity and Capacity Planning,chapters/06-agile-methodologies.qmd,1207,(untyped),Sprint 1: 21 points completed,Average Velocity: 21 points per sprint,7,e0446b4891eb957df10d696ccf07af42a53256d2b2e64c586e0012e9a06664bd,PLAIN_VERBATIM
block-0182,6,Estimation Alternatives,chapters/06-agile-methodologies.qmd,1252,(untyped),XS = 1 point,XL = 13 points (should probably be split),5,25efeb77c8a41c045b929e10af4235b7f4e3cd33e3285549355c7ad66b0be971,PLAIN_VERBATIM
block-0183,6,GitHub Projects,chapters/06-agile-methodologies.qmd,1289,(untyped),┌─────────────────────────────────────────────────────────────────────────┐,└────────────────┴────────────────┴────────────────┴────────────────┴─────┘,17,2a53e5aae8ebe32c05992ea926bccb389485e82726590aa8173a45a9f5d374f7,ASCII_DIAGRAM
block-0184,6,GitHub Projects,chapters/06-agile-methodologies.qmd,1311,(untyped),┌──────────────────────────────────────────────────────────────────────────┐,└──────────────────────┴─────────────┴──────────┴────────┴────────┴────────┘,11,6eb31c44f5be18b6b3e229ce10e6810164bd3429fa2cfa4100f0aa258d748c00,ASCII_DIAGRAM
block-0185,6,GitHub Projects,chapters/06-agile-methodologies.qmd,1336,markdown,# Issue Template Example,## Sprint: Sprint 3,15,9014f3ab524daec32ad3253428dbfe97b5fe954f3d5924e3c4b5bcff820b57e0,PLAIN_VERBATIM
block-0186,6,Jira,chapters/06-agile-methodologies.qmd,1369,(untyped),┌─────────────────────────────────────────────────────────────────────────┐,◇ = Story Point    🔥 = High Priority    📘 = Story    🐛 = Bug,27,47a9048ff72f7c6f5c955089d3d11b6f2c4deaec60d1389a4b1eec0b4c6532fc,ASCII_DIAGRAM
block-0187,6,The Work Hierarchy,chapters/06-agile-methodologies.qmd,1440,(untyped),┌─────────────────────────────────────────────────────────────────────────┐,└─────────────────────────────────────────────────────────────────────────┘,23,80aac39951768ed9f02fe2debb24188e367db85107264a6758aa8a67605a85d3,ASCII_DIAGRAM
block-0188,6,Epics,chapters/06-agile-methodologies.qmd,1479,(untyped),EPIC: User Authentication System,└── Story: User can add comments to tasks,18,a6a1beb331c75c796a123408251b3959a5ba50526e84080ee223b55283d350d0,ASCII_DIAGRAM
block-0189,6,User Stories (Review),chapters/06-agile-methodologies.qmd,1523,(untyped),Original: User can purchase a product,• User can review and confirm order,8,76bdc8924230815d9ad3b0e2e0e89c4e6850b08396f67bd806ae0963ed6bca38,PLAIN_VERBATIM
block-0190,6,User Stories (Review),chapters/06-agile-methodologies.qmd,1536,(untyped),Original: User can search for products,• User can sort search results,7,30d66f3134652e7415e106383cef6d07d4150ea32f9516c6d0a56e6abe28a1bf,PLAIN_VERBATIM
block-0191,6,User Stories (Review),chapters/06-agile-methodologies.qmd,1548,(untyped),Original: User can log in,• User can log in with Microsoft,6,befda8c41da60f7f74bcd54ded3e360ec7f53d889067b1a0f5c530163e59e377,PLAIN_VERBATIM
block-0192,6,User Stories (Review),chapters/06-agile-methodologies.qmd,1559,(untyped),Original: User can manage tasks,• User can delete tasks,7,0ab046a54b2fb6f973c9d3598e844ca280c5ddf83833c3bc99dc228617d4f7f3,PLAIN_VERBATIM
block-0193,6,User Stories (Review),chapters/06-agile-methodologies.qmd,1571,(untyped),Original: User can view reports,• Admin can view all reports,6,5f4624b7b0926ac2d47a8c0333f2dc723fcc5bf1373ff85ee88a0e1dcad040c0,PLAIN_VERBATIM
block-0194,6,Tasks,chapters/06-agile-methodologies.qmd,1593,(untyped),STORY: User can create tasks (5 points),└────────────────────────────────────────────────────────┴───────┴─────────┘,19,d9201db55ff483eb7ec56083c474ef93bb27910119635c6a7c9e5a832cb14e7b,ASCII_DIAGRAM
block-0195,6,Definition of Ready and Definition of Done,chapters/06-agile-methodologies.qmd,1621,(untyped),DEFINITION OF READY,☑ Product Owner is available to answer questions,12,fa6662b07fb0dc5b9e182f8cfb10c23ab88d62c5875dd0ddb95f08228a648c06,ASCII_DIAGRAM
block-0196,6,Definition of Ready and Definition of Done,chapters/06-agile-methodologies.qmd,1640,(untyped),DEFINITION OF DONE,☑ No known bugs remain,14,f8645a37607869edb706d7c8ac4f1536c909b098f7bd151c2617dc8e7390a042,ASCII_DIAGRAM
block-0197,6,Meeting Anti-Patterns,chapters/06-agile-methodologies.qmd,1667,(untyped),❌ Each person reports to the Scrum Master,❌ Feels like micromanagement,4,3796e7de4679bf4bd1fb914420fe882166bf5c9109cb73d4c664889ecc39921b,PLAIN_VERBATIM
block-0198,6,Meeting Anti-Patterns,chapters/06-agile-methodologies.qmd,1676,(untyped),❌ Goes hours over time-box,❌ Team disengages,4,dbe5adbc14888b539baae8ee934394d26bfa72a06662635a92173957030f66ca,PLAIN_VERBATIM
block-0199,6,Meeting Anti-Patterns,chapters/06-agile-methodologies.qmd,1685,(untyped),❌ Focus on who made mistakes,❌ No action items,4,5c83ef85c0a1eed652d80a647c3b78246ff484cb9534a17b8a3f3be0ca719c39,PLAIN_VERBATIM
block-0200,6,Facilitating Effective Standups,chapters/06-agile-methodologies.qmd,1696,(untyped),DAILY STANDUP FACILITATION,"• ""Let's keep moving—we can discuss offline""",25,96d792d74fd81d6805de4edbb86ce018a00f9841a698179b4451820323e77c19,ASCII_DIAGRAM
block-0201,6,Facilitating Effective Retrospectives,chapters/06-agile-methodologies.qmd,1728,(untyped),RETROSPECTIVE FACILITATION,• Quick feedback on the retro itself,27,0fed0b53e9a26084c1cab12683743c2c8e0e8384058578ba9dde5e4fb0971272,ASCII_DIAGRAM
block-0202,6,Facilitating Effective Retrospectives,chapters/06-agile-methodologies.qmd,1760,(untyped),SPRINT 4 RETROSPECTIVE,"3. [Scrum Master] Audit meeting calendar, propose reductions",30,96c11034a13b1478493a99b6fc2f893a3e5700dada19edcba1af3a7b9d8f6636,ASCII_DIAGRAM
block-0203,6,Remote/Hybrid Agile,chapters/06-agile-methodologies.qmd,1813,(untyped),ASYNC STANDUP (via Slack/Teams),Thread replies for questions or offers to help.,21,4d91ec642466806d46219694f4477b1bb713c6895b16f2278fd7171885818008,ASCII_DIAGRAM
block-0204,6,Exercise 6.4: Kanban Board Setup,chapters/06-agile-methodologies.qmd,2046,(untyped),-   Backlog,-   Done,5,beb4ae52dc5d26d6066cad0c2645bf5b3e418528e8d14b3df8c990889326d0ef,PLAIN_VERBATIM
block-0205,7,Branch Operations,chapters/07-version-control.qmd,90,bash,# Create a new branch,git switch -c feature-login,8,6cc29b8ca8a365132340b736725bf7c1994c8ecaedc81cc29d41fefb12b5e103,TERMINAL_SESSION
block-0206,7,Branch Operations,chapters/07-version-control.qmd,103,bash,# Traditional,git switch main,5,fa0699665b4e79d46b89e307a4dc4cd39f85bd2a49021bbedaea63b2e8951ab1,TERMINAL_SESSION
block-0207,7,Branch Operations,chapters/07-version-control.qmd,113,bash,# List local branches,git branch -v,8,ec4fe5ebe3efebcea7d29aab2d2d92a5b1ba06b30769eb70a5f8a6acf1387718,TERMINAL_SESSION
block-0208,7,Branch Operations,chapters/07-version-control.qmd,126,bash,# Delete a merged branch,git branch -D experimental-feature,5,3f9099e47dc97aed3cc8e0af27ad6e93cf2d26df1f4013e9dec76f521ecc612d,TERMINAL_SESSION
block-0209,7,Merging Branches,chapters/07-version-control.qmd,155,bash,# Merge feature into current branch (main),git merge --abort,9,5511b718702e51d61abd1b1ba21d28997acf19ec33d5310e962981a3c5b5b33d,TERMINAL_SESSION
block-0210,7,Rebasing,chapters/07-version-control.qmd,177,bash,# Rebase current branch onto main,git rebase --continue,11,18d812dcf721ea5de18a9d6996992044226779b492f6091eb89d867745b892a9,TERMINAL_SESSION
block-0211,7,Gitflow,chapters/07-version-control.qmd,220,(untyped),┌─────────────────────────────────────────────────────────────────────────┐,└─────────────────────────────────────────────────────────────────────────┘,33,26fe2fa386f3ed1fcea68bf9e74f9c1abb502325c216460fc827505a9ef1cf40,ASCII_DIAGRAM
block-0212,7,Gitflow,chapters/07-version-control.qmd,264,bash,# Create feature branch from develop,git branch -d feature/user-authentication,15,4ec010e691661245a1516c3bda5939d65fd5bb684c30438154450569f09db188,TERMINAL_SESSION
block-0213,7,Gitflow,chapters/07-version-control.qmd,284,bash,# Create release branch from develop,git branch -d release/1.2.0,16,1d21b3f05a1174abec813a57e6c35ddf12667d10ecec962c6f993ed97ead8c40,TERMINAL_SESSION
block-0214,7,Gitflow,chapters/07-version-control.qmd,305,bash,# Create hotfix branch from main,git branch -d hotfix/critical-security-fix,16,f235d1abf4fd1750dc1840e466bc9338a9311fbd9b0fb5f001e6ad59dca62873,TERMINAL_SESSION
block-0215,7,GitHub Flow,chapters/07-version-control.qmd,348,(untyped),┌─────────────────────────────────────────────────────────────────────────┐,└─────────────────────────────────────────────────────────────────────────┘,16,19f7ede0afd2785611e3b2615aa1dd5203027080ab72f437e12bbf9c04645476,ASCII_DIAGRAM
block-0216,7,GitHub Flow,chapters/07-version-control.qmd,373,(untyped),┌─────────────────────────────────────────────────────────────────────────┐,└─────────────────────────────────────────────────────────────────────────┘,33,3560d550d9a7c125a0fa332b12f59f759d6238ae7061ac9b6879457e109724ac,ASCII_DIAGRAM
block-0217,7,GitHub Flow,chapters/07-version-control.qmd,411,bash,# 1. Create a branch,git branch -d add-password-reset,30,b4688289cc39c6407498f124bce4555c4a6171dd31c1cf02102601def25465a1,TERMINAL_SESSION
block-0218,7,Trunk-Based Development,chapters/07-version-control.qmd,468,(untyped),┌─────────────────────────────────────────────────────────────────────────┐,└─────────────────────────────────────────────────────────────────────────┘,21,7b993c939abadeb62609aed9e87fe1a71092bc6d00f1d7f7a822c8d6a449f06f,ASCII_DIAGRAM
block-0219,7,Trunk-Based Development,chapters/07-version-control.qmd,500,python,# Feature flag example,return render_old_checkout(cart),5,0e1d50159d52e76f5a51d86979351464186d96e59ba448c1774a72c8bc2c9f28,PROGRAM_CODE
block-0220,7,Trunk-Based Development,chapters/07-version-control.qmd,517,bash,# Option 1: Direct to main (with pair programming/mob programming),git branch -d small-fix,21,36f1eb2d877beeaed495b1be79b800d182b42fcb683d9c4c0d7b1192082799e4,TERMINAL_SESSION
block-0221,7,Anatomy of a Good Pull Request,chapters/07-version-control.qmd,609,(untyped),┌─────────────────────────────────────────────────────────────────────────┐,└─────────────────────────────────────────────────────────────────────────┘,55,24652aa21ee8827dd01cd80e127d412c4fc4d12f1c682b506a3efcc2257493c3,ASCII_DIAGRAM
block-0222,7,Writing Effective PR Descriptions,chapters/07-version-control.qmd,677,markdown,## Summary,Any known issues or trade-offs?,30,a67740f2966216453a5790625c878cafa5dabafbeb344d91ae158bafd61515d3,PLAIN_VERBATIM
block-0223,7,Pull Request Best Practices,chapters/07-version-control.qmd,720,(untyped),PR Size Guidelines:,- Dependency updates,11,1c7c147eede9b3bc3cfffbccfb0d947c096fcf27f998a8ba4f39d08d162d396c,TERMINAL_SESSION
block-0224,7,Pull Request Best Practices,chapters/07-version-control.qmd,736,(untyped),Instead of one giant PR:,Each PR is reviewable and independently mergeable.,11,0616ffd4d5cc8da86dd192eb180249442c93665cf94750ae815fbdf3c51c35d9,PLAIN_VERBATIM
block-0225,7,Draft Pull Requests,chapters/07-version-control.qmd,776,(untyped),┌─────────────────────────────────────────────────────────────────────────┐,└─────────────────────────────────────────────────────────────────────────┘,20,6aa4207af0aca7692fcf44d0028d143ef70118d89919a61fb6329043d82cfb2f,ASCII_DIAGRAM
block-0226,7,Review Checklist,chapters/07-version-control.qmd,892,(untyped),CODE REVIEW CHECKLIST,☐ README updated if needed,42,d8ddae3142dcb621c6a1877f16a65f957f411bdc41dfeb7704c0c71d1162dbf4,ASCII_DIAGRAM
block-0227,7,Giving Feedback,chapters/07-version-control.qmd,941,(untyped),"❌ ""This code is confusing.""","like calculateDiscount(order).""",5,dfc5426d3070e673abf081cab6aa36d7f233eb30c80efdd0e52c0e809e08e10d,PLAIN_VERBATIM
block-0228,7,Giving Feedback,chapters/07-version-control.qmd,951,(untyped),"❌ ""Use const instead of let here.""","Using const signals intent and prevents accidental reassignment.""",4,5e7c39a05493c894abf2ad7704985d19795e984df8899cea52712d5154a20539,PLAIN_VERBATIM
block-0229,7,Giving Feedback,chapters/07-version-control.qmd,960,(untyped),"❌ ""This is wrong.""","the average calculation divide by zero?""",5,e402ddcbfa2f1baf580175cc64551d04495c1b8d49cb25562dfd7524ae08dbb9,PLAIN_VERBATIM
block-0230,7,Giving Feedback,chapters/07-version-control.qmd,970,(untyped),"❌ ""This could be better.""","This is more concise and expresses intent more clearly.""",7,9929742cfa1a670bbae1cf120daf3d3ebb53d8aa5714e8a7fe4142589c188262,PLAIN_VERBATIM
block-0231,7,Giving Feedback,chapters/07-version-control.qmd,984,(untyped),[blocking] - Must be fixed before merge,[praise] - Positive feedback!,5,5fc408aa6fc572c35b2f7e5f2467746d92c0ac30bf62951bcde9acf00e2dda67,PLAIN_VERBATIM
block-0232,7,Giving Feedback,chapters/07-version-control.qmd,994,(untyped),[blocking] This SQL query is vulnerable to injection. Please use,thorough.,13,5a549a1f39bcc28d9663a4065c1e777aaeed9a7a26de894bf03aefc610811118,PLAIN_VERBATIM
block-0233,7,Receiving Feedback,chapters/07-version-control.qmd,1032,(untyped),"Reviewer: ""This function is doing too much. Consider splitting it.""","❌ ""I don't have time to refactor this.""",15,fe273705bc723af3b0e490859f409afefaa4db012a0de7d8343f63f2ac3da4a4,PLAIN_VERBATIM
block-0234,7,Automated Checks,chapters/07-version-control.qmd,1091,yaml,# .github/workflows/ci.yml,run: npm run coverage,17,f233ad0b50aae6e7edd27de2a771915cf434ffb9526004c682fddb7c4a751cf9,CONFIGURATION
block-0235,7,Why Conflicts Happen,chapters/07-version-control.qmd,1119,(untyped),Scenario: Two developers modify the same file,CONFLICT! Git doesn't know which change to keep.,25,96bcf40ac0a2c03e3f1ead309b7362b93c965949e75c17393ae7c947e0bb8c84,ASCII_DIAGRAM
block-0236,7,Anatomy of a Conflict,chapters/07-version-control.qmd,1151,javascript,function greet(name) {,},7,8946d04f2c333d6204c499eeda009c1ef6b0065ce6393a929cc2e56d60644dcf,PROGRAM_CODE
block-0237,7,Resolving Conflicts,chapters/07-version-control.qmd,1171,bash,git status,#       both modified:   src/greet.js,10,3a827945e2ae45f324dd3ebe78e28ce214d6a4743e051400915645121b7fdc0c,TERMINAL_SESSION
block-0238,7,Resolving Conflicts,chapters/07-version-control.qmd,1188,javascript,// Before (conflicted):,},13,8c8d28934631bb5fb28110bc0e6959fcba9c149a3724cd18e8a09bb78a9043e7,PROGRAM_CODE
block-0239,7,Resolving Conflicts,chapters/07-version-control.qmd,1206,bash,# Stage the resolved file,"git commit -m ""Merge feature/bobs-greeting, combine greeting changes""",5,389fdce448a1205bde9d45b3b7ab02d6975f0c4059e29ac32c7c48821e898dd8,TERMINAL_SESSION
block-0240,7,Conflict Resolution Strategies,chapters/07-version-control.qmd,1218,bash,git checkout --ours src/greet.js,git add src/greet.js,2,65e2cdce44c4e3d8e546fb033153152bf574ac4e24a0cf468c40ef40c2adeb4c,TERMINAL_COMMAND
block-0241,7,Conflict Resolution Strategies,chapters/07-version-control.qmd,1225,bash,git checkout --theirs src/greet.js,git add src/greet.js,2,3ae1344f2d9c91b1c28bf90299dfd1e3352e1fcedde1e410214f41cc70813ed3,TERMINAL_COMMAND
block-0242,7,Conflict Resolution Strategies,chapters/07-version-control.qmd,1234,bash,git mergetool,git mergetool,1,83d43c32f0459cf55fe341150f910e6be9d9e85e04ef3c38a277bdb46216072c,TERMINAL_COMMAND
block-0243,7,Preventing Conflicts,chapters/07-version-control.qmd,1246,bash,# Before starting work each day:,git merge main  # Or: git rebase main,5,3709d4627d99dfc5cace8857e9d2ae1ec4d6afba4af289494d2b89233e504ffd,TERMINAL_SESSION
block-0244,7,Conflict Resolution Example,chapters/07-version-control.qmd,1268,bash,# Your branch has been open for a few days,# Automatic merge failed; fix conflicts and then commit the result.,14,e59c4b83fa701f721755bce7ea8269ee43f978165a3e67955bfe12e97fc5f7a8,TERMINAL_SESSION
block-0245,7,Conflict Resolution Example,chapters/07-version-control.qmd,1287,jsx,// src/components/Header.jsx,},25,210a472054e712cd55316522d0631b7aec1fa2b2e21ad2a832982fb03846806d,PROGRAM_CODE
block-0246,7,Conflict Resolution Example,chapters/07-version-control.qmd,1322,jsx,// src/components/Header.jsx,},17,1371a654337156fdf18756fa54f53c2ab90f3537dd59cba830533e407ca25857,PROGRAM_CODE
block-0247,7,Conflict Resolution Example,chapters/07-version-control.qmd,1344,bash,git add src/components/Header.jsx,git push,8,9613d5381f3cadf2b2d438250b874049bba187f3c126daba7fba67a82d7b31ce,TERMINAL_COMMAND
block-0248,7,Handling Complex Conflicts,chapters/07-version-control.qmd,1363,bash,# See what main changed,git diff main...feature/user-profile -- src/components/Header.jsx,5,beb1b724c23f6e508dd86f524208b8e593b5912f4bab46ddfa0b6fc2bfa8973d,TERMINAL_SESSION
block-0249,7,Handling Complex Conflicts,chapters/07-version-control.qmd,1373,bash,git add .,"git commit -m ""Merge origin/main, resolve Header.jsx conflict""",3,dc30b559ced41cb2cd40024c1a96038569cded71e31e7ba53f85674fd81871a1,TERMINAL_COMMAND
block-0250,7,Branch Naming Conventions,chapters/07-version-control.qmd,1393,(untyped),TYPE/DESCRIPTION,chore/update-dependencies,23,cbc8dc1558bc340a35cb539eb2af35f598a22a697b9e72d6cb794ebc75251aed,PLAIN_VERBATIM
block-0251,7,Branch Naming Conventions,chapters/07-version-control.qmd,1421,(untyped),feature/123-user-authentication,bugfix/456-login-timeout,2,62855d9d6a08de8aad25d38595cccea41984c8fc3613d88ce48d64411fd8f115,PLAIN_VERBATIM
block-0252,7,Commit Message Conventions,chapters/07-version-control.qmd,1449,(untyped),<type>(<scope>): <subject>,<footer>,5,b2a2420e6f736fa8245933ef4c265eca86ab7f42f9ebf5c9b2e193d9e5a5bd86,PLAIN_VERBATIM
block-0253,7,Commit Message Conventions,chapters/07-version-control.qmd,1469,(untyped),feat(auth): Add password reset functionality,Closes #234,12,35f87d6b42e56f8a7b462c659a3bc3b067f87df0688ffbe9d2ab6d84a468a473,PLAIN_VERBATIM
block-0254,7,Commit Message Conventions,chapters/07-version-control.qmd,1484,(untyped),fix(cart): Prevent negative quantities in shopping cart,Fixes #567,7,928802b1446f73c973cfccc619bf64318ce709163e8051c4b0e4f7ed83e22b49,PLAIN_VERBATIM
block-0255,7,Commit Message Conventions,chapters/07-version-control.qmd,1494,(untyped),docs: Update API documentation for v2 endpoints,- Add authentication section with JWT examples,5,ea42a4e54f9abd3a61e8dee6da8dbcbc7463843ee782e8ac8dbcc211c2189f40,PLAIN_VERBATIM
block-0256,7,Commit Message Conventions,chapters/07-version-control.qmd,1504,(untyped),fix: Correct typo in error message,chore: Update dependencies,3,4f479a83843215e798d970bcf8383027836e7fd824a5f029b463cf930e0ab89a,PLAIN_VERBATIM
block-0257,7,Essential Repository Files,chapters/07-version-control.qmd,1516,markdown,# Project Name,npm run setup,26,1f188728947aca9d1efd1ba23716b4fcacb5c42840b3360b086233fb69021b63,PLAIN_VERBATIM
block-0258,7,Running the Application,chapters/07-version-control.qmd,1547,bash,npm run dev      # Development mode,npm start        # Start production server,3,d23176e5a23dab05fab678a28687163a71410fbfcbcf96d4b46edec560950f6c,TERMINAL_COMMAND
block-0259,7,License,chapters/07-version-control.qmd,1567,(untyped),**CONTRIBUTING.md:**,Please be respectful and inclusive. See CODE_OF_CONDUCT.md.,44,d735bbe9a9847ae6bd3b09083f16e15f56d0ec12f11e28e526d7f547c9fdc945,PLAIN_VERBATIM
block-0260,7,License,chapters/07-version-control.qmd,1624,gitignore,# Dependencies,temp/,35,5466c620a7c6695f4a4db7b4478087a5f04d25ee23cb28e06f2b74e90ce0b12a,PROGRAM_OUTPUT
block-0261,7,License,chapters/07-version-control.qmd,1664,markdown,# Changelog,- Initial release,33,6a07050f1e1e6482189142693c01f32266a1de68c09aaf1199056df11dbc4919,PLAIN_VERBATIM
block-0262,7,Branch Protection,chapters/07-version-control.qmd,1706,(untyped),┌─────────────────────────────────────────────────────────────────────────┐,└─────────────────────────────────────────────────────────────────────────┘,28,6086669c8c4eecebf43e34dd7f7e55ea6ca6ca84028885ebe30e08bccf1ba0fd,ASCII_DIAGRAM
block-0263,7,Branch Protection,chapters/07-version-control.qmd,1741,(untyped),# .github/CODEOWNERS,/src/crypto/ @security-team,19,d13b896cd2e9d9e7cf729c672645e65357d016ae926bfa2130c614837f995b4d,PLAIN_VERBATIM
block-0264,7,Cleaning Up Branches,chapters/07-version-control.qmd,1769,bash,# Delete a merged branch,git branch --merged main | grep -v main | xargs git branch -d,5,93e24747db55ee5474f51190e115f605b28b47fb6d4125649cfc0d00acfb3494,TERMINAL_SESSION
block-0265,7,Cleaning Up Branches,chapters/07-version-control.qmd,1779,bash,# Delete a remote branch,git fetch --prune,5,ca118680d8a7023aab6ba1297151fa17a0b3c269dea01d787220b50b7ba38d85,TERMINAL_SESSION
block-0266,7,Git Hooks,chapters/07-version-control.qmd,1797,(untyped),pre-commit     → Before commit is created,post-merge     → After merge completes,4,87e62640c899c32cf4980c306718e2073086372daa92d61c0418f9120fadccde,PLAIN_VERBATIM
block-0267,7,Git Hooks,chapters/07-version-control.qmd,1806,bash,#!/bin/sh,exit 0,20,33a217cafb95fe2d276ceaa1ae335013eed553938c7a92789da8249116a9f068,TERMINAL_SESSION
block-0268,7,Git Hooks,chapters/07-version-control.qmd,1833,bash,# Install Husky,"npx husky add .husky/pre-push ""npm test""",12,2d8a378331125ae68c67f029359fee52dfbd7c8da9417bb30f7a30281945eefa,TERMINAL_SESSION
block-0269,7,Git Hooks,chapters/07-version-control.qmd,1850,bash,#!/usr/bin/env sh,npm run lint-staged,4,9de6f259c346399649f66f224ab9d5c1749057fabd8e348f06e01b278c6ec2d0,TERMINAL_COMMAND
block-0270,7,Git Hooks,chapters/07-version-control.qmd,1859,json,// package.json,},12,7ca0c12749a8f577e9d5d174bff8ece80169ab100676747b22752f5e7ada99ed,DATA
block-0271,7,Interactive Rebase,chapters/07-version-control.qmd,1882,bash,# Rebase last 4 commits interactively,git rebase -i HEAD~4,2,7a462588c097258dc9a63fcdec5adbf0cf85954c70137aa95d9ec291620e138e,TERMINAL_SESSION
block-0272,7,Interactive Rebase,chapters/07-version-control.qmd,1889,(untyped),pick abc1234 Add user model,"# d, drop = remove commit",12,52d287bbfc85f81a90ead7c90d36376743284ac5ac10956156f9105ab9bd8a0e,PLAIN_VERBATIM
block-0273,7,Interactive Rebase,chapters/07-version-control.qmd,1908,(untyped),pick abc1234 Add user model,pick jkl3456 Add user controller,4,58ac9a72a0cbfee6380ea90406cfb93c0fa3ffa465acfac288c907ecf833ac92,PLAIN_VERBATIM
block-0274,7,Interactive Rebase,chapters/07-version-control.qmd,1917,(untyped),reword abc1234 Add user model            # Will prompt for new message,pick def5678 Add user service,2,bcf811b233a0702d36c78d960906637955f8ceddd8b5e0ea76257d202f410d25,PLAIN_VERBATIM
block-0275,7,Interactive Rebase,chapters/07-version-control.qmd,1924,(untyped),pick def5678 Add user service            # Moved up,pick jkl3456 Add user controller,3,48ff6d60d3721c1f083e67ddc117b232ccc92d7369708edcb2f91d2d79ce6927,PLAIN_VERBATIM
block-0276,7,Interactive Rebase,chapters/07-version-control.qmd,1932,(untyped),pick abc1234 Add user model,pick jkl3456 Add user controller,3,6f77364982abab027c2d4775df87003d51fa2283bb9a899eb7c632492f99626f,PLAIN_VERBATIM
block-0277,7,Cherry-Pick,chapters/07-version-control.qmd,1942,bash,# Apply a specific commit to current branch,git cherry-pick --no-commit abc1234,8,952ac197272aecf1978b024fdf74399b5319e85ebf2a2b0e6ddd7d5c898fdbce,TERMINAL_SESSION
block-0278,7,Stashing,chapters/07-version-control.qmd,1963,bash,# Stash current changes,git stash clear,23,b77029f98e13a052bf179465decae97a8e0501abd7836e2dca254cd04b0f5082,TERMINAL_SESSION
block-0279,7,Stashing,chapters/07-version-control.qmd,1991,bash,# You're working on feature-a but need to fix a bug,git stash pop  # Restore your work,14,765710ed746d36c7d59106ed4bf584152e870001b57b99436a81b5e20fc7657a,TERMINAL_SESSION
block-0280,7,Bisect,chapters/07-version-control.qmd,2012,bash,# Start bisect,git bisect reset,19,f474255d2271b76cefee83f863dc1b02be5d6e221e6c759294f5bcbd04444157,TERMINAL_SESSION
block-0281,7,Bisect,chapters/07-version-control.qmd,2036,bash,# Run a script to test each commit automatically,git bisect run npm test,3,f4b2fde6a35f445d89bfe8c91595d3af8f2697e2f092292194a0133de646ecc1,TERMINAL_SESSION
block-0282,7,Reflog,chapters/07-version-control.qmd,2046,bash,# View reflog,"# mno7890 HEAD@{4}: commit: This commit was ""lost""",9,a87469862f460828ba0fd84a8704c6ee5a88cd911397e284b0ec54061d6e8a64,TERMINAL_SESSION
block-0283,7,Reflog,chapters/07-version-control.qmd,2060,bash,"# Oops, I hard reset and lost a commit!",git cherry-pick mno7890,11,51d05991aad8c770fa25817fddfc238c89ad3b5ff45652f3991eb5dbb7a0a560,TERMINAL_SESSION
block-0284,7,Project Setup,chapters/07-version-control.qmd,2082,bash,# 1. Clone the repository,#    - Require status checks to pass,12,2cf23cf5cc8105f2dd3d60437db14d799a48e83a1359f08b84438fb1785b9f74,TERMINAL_SESSION
block-0285,7,Daily Workflow,chapters/07-version-control.qmd,2099,bash,# Morning: Start fresh,git push,22,9252823588bb1818d240323d859d60a4d7f3de4e7837031b1151899b0d872f9a,TERMINAL_SESSION
block-0286,7,Pull Request Process,chapters/07-version-control.qmd,2126,markdown,## Summary,- [x] Documentation updated,22,e4e6f0ea80514221a91276a8e90dae2a3132d3836242f08f0802ce41fb3aaba5,PLAIN_VERBATIM
block-0287,7,Branch Cleanup,chapters/07-version-control.qmd,2172,bash,"# After PR is merged, clean up",git fetch --prune,7,d1cca084ef4c638e1999e4f34a961d90b3845527ba7999bdb37e6485da9fa0e7,TERMINAL_SESSION
block-0288,7,Exercise 7.6: Repository Setup,chapters/07-version-control.qmd,2331,(untyped),-   README.md (complete with setup instructions),-   CHANGELOG.md (start tracking changes),4,4af8f652b52fdc99e4f4bafc452fa83f2c8830ff61be3905d86ad910f832726b,PLAIN_VERBATIM
block-0289,7,Exercise 7.6: Repository Setup,chapters/07-version-control.qmd,2338,(untyped),-   Require PR before merging to main,-   Require status checks (if CI configured),3,b830fc5d637486e921dff0817ab2401c1fa1351c82728c2eef269666fe386914,PLAIN_VERBATIM
block-0290,8,Testing vs. Quality Assurance,chapters/08-testing-quality.qmd,58,(untyped),┌─────────────────────────────────────────────────────────────────────────┐,└─────────────────────────────────────────────────────────────────────────┘,14,fb5bb82d0cd21bb52a52d1fdc50fe996dd5984c501982d2a344eba471a6f67ac,ASCII_DIAGRAM
block-0291,8,Unit Testing,chapters/08-testing-quality.qmd,99,(untyped),┌─────────────────────────────────────────────────────────────────────────┐,└─────────────────────────────────────────────────────────────────────────┘,13,a7ea04f39b6b2aa7a1e3e9f9969e9c2d6b65b81ec62e7d703b92bc1aafd56626,ASCII_DIAGRAM
block-0292,8,Unit Testing,chapters/08-testing-quality.qmd,117,javascript,// calculator.js,"module.exports = { add, divide };",16,92c35c56d7d04e11c006b3818331c0f0671cb49355acada801df54127373b23e,PROGRAM_CODE
block-0293,8,Unit Testing,chapters/08-testing-quality.qmd,136,javascript,// calculator.test.js,});,36,1cca091f65847a12ce0e51a21404ebf033eff1fa09a1c8227992559b22ed3fc4,PROGRAM_CODE
block-0294,8,Unit Testing,chapters/08-testing-quality.qmd,177,python,# calculator.py,return a / b,10,7388ac1b6333fd5711dcbcb53fb571c0948bcb363ad3ff89ac976f14326448bd,PROGRAM_CODE
block-0295,8,Unit Testing,chapters/08-testing-quality.qmd,190,python,# test_calculator.py,"divide(10, 0)",28,66062bbbc4432cedc730ceb601494f659c2c3f9d8922c56fbbbba07ded105d22,PROGRAM_CODE
block-0296,8,Integration Testing,chapters/08-testing-quality.qmd,227,(untyped),┌─────────────────────────────────────────────────────────────────────────┐,└─────────────────────────────────────────────────────────────────────────┘,25,d8846b2f1c4ec48d52080d3f3e03cb753136dad7355c03633eb6ea841ff85a08,ASCII_DIAGRAM
block-0297,8,Integration Testing,chapters/08-testing-quality.qmd,265,javascript,// user.integration.test.js,});,98,8147e2959926f3844e4e3805587840e3404e83312c1454632810a1d310c36734,PROGRAM_CODE
block-0298,8,System Testing,chapters/08-testing-quality.qmd,383,(untyped),TEST CASE: TC-SYS-001,All expected results are achieved,38,90699c4fa4702ac57bfa77cfd4bbe8f423c5f835ee2eaa30034a4a58f30d2285,ASCII_DIAGRAM
block-0299,8,Acceptance Testing,chapters/08-testing-quality.qmd,457,gherkin,Feature: User Registration,And I should remain on the registration page,32,f8d8ed8825c8e7e8f74f745c75688074f9069a89a004b92af475884079c10dab,PROGRAM_CODE
block-0300,8,End-to-End (E2E) Testing,chapters/08-testing-quality.qmd,507,javascript,// cypress/e2e/checkout.cy.js,});,98,b53cd4035e9f5f788fb66b3d68ad00d4ef479219311963648fc2bedfa23a1e19,PROGRAM_CODE
block-0301,8,End-to-End (E2E) Testing,chapters/08-testing-quality.qmd,610,javascript,// tests/checkout.spec.js,});,39,7c1fc71ac904e6cbdc4e3329768fccd2275dbeb34f4761fd6b9252734f198106,PROGRAM_CODE
block-0302,8,TDD Example: Building a Shopping Cart,chapters/08-testing-quality.qmd,675,javascript,// cart.test.js,});,9,baa899f7c58dfd5824924d874c9e9d19cd35e7da6d27994a1e2b6e41ba25d7d8,PROGRAM_CODE
block-0303,8,TDD Example: Building a Shopping Cart,chapters/08-testing-quality.qmd,691,javascript,// cart.js,module.exports = Cart;,8,be712da0251dc8e82bf9c56e9d7a71e6c6bb9915f1931830981b227edae5df0d,PROGRAM_CODE
block-0304,8,TDD Example: Building a Shopping Cart,chapters/08-testing-quality.qmd,710,javascript,"test('cart is not empty after adding item', () => {",});,5,4b22ce2a7c71e04b13f75b32978361bb7ad434bb93c5a3a5ae569f586619c91c,PROGRAM_CODE
block-0305,8,TDD Example: Building a Shopping Cart,chapters/08-testing-quality.qmd,722,javascript,class Cart {,},13,8967f8c4fbf54cc75f2947c013531d15429d1ce730784a1ffc9dab177caf595c,PROGRAM_CODE
block-0306,8,TDD Example: Building a Shopping Cart,chapters/08-testing-quality.qmd,742,javascript,"test('returns correct item count', () => {",});,6,e2de0c061cd6286eca3136a3ea22d34f4123c3075c4e31ceccc6890b2e77e052,PROGRAM_CODE
block-0307,8,TDD Example: Building a Shopping Cart,chapters/08-testing-quality.qmd,753,javascript,itemCount() {,},3,0be1b0fe160e72d0dc8a0659dc0c3ad60688b79e371bd50b746e5be01b0bccf3,PROGRAM_CODE
block-0308,8,TDD Example: Building a Shopping Cart,chapters/08-testing-quality.qmd,761,javascript,"test('calculates total price', () => {",});,6,59f98a5c3cf79763f2fec993dcfbeded61ecd8ccc6acae79d6ed52f33795b06c,PROGRAM_CODE
block-0309,8,TDD Example: Building a Shopping Cart,chapters/08-testing-quality.qmd,772,javascript,total() {,},3,78eb0f1ca0acf4e2bb1d179c996b881d7398e75e85203b86e2a55074a7e22669,PROGRAM_CODE
block-0310,8,TDD Example: Building a Shopping Cart,chapters/08-testing-quality.qmd,780,javascript,"test('handles quantity for same item', () => {",});,6,0eb23ca4882a2cb9f9f4970df16cac5c3e6cb69b548d82ed2223375d910cda3b,PROGRAM_CODE
block-0311,8,TDD Example: Building a Shopping Cart,chapters/08-testing-quality.qmd,791,javascript,"addItem(item, quantity = 1) {",},5,ba84cd21f8163cb7dcddbb6a3f222afbb05cddfcecc1bf28c9482429b6be61d4,PROGRAM_CODE
block-0312,8,TDD Example: Building a Shopping Cart,chapters/08-testing-quality.qmd,801,javascript,class Cart {,},34,42b3ee40c19fedf09cf677feb5d8059c4a9a3cd3ce352328e3daff95ba450884,PROGRAM_CODE
block-0313,8,TDD Example: Building a Shopping Cart,chapters/08-testing-quality.qmd,842,javascript,"test('removes item from cart', () => {",});,23,00760bc7f90dbf345322ccf278162a101406a9bcf81007a56fec15c4a76700f2,PROGRAM_CODE
block-0314,8,Test Structure: Arrange-Act-Assert,chapters/08-testing-quality.qmd,936,javascript,"test('calculates order total with tax', () => {",});,12,6a2f5ebc497da2ea7a20f90d9586d44f8a132c322320c7e300b7f5f280ae89dd,PROGRAM_CODE
block-0315,8,Test Structure: Arrange-Act-Assert,chapters/08-testing-quality.qmd,953,javascript,"test('Given an order with items, When calculating total with tax, Then includes tax amount', () => {",});,12,b3d3963bc3495f3eff785b89b8fcced5c6cae22365abe77f42abf779cf9858b6,PROGRAM_CODE
block-0316,8,Test Naming,chapters/08-testing-quality.qmd,974,javascript,"test('test1', () => { ... });","test('it works', () => { ... });",3,e51d3804c43bdb993ef482ad779b329ecb7f2bab6c01025fb77f8f389752d559,PROGRAM_CODE
block-0317,8,Test Naming,chapters/08-testing-quality.qmd,982,javascript,"test('calculateTotal returns sum of item prices', () => { ... });","test('calculateTotal throws error when cart is empty', () => { ... });",3,ceed38e33b0fd1a3b22dfeacbd88af1fd0aaca146853365e156f3f63dc1a6ca6,PROGRAM_CODE
block-0318,8,Test Naming,chapters/08-testing-quality.qmd,990,(untyped),[MethodUnderTest]_[Scenario]_[ExpectedResult],addItem_WhenItemExists_IncreasesQuantity,5,ddcba055c32b535ec556360707cb7207695d9f65cb3030de5a9e8b755aadd8ae,PLAIN_VERBATIM
block-0319,8,Test Naming,chapters/08-testing-quality.qmd,1000,javascript,"describe('Order', () => {",});,7,a7b5ceb892166a707b7c3de795287b3fe213cfe962079e0857b1ca1aa9b1ec98,PROGRAM_CODE
block-0320,8,One Assertion Per Test (Usually),chapters/08-testing-quality.qmd,1016,javascript,"test('order functionality', () => {",});,12,165c172ec69e76551e5a36b34cfdb5ec816393d0d415a4a8ff327573010827e5,PROGRAM_CODE
block-0321,8,One Assertion Per Test (Usually),chapters/08-testing-quality.qmd,1033,javascript,"test('new order is empty', () => {",});,29,9ece309ef2455d0c2792c5c7aa89fdfd50202215d2f46510e849bbef14b08af9,PROGRAM_CODE
block-0322,8,One Assertion Per Test (Usually),chapters/08-testing-quality.qmd,1067,javascript,"test('creates user with correct properties', () => {",});,8,75813d927d65f60e4bbde25a3280f072a29c2284912b76460ef2aac936c67db3,PROGRAM_CODE
block-0323,8,Test Data and Fixtures,chapters/08-testing-quality.qmd,1082,javascript,// Bad: Magic numbers and unclear data,});,14,f46394f0b91c00a37bdcb4d69cccda39afe640156ce548b6d1b24b4f4a99d7b9,PROGRAM_CODE
block-0324,8,Test Data and Fixtures,chapters/08-testing-quality.qmd,1101,javascript,// fixtures/users.js,"module.exports = { validUser, adminUser };",16,2a3f313aadd56b51030f83d373f5e0cfb895b29ad181122c994aa4c4cc3e106f,PROGRAM_CODE
block-0325,8,Test Data and Fixtures,chapters/08-testing-quality.qmd,1120,javascript,// user.test.js,});,10,21c91c7e238819773619800de5abd13b6dbdcf157fe27dd5087fc8497351ebb9,PROGRAM_CODE
block-0326,8,Test Data and Fixtures,chapters/08-testing-quality.qmd,1135,javascript,// factories/user.js,module.exports = { createUser };,15,9e83a007c7bc2f763b7945db2bb15020cdf622e33f1d2d775667fc81afc8e5c1,PROGRAM_CODE
block-0327,8,Test Data and Fixtures,chapters/08-testing-quality.qmd,1153,javascript,// user.test.js,});,12,16a00a1d7189320d886876f394d1471303b71b24f1bb5435c27934c48067e5f5,PROGRAM_CODE
block-0328,8,Testing Edge Cases,chapters/08-testing-quality.qmd,1172,javascript,"describe('divide', () => {",});,44,37c680fa345d8b7d09a3aad03c1519c486811613604725b954f08075813a80af,PROGRAM_CODE
block-0329,8,Testing Edge Cases,chapters/08-testing-quality.qmd,1221,javascript,"describe('validateAge', () => {",});,28,adf695a4cbfff93ad2794e804e9265a7d7a326fde31350d1e81801dd5c2bec91,PROGRAM_CODE
block-0330,8,Avoiding Test Smells,chapters/08-testing-quality.qmd,1258,javascript,// Bad: Logic in test,});,20,1335a57ffac286e61fecc5c99b97ed6301c7f86cbe75092d4fdd982097828365,PROGRAM_CODE
block-0331,8,Avoiding Test Smells,chapters/08-testing-quality.qmd,1283,javascript,// Bad: Testing internal implementation,});,18,9e56744338bccb74e38b2d3990142bfa30ccb1efe3768ae65654d59dfd8555dc,PROGRAM_CODE
block-0332,8,Avoiding Test Smells,chapters/08-testing-quality.qmd,1306,javascript,// Bad: Too much setup,});,19,88c6677fced3ba30e69b7c0f0b7d9c1e46aba5f54a1351ef3081bf89ecdcfbd8,PROGRAM_CODE
block-0333,8,Avoiding Test Smells,chapters/08-testing-quality.qmd,1332,javascript,// Bad: Flaky due to timing,});,14,7334536fc0fe1b26ccef714310721a3e1ab6b31a9f5452cf50331267b5603c4c,PROGRAM_CODE
block-0334,8,Types of Test Doubles,chapters/08-testing-quality.qmd,1357,(untyped),┌─────────────────────────────────────────────────────────────────────────┐,└─────────────────────────────────────────────────────────────────────────┘,30,b28302226cf4b7df36084b4b2c87ac1c7c1b4bc8f62ec5fd3862e4319b3679c3,ASCII_DIAGRAM
block-0335,8,Mocking in Practice,chapters/08-testing-quality.qmd,1394,javascript,// emailService.js,module.exports = { sendEmail };,7,e0866e679207aaabe1f7a852867eebb2334d9301ff37d9f03652e29691b24e85,PROGRAM_CODE
block-0336,8,Mocking in Practice,chapters/08-testing-quality.qmd,1404,javascript,// userService.js,module.exports = { registerUser };,14,595d157aac46c3cb147a7c6d7ffa79f6331d8572899203d430c6300f91b7bb2e,PROGRAM_CODE
block-0337,8,Mocking in Practice,chapters/08-testing-quality.qmd,1421,javascript,// userService.test.js,});,56,1081bd2a1447ea27fd41958ab7a35cd7c197126228a2807168dc959484f7c40c,PROGRAM_CODE
block-0338,8,Mocking in Practice,chapters/08-testing-quality.qmd,1482,python,# user_service.py,return user,12,17cef80718783c146cf737cc891370ecf5394fb29c4fd2fc97b1e4208659d389,PROGRAM_CODE
block-0339,8,Mocking in Practice,chapters/08-testing-quality.qmd,1497,python,# test_user_service.py,mock_send_email.assert_not_called(),39,fea521d6318dc0f470e407594b0806303dd025c4c56e2c79bbb1bc87688bbd04,PROGRAM_CODE
block-0340,8,Mocking External APIs,chapters/08-testing-quality.qmd,1541,javascript,// weatherService.js,module.exports = { getWeather };,15,5a4e60039333bb9aaadd865c67e3ee7373cdc8b15d0f5c9a8aeddbaad487fa9c,PROGRAM_CODE
block-0341,8,Mocking External APIs,chapters/08-testing-quality.qmd,1559,javascript,// weatherService.test.js,});,39,1386475bcd6d226553691a61045ee8b6f992687d4617129fef6c20772680fc8b,PROGRAM_CODE
block-0342,8,When to Mock,chapters/08-testing-quality.qmd,1620,(untyped),Over-Mocking                      Under-Mocking,• False confidence                • Hard to isolate failures,6,84c355ecf053b0102a4449ded1c7ace5f9828c6dc5af17eeb61d6ba76c070a05,ASCII_DIAGRAM
block-0343,8,Dependency Injection for Testability,chapters/08-testing-quality.qmd,1633,javascript,// Without DI - Hard to test,"const orderService = new OrderService(mockDatabase, mockEmailService);",28,de38f75df8c7b251abae90f5a2d230c016e3af528a6ee167db173458684268cd,PROGRAM_CODE
block-0344,8,Types of Coverage,chapters/08-testing-quality.qmd,1672,(untyped),┌─────────────────────────────────────────────────────────────────────────┐,└─────────────────────────────────────────────────────────────────────────┘,31,8b0e942121dc94c3d035d42a2c0fbe8b21f51953123c1cc0708659e1432ad888,ASCII_DIAGRAM
block-0345,8,Types of Coverage,chapters/08-testing-quality.qmd,1708,javascript,"function calculateDiscount(price, customerType, quantity) {",},15,01c17003f14137b14485754c144c24b05d02d784c77bf078e2eb1c370025ed6e,PROGRAM_CODE
block-0346,8,Types of Coverage,chapters/08-testing-quality.qmd,1728,javascript,"test('calculates discount for premium customer', () => {",});,3,57cf7a3f25dccd4309afbe5816c2b1bdca49ca3951bbe55ddc82c4412eda4566,PROGRAM_CODE
block-0347,8,Types of Coverage,chapters/08-testing-quality.qmd,1742,javascript,"describe('calculateDiscount', () => {",});,21,705e6aea93b83078c231074e9e27861e24125208c9aa699e383e29d6f197176a,PROGRAM_CODE
block-0348,8,Running Coverage Reports,chapters/08-testing-quality.qmd,1770,bash,# Run tests with coverage,------------------------|---------|----------|---------|---------|,11,90f91c5a4267303df30034a4d126c7c7cd87a2889e665bc71febd53e68f99823,TERMINAL_SESSION
block-0349,8,Running Coverage Reports,chapters/08-testing-quality.qmd,1786,bash,# Install coverage plugin,open htmlcov/index.html,8,667f011b388a99d731ae4b45552249d2daeec5ee2aa6d5a282d41009b9dd62a3,TERMINAL_SESSION
block-0350,8,Coverage Guidelines,chapters/08-testing-quality.qmd,1801,(untyped),Coverage Level   Quality Assessment,100%             Suspicious - may be testing too much,8,dd8b63aef792e76de68f33e88145a26f251fdc54ec8c99ea4a5b52e57bdf2f3b,ASCII_DIAGRAM
block-0351,8,Coverage Anti-Patterns,chapters/08-testing-quality.qmd,1829,javascript,// Terrible test just to hit coverage,});,5,8cbf33f582f34ec5551a347e3094b083c63af9e83eec11fd4bf105a9ce452226,PROGRAM_CODE
block-0352,8,Coverage Anti-Patterns,chapters/08-testing-quality.qmd,1841,javascript,// Not worth testing,});,16,2e5e17fc77791e395b85a5905fb6370ffaedf1edf0d135d65cbcd953c510bde7,PROGRAM_CODE
block-0353,8,Coverage Anti-Patterns,chapters/08-testing-quality.qmd,1862,javascript,/* istanbul ignore next */  // Don't do this to avoid testing,},4,c1270593ad166a907f0900866db6cda543976d8a41a0c3dee8f443ec89b6fd12,PROGRAM_CODE
block-0354,8,Test Plan,chapters/08-testing-quality.qmd,1903,(untyped),TEST PLAN: TaskFlow v1.0,• Coverage reports,95,f63499e62ef779691341c0de5b28afb5a5568528d04ff2f2cf1794d8e4526364,ASCII_DIAGRAM
block-0355,8,Test Cases,chapters/08-testing-quality.qmd,2007,(untyped),TEST CASE: TC-AUTH-001,[Any observations during testing],41,fcdf1e75c439a7095b8cceda8c53b0de809f22a4be9e04b63d74e01e4918a3b6,ASCII_DIAGRAM
block-0356,8,Test Cases,chapters/08-testing-quality.qmd,2053,(untyped),┌────────────────────────────────────────────────────────────────────────┐,└─────────┴─────────────────────────────────────┴──────────┴─────────────┘,19,27130ca1aa95ba36d0ae3d35b94d05e8c5dd9a766891e3bd37b1fb1bfbcfe24f,ASCII_DIAGRAM
block-0357,8,Bug Reports,chapters/08-testing-quality.qmd,2079,(untyped),BUG REPORT: BUG-042,Date Found: 2024-12-06,41,450e8d6a6ab7af4d40de4f32c6dd338540d33d5e0a08edeccc5b4f485b9f89f0,ASCII_DIAGRAM
block-0358,8,Test Summary Report,chapters/08-testing-quality.qmd,2127,(untyped),TEST SUMMARY REPORT: TaskFlow v1.0 Release,"Date: December 8, 2024",63,94c1eba15c23614fe54c542654ba8a3b7090212b296f91010f39cf54ba49fd79,ASCII_DIAGRAM
block-0359,8,CI Testing Pipeline,chapters/08-testing-quality.qmd,2201,(untyped),┌─────────────────────────────────────────────────────────────────────────┐,└─────────────────────────────────────────────────────────────────────────┘,38,fb5425477dd7b0b1d6f88a14293207a835edc8724d790a88c869563c505900cd,ASCII_DIAGRAM
block-0360,8,GitHub Actions Configuration,chapters/08-testing-quality.qmd,2244,yaml,# .github/workflows/ci.yml,fi,100,7dd3fb9c230f9b502ba9f02ce4b37b651c9339d73f94a2acf8bb9954e3943752,CONFIGURATION
block-0361,8,Test Parallelization,chapters/08-testing-quality.qmd,2351,yaml,# Parallel test jobs,- run: npm test -- --shard=${{ matrix.shard }}/4,11,cf113f64eeea1502474b2d9e9aca719eb149a64c2ccfac2f4a49127fdd9a773e,CONFIGURATION
block-0362,8,Test Parallelization,chapters/08-testing-quality.qmd,2365,yaml,# Parallel E2E with Cypress,CYPRESS_RECORD_KEY: ${{ secrets.CYPRESS_RECORD_KEY }},17,f5d0e4bb61436a0519de2436c34b84ba438202f8e2dac6a0fb5842632e9dd664,CONFIGURATION
block-0363,8,Test Reporting,chapters/08-testing-quality.qmd,2389,javascript,// jest.config.js,};,10,4f06ae44c9cddae9d3871436ecb12ba0ac9e0f27c7dfddf63691fbd71d87c4b6,PROGRAM_CODE
block-0364,8,Test Reporting,chapters/08-testing-quality.qmd,2404,yaml,- name: Publish Test Results,files: reports/junit.xml,5,f17904ebaf4354f369bcda8ddd06d652915abc1d29dafd1f38c9023937e15fb6,CONFIGURATION
block-0365,8,Performance Testing,chapters/08-testing-quality.qmd,2431,javascript,// load-test.js,},44,00c29f57576bb0c4dbed5438da6a4f485a9676720c3b2b9d485f1094abc25c65,PROGRAM_CODE
block-0366,8,Security Testing,chapters/08-testing-quality.qmd,2495,javascript,"describe('Security Tests', () => {",});,81,af6465d288ff1693e59057bb882ffb55cbca466fe1c7d8a5f5a61c7597ccbecb,PROGRAM_CODE
block-0367,8,Exercise 8.1: Unit Testing with TDD,chapters/08-testing-quality.qmd,2665,(untyped),-   Takes a string of comma-separated numbers,-   Throws error for negative numbers,6,14749e175b79883f6a450394a54f5127911795d354d2b5b7b29233e159ded2bd,PLAIN_VERBATIM
block-0368,9,The Old Way: Manual Releases,chapters/09-cicd.qmd,27,(untyped),Traditional Release Process (weeks to months),└── Begin next development cycle,41,007329294b9cd00db9e0b88c18167059d48c851539e43ec8dacefa4409776f60,ASCII_DIAGRAM
block-0369,9,The CI/CD Revolution,chapters/09-cicd.qmd,84,(untyped),Modern CI/CD Process (minutes to hours),Monitoring and alerting,24,91e41e355a1d4f0b44ca5657cf761a2626545b613fd0cd7ea424d3c8bf547eb4,ASCII_DIAGRAM
block-0370,9,Key Terminology,chapters/09-cicd.qmd,124,(untyped),┌─────────────────────────────────────────────────────────────────────────┐,└─────────────────────────────────────────────────────────────────────────┘,26,0cf0de10c0ef126ab8b70933e01abfa9c43d268c1add90ad16658c7bafecffe7,ASCII_DIAGRAM
block-0371,9,Key Terminology,chapters/09-cicd.qmd,155,(untyped),Continuous        Continuous        Continuous,(One-click),17,efbbb150228133a33035a4dd21d158c6d7ee8861f24d815b0024ab6d6ab5be36,ASCII_DIAGRAM
block-0372,9,Core CI Practices,chapters/09-cicd.qmd,187,(untyped),Repository Structure:,└── CI/CD pipeline definitions,9,9aad578fc29abf1f28636742058cdc7844a1ef9ffde72f92cc7157f347ea1cb2,ASCII_DIAGRAM
block-0373,9,Core CI Practices,chapters/09-cicd.qmd,203,bash,# One command to build everything,make all,6,e19dadf7241a0d3a169f798689f662ce052ea3e5535cf09d1a3c41313a145fe0,TERMINAL_SESSION
block-0374,9,Core CI Practices,chapters/09-cicd.qmd,223,bash,# Build includes tests,npm ERR! Test failed.,10,899333b79acc58dbf262988ccaf412971b26e391631b1e389c39c785d2f3c243,TERMINAL_SESSION
block-0375,9,Core CI Practices,chapters/09-cicd.qmd,240,(untyped),Good:,Friday: 1 massive commit with a week's work,10,ca16fb8ca6e57975207861d2fcde99713cca3374dec3a2f819340756332c1dad,PLAIN_VERBATIM
block-0376,9,Core CI Practices,chapters/09-cicd.qmd,257,(untyped),Commit pushed,"└── Failure → Red X, team notified ✗",11,dd8c58c19a883e42c7b28a335dc3bde931b9a6d879035d076a6300f7d7839ae0,ASCII_DIAGRAM
block-0377,9,Core CI Practices,chapters/09-cicd.qmd,275,(untyped),Build Stage          Target Time,• Splitting pipeline stages,11,9a354e95308ec651ce6b542364535361be17e03da5d0818c9aa5d53ca3ffd915,ASCII_DIAGRAM
block-0378,9,Core CI Practices,chapters/09-cicd.qmd,293,(untyped),Production Environment,└── nginx 1.24,13,996cd0479b031c0dd85b0ad01543b724e6eca752c9a31e43428b337db6938d9a,ASCII_DIAGRAM
block-0379,9,Core CI Practices,chapters/09-cicd.qmd,313,bash,# Get latest artifacts,docker pull company/app:latest,6,c929bce829de49f566585202aaeb78ab1233a821fa86821fad7ed20f7bddeab7,TERMINAL_SESSION
block-0380,9,Core CI Practices,chapters/09-cicd.qmd,326,(untyped),┌─────────────────────────────────────────────────────────────────────────┐,└─────────────────────────────────────────────────────────────────────────┘,15,c1a385e57d28b222d35f91c39a17548be37a31508c03c4422a57bcc1e28b25e8,ASCII_DIAGRAM
block-0381,9,Core CI Practices,chapters/09-cicd.qmd,348,bash,# Not this:,git push origin main  # Triggers automated deployment,10,bebdd65d0bb225be1d6b135fb402d34c791f1922536232ef654d56be3df452bc,TERMINAL_SESSION
block-0382,9,The CI Feedback Loop,chapters/09-cicd.qmd,365,(untyped),┌─────────────────────────────────────────────────────────────────────────┐,└─────────────────────────────────────────────────────────────────────────┘,15,925cf42ac1be7dc20d57ca799eb02636f70de70935d3a1f4668258d476f7c435,ASCII_DIAGRAM
block-0383,9,CI Anti-Patterns,chapters/09-cicd.qmd,395,(untyped),"❌ ""The build's been red for a week, but we're too busy to fix it.""",✓ Fix broken builds immediately. A red build is an emergency.,3,05f2ae22f09d68d3cfbd84a4fa3a075f5ce7302eb1daa3d66b65707ec7a8bc88,PLAIN_VERBATIM
block-0384,9,CI Anti-Patterns,chapters/09-cicd.qmd,403,(untyped),❌ Committing once a week with massive changes,✓ Commit multiple times daily with small changes,3,f12b2eff5371d7515ae701af44470d4e7af9d81c36103f6a24e4f3a874709dc1,PLAIN_VERBATIM
block-0385,9,CI Anti-Patterns,chapters/09-cicd.qmd,411,(untyped),"❌ ""I'll add tests later"" or ""Tests are too slow, skip them""",✓ Tests are non-negotiable. Optimize slow tests.,3,b90df566a0791901774c10a5a79d27d2854201d080d739968fd52daee9903c1b,PLAIN_VERBATIM
block-0386,9,CI Anti-Patterns,chapters/09-cicd.qmd,419,(untyped),"❌ ""It works on my machine"" → Push → CI fails",✓ Run the same checks locally before pushing,3,3f2c5ce65ff8cab5a476afdc100dc5533582d9c3e577da7c4a41fc24e6925c4c,PLAIN_VERBATIM
block-0387,9,CI Anti-Patterns,chapters/09-cicd.qmd,427,(untyped),❌ Feature branch that diverges for months,"✓ Short-lived branches, merged within days",3,5300d6dc53412fe373d5aed88039be395beaad8da8a21c728a151f445e8c60b2,PLAIN_VERBATIM
block-0388,9,GitHub Actions Concepts,chapters/09-cicd.qmd,441,(untyped),┌─────────────────────────────────────────────────────────────────────────┐,└─────────────────────────────────────────────────────────────────────────┘,26,27b184bb08a24320fac09955e92ae61301ca6e00585dc4535b8c9157c6504485,ASCII_DIAGRAM
block-0389,9,GitHub Actions Concepts,chapters/09-cicd.qmd,472,(untyped),Workflow: ci.yml,└── Step: Upload artifacts,18,576a78491b4c4d5bbc8d56240963af2e697710fc0e1b51ad89227e669bbf31c0,ASCII_DIAGRAM
block-0390,9,Basic Workflow Structure,chapters/09-cicd.qmd,495,yaml,# .github/workflows/ci.yml,npm test,34,55a9131d7cef747ad044b188735346e57c5d87d72c76bd6a19c1aa7ec1d123cd,CONFIGURATION
block-0391,9,Complete CI Pipeline Example,chapters/09-cicd.qmd,536,yaml,# .github/workflows/ci.yml,path: cypress/videos/,253,768da8b2ad3b6f4c97ac0f41447b2350548aa7b3a1a889bf66965484bec816a1,CONFIGURATION
block-0392,9,Workflow Triggers,chapters/09-cicd.qmd,794,yaml,on:,"types: [opened, labeled]",44,02aa2a8e380f5cdf7f466d58ecf66ce2f699b636459a270f5d062f21eca80096,CONFIGURATION
block-0393,9,Job Dependencies and Parallelization,chapters/09-cicd.qmd,843,yaml,jobs:,steps: [...],27,de2db4e173c3a988e0d1ee3c0dc9e8ccec68d4abfdf0e3fb16ef819eca7002cf,CONFIGURATION
block-0394,9,Job Dependencies and Parallelization,chapters/09-cicd.qmd,875,(untyped),┌──────┐     ┌──────────┐,└────────┘,20,ca283720b5236b3154f912fbba976d92a837dcbfb10bfe443721f8168b730865,ASCII_DIAGRAM
block-0395,9,Matrix Builds,chapters/09-cicd.qmd,902,yaml,jobs:,run: npm run coverage:upload,32,2176e02933080478f4f612df96ad9967ea24698ca5b89c6bfcd75ce6478939d4,CONFIGURATION
block-0396,9,Caching Dependencies,chapters/09-cicd.qmd,943,yaml,jobs:,- run: npm run build,38,1921d74ab218e7028da17f89b1591d056c5b1a2afd43e03be0997c1efd9d8c4c,CONFIGURATION
block-0397,9,Secrets and Environment Variables,chapters/09-cicd.qmd,986,yaml,jobs:,GITHUB_REF: ${{ github.ref }},29,aeb3d456f7eac0b83297b54e99b6e8140f2728907a7f0e2ced6610cc689a545d,CONFIGURATION
block-0398,9,Secrets and Environment Variables,chapters/09-cicd.qmd,1020,(untyped),Repository Settings → Secrets and variables → Actions,└── API_KEY (staging API key),15,2fa2a8be450f4069fbce72f8a481a7c8a4b94486fbd37ef6660b4bc9177c01d8,ASCII_DIAGRAM
block-0399,9,Deployment Strategies Overview,chapters/09-cicd.qmd,1046,(untyped),┌─────────────────────────────────────────────────────────────────────────┐,└─────────────────────────────────────────────────────────────────────────┘,30,560b5f98bfc9c5a6d4543a288b99d70d7c360ad5e1f81061846654bff58b104e,ASCII_DIAGRAM
block-0400,9,Recreate Deployment,chapters/09-cicd.qmd,1083,(untyped),Before:,└─────────────────────────────────────────────────────────────────────────┘,26,3836f06c0a8c34a67fa7caf1d083385a52ed53eeb32cd3565db6a9aff3f718a8,ASCII_DIAGRAM
block-0401,9,Rolling Deployment,chapters/09-cicd.qmd,1126,(untyped),Step 1: Update Server 1,└─────────────────────────────────────────────────────────────────────────┘,26,2eb340343539626f92a3b0dd8b0e1c91c7bbfcdd409b25556fe07d4ac5817153,ASCII_DIAGRAM
block-0402,9,Rolling Deployment,chapters/09-cicd.qmd,1157,yaml,apiVersion: apps/v1,image: myapp:v2.0,16,e41ba9167ae2dff021a3cd8b3783ff148cd0345de2977f69446f68b1448e3779,CONFIGURATION
block-0403,9,Blue-Green Deployment,chapters/09-cicd.qmd,1192,(untyped),BLUE Environment (current production):,└─────────────────────────────────────────────────────────────────────────┘,26,95a926e23986ccaa9d6586fdd56d5a75d6c5302c2cbf90b658f939fa8ce06afb,ASCII_DIAGRAM
block-0404,9,Blue-Green Deployment,chapters/09-cicd.qmd,1223,yaml,# GitHub Actions blue-green deployment,"echo ""To rollback, switch DNS back to blue""",33,d6644a6ec672480bb71cb26078925e8368872eb4c245509e7359c04314bcdff5,CONFIGURATION
block-0405,9,Canary Deployment,chapters/09-cicd.qmd,1275,(untyped),Step 1: Deploy to 5% (canary),└─────────────────────────────────────────────────────────────────────────┘,27,9dfbce884256e382582627c4d0fb725d63b9305ba2b60af107a11f027f57b30d,ASCII_DIAGRAM
block-0406,9,Canary Deployment,chapters/09-cicd.qmd,1307,yaml,# VirtualService for traffic splitting,weight: 5,20,59d7e259f037c8c88aec2fe2b56fb2cc53b30cc98705d9ee79bd34ebe9835be2,CONFIGURATION
block-0407,9,Canary Deployment,chapters/09-cicd.qmd,1332,yaml,# GitHub Actions canary deployment,run: kubectl apply -f full-rollout.yaml,35,338abcce9e350fcac581ab0fc6963d2c7a00d8169a483c59dd91b0fe94671107,CONFIGURATION
block-0408,9,Feature Flags,chapters/09-cicd.qmd,1386,javascript,// Feature flag implementation,});,20,767f50c1ddeacc795814b8d5b52d1c293f28862534ad8061b891e086c7617852,PROGRAM_CODE
block-0409,9,Feature Flags,chapters/09-cicd.qmd,1411,(untyped),┌─────────────────────────────────────────────────────────────────────────┐,└─────────────────────────────────────────────────────────────────────────┘,25,b81d6855859651141ca2d933cd47b4781183b502ae90ce78cd3981229513a566,ASCII_DIAGRAM
block-0410,9,Environment Hierarchy,chapters/09-cicd.qmd,1459,(untyped),┌─────────────────────────────────────────────────────────────────────────┐,└─────────────────────────────────────────────────────────────────────────┘,34,e70ce5b2e14e020a6e0494df57bc51817e53b469cfac586b22b6a95ee3451efe,ASCII_DIAGRAM
block-0411,9,Environment Configuration,chapters/09-cicd.qmd,1500,bash,# .env.development,DEBUG=false,23,d4405b58ff3e18e77caeeda7faff71fe2b0e7ac062e1be661c75883fa870a5c1,TERMINAL_SESSION
block-0412,9,Environment Configuration,chapters/09-cicd.qmd,1528,javascript,// config/index.js,module.exports = configs[env];,56,7454313b95d6204316e40e67846d5bdb1528c9582ea45c7d2af295655a99bcdd,PROGRAM_CODE
block-0413,9,GitHub Actions Environments,chapters/09-cicd.qmd,1589,yaml,# .github/workflows/deploy.yml,AWS_SECRET_ACCESS_KEY: ${{ secrets.AWS_SECRET_ACCESS_KEY }},38,caca02ddb08acf2a963103a4db7f5261b6972d7159e6a121696bcf188487c3d1,CONFIGURATION
block-0414,9,GitHub Actions Environments,chapters/09-cicd.qmd,1632,(untyped),Repository Settings → Environments → production,"• Selected branches: main, release/*",14,5efb2155c8ece05e0ed8722e8095f16a036e036f374ad0be222a758df305e8f7,PLAIN_VERBATIM
block-0415,9,Secrets Management,chapters/09-cicd.qmd,1653,bash,# .gitignore,secrets/,7,573511676ac88d79e3babedb1f1f7bf7b390acd582f451a865c4b92ef0d1ae60,TERMINAL_SESSION
block-0416,9,Secrets Management,chapters/09-cicd.qmd,1665,yaml,# GitHub Actions,API_KEY: ${{ secrets.API_KEY }},7,b1745396cb4c6a2d5a8fd16ff640ee22ea8db8516f5aa634f8af1937bb30f98d,CONFIGURATION
block-0417,9,Secrets Management,chapters/09-cicd.qmd,1677,yaml,# Scheduled secret rotation check,}),28,3372e700412a50d8deed794d0a27d33df54729f3c2d8c003b57c819cda721449,CONFIGURATION
block-0418,9,Why Infrastructure as Code?,chapters/09-cicd.qmd,1716,(untyped),┌─────────────────────────────────────────────────────────────────────────┐,└────────────────────────────────────┴────────────────────────────────────┘,14,bab92275e0374c1afee7194d6d919da50c76a37e65b129d75d25dcd0460bc1b4,ASCII_DIAGRAM
block-0419,9,Docker for Application Infrastructure,chapters/09-cicd.qmd,1737,dockerfile,# Build stage,"CMD [""node"", ""dist/server.js""]",37,3a39fa1a3031d7abc4d3f5d74359d52d0420560eeeefd10dd60ff55daeee2699,CONFIGURATION
block-0420,9,Docker for Application Infrastructure,chapters/09-cicd.qmd,1779,yaml,# docker-compose.yml,redis_data:,61,1431980288b4eedcc82b9a93af8ca025d732dbfb0e2b8ff175c0ce98834522cb,CONFIGURATION
block-0421,9,Terraform for Cloud Infrastructure,chapters/09-cicd.qmd,1847,hcl,# main.tf,},98,82c25ed5e2463c8561bb5717849a35e9b7e3b9f81f0bb8dcc31b9bbe2cd3e3b5,CONFIGURATION
block-0422,9,Terraform for Cloud Infrastructure,chapters/09-cicd.qmd,1950,hcl,# variables.tf,},29,82b04260e10c708d66296c08b4b26518eeae48fcd3a9932be1654b8528861fb3,CONFIGURATION
block-0423,9,Terraform for Cloud Infrastructure,chapters/09-cicd.qmd,1984,bash,# Create workspaces for each environment,"terraform apply -var-file=""environments/staging.tfvars""",9,fcfc3cae68c047fbc48f490646d090309cef97a4bcd2ab463e113b65188d8f8a,TERMINAL_SESSION
block-0424,9,CI/CD for Infrastructure,chapters/09-cicd.qmd,1998,yaml,# .github/workflows/infrastructure.yml,AWS_SECRET_ACCESS_KEY: ${{ secrets.AWS_SECRET_ACCESS_KEY }},77,5112737ba2a87337e7ae44787396be42b584ed11aa352c19f3ee411d712d0186,CONFIGURATION
block-0425,9,Complete Deployment Pipeline,chapters/09-cicd.qmd,2084,yaml,# .github/workflows/deploy.yml,}),176,dc768007f183d2e5cdbfa94064fdbd2d878972078643262692136fb55c0b1893,CONFIGURATION
block-0426,9,Database Migrations in CI/CD,chapters/09-cicd.qmd,2265,yaml,# Database migration job,DATABASE_URL: ${{ secrets.DATABASE_URL }},26,62e7ae310f9dca816bd48f7c7958d762332f3e9bb21f543218129747fa452fd5,CONFIGURATION
block-0427,9,Database Migrations in CI/CD,chapters/09-cicd.qmd,2296,javascript,// migrations/20241209_add_user_role.js,};,14,5f060247fb57127b002c013e1bab36bbc14305c5576c883612a29cbd216edb5b,PROGRAM_CODE
block-0428,9,Database Migrations in CI/CD,chapters/09-cicd.qmd,2313,javascript,// ✗ Dangerous: Renaming column (breaks running code),};,19,b10e1e1a73a82b67fe8a315427741d5d20aa6a3aab2ec6791566cbe211d83e2c,PROGRAM_CODE
block-0429,9,Rollback Procedures,chapters/09-cicd.qmd,2337,yaml,# .github/workflows/rollback.yml,SLACK_WEBHOOK_URL: ${{ secrets.SLACK_WEBHOOK_URL }},85,cf2291f1959ed03a6246b8b172e5aca46ce7961726787ee4d4d62d07b873639f,CONFIGURATION
block-0430,9,The Three Pillars of Observability,chapters/09-cicd.qmd,2433,(untyped),┌─────────────────────────────────────────────────────────────────────────┐,└─────────────────────────────────────────────────────────────────────────┘,26,fcaf7e5bde0fcbd1ef0a572acdc6701c23f82a9a185efc18b2b9b447eacdc9cb,ASCII_DIAGRAM
block-0431,9,Key Metrics to Monitor,chapters/09-cicd.qmd,2464,(untyped),┌─────────────────────────────────────────────────────────────────────────┐,└─────────────────────────────────────────────────────────────────────────┘,28,4901053fb259b12c7b2215c7ca8e0e324da127eaeca0894f08c330a5a9b49b3a,ASCII_DIAGRAM
block-0432,9,Health Checks,chapters/09-cicd.qmd,2497,javascript,// healthcheck.js,module.exports = router;,63,045a797b431e2b8e1aa6ae84cda8f250289a695ab6bf52e8bfb5f7dd88bd4284,PROGRAM_CODE
block-0433,9,Post-Deployment Verification,chapters/09-cicd.qmd,2565,yaml,# Post-deployment verification in CI/CD,gh workflow run rollback.yml -f environment=production,40,2ab3aa1734dfa040b0d6c047f217d7b3df5bc7a4f86e817fd24d7cf94a4643c5,CONFIGURATION
block-0434,9,Alerting,chapters/09-cicd.qmd,2610,yaml,# Example Prometheus alerting rules,description: Only {{ $value | humanizePercentage }} of pods are ready,30,8f50eb21131cda18bf1902abfecad3316af84599efdbf5522c285fb5a69e5254,CONFIGURATION
block-0435,9,Common Issues and Solutions,chapters/09-cicd.qmd,2649,(untyped),┌─────────────────────────────────────────────────────────────────────────┐,└─────────────────────────────────────────────────────────────────────────┘,67,80dbf0e84ac880f41488810f109a010ca026da4de124871b7c22deeb426100e2,ASCII_DIAGRAM
block-0436,9,Debugging Techniques,chapters/09-cicd.qmd,2723,yaml,jobs:,timeout-minutes: 15,23,69cb962a77c7bfdc3f8b892474dc7dbb7cc0590f53348d65ede15d687a4d4d58,CONFIGURATION
block-0437,9,Debugging Techniques,chapters/09-cicd.qmd,2751,bash,# Build with verbose output,docker inspect myapp,14,08a6de349f50bc4c5224b871f721d6d67c8a5a21387e3acd67a5a480210d84c1,TERMINAL_SESSION
block-0438,9,CI/CD Best Practices Checklist,chapters/09-cicd.qmd,2770,(untyped),CI/CD BEST PRACTICES CHECKLIST,☐ Environment configuration documented,44,f9b2727f36eca8cd92aad49a27e188fa0bf7cbd72528d91afb4f83ed42a63730,ASCII_DIAGRAM
block-0439,10,Data Architecture Overview,chapters/10-data-management.qmd,30,(untyped),┌─────────────────────────────────────────────────────────────────────────┐,└─────────────────────────────────────────────────────────────────────────┘,25,fd863696ee56854cf2f2a53fec7e818dd0a4f92fca08214c5109dd71c5b5d0b9,ASCII_DIAGRAM
block-0440,10,Core Concepts,chapters/10-data-management.qmd,88,(untyped),┌─────────────────────────────────────────────────────────────────────────┐,└─────────────────────────────────────────────────────────────────────────┘,35,87c6ad7c134c3f411892416de90afd974c2917d0d8a0e494fcfeb6322c9ac547,ASCII_DIAGRAM
block-0441,10,Core Concepts,chapters/10-data-management.qmd,134,(untyped),┌─────────────────────────────────────────────────────────────────────────┐,└─────────────────────────────────────────────────────────────────────────┘,22,52835a24548d4ebae5c69582c247f2f1cfc61c304e68bbb53b4ef30d08ca3470,ASCII_DIAGRAM
block-0442,10,Data Definition Language (DDL),chapters/10-data-management.qmd,179,sql,CREATE TABLE users (,);,8,5228b9d3095a4a6f58de07f5a9ae295bd206731a750ca6697235d5109017e58f,PROGRAM_CODE
block-0443,10,Data Definition Language (DDL),chapters/10-data-management.qmd,200,sql,CREATE TABLE projects (,);,8,866c6ce7b04675f7468da679dc51594ea3b982ce06871a488f567d7c9223a00d,PROGRAM_CODE
block-0444,10,Data Definition Language (DDL),chapters/10-data-management.qmd,215,sql,CREATE TABLE tasks (,);,13,dcac44b29eb417ab3509838a768fe9c388c569855fd56981f280b31fe11574d8,PROGRAM_CODE
block-0445,10,Data Definition Language (DDL),chapters/10-data-management.qmd,237,sql,CREATE INDEX idx_tasks_user_id ON tasks(user_id);,CREATE INDEX idx_tasks_due_date ON tasks(due_date);,4,bce02aba9e701d64fb0291e6b822b51dfcb73bd84790748c9078622ef6cbb6b6,PROGRAM_CODE
block-0446,10,Data Manipulation Language (DML),chapters/10-data-management.qmd,256,sql,"INSERT INTO users (email, name, password_hash)","VALUES ('alice@example.com', 'Alice Johnson', '$2b$10$...');",2,95df516eaf20235ac1ba3b4a86d95ee0a33ac88d34d50839b01661be340c4e71,PROGRAM_CODE
block-0447,10,Data Manipulation Language (DML),chapters/10-data-management.qmd,265,sql,"INSERT INTO tasks (title, description, user_id, project_id, status, priority, due_date)","('Write content', 'Draft copy for main pages', 1, 1, 'todo', 1, '2024-12-18');",5,999656334e598148ec1ab8c204745e0b976085d5a06bdbd2e4247e36007f007b,PROGRAM_CODE
block-0448,10,Data Manipulation Language (DML),chapters/10-data-management.qmd,281,sql,SELECT * FROM users;,SELECT * FROM users;,1,d1ec24bdafb79996d598fd0707064fc6766042c1054c8ca379da5fc6a3a03e5a,PROGRAM_CODE
block-0449,10,Data Manipulation Language (DML),chapters/10-data-management.qmd,287,sql,"SELECT id, name, email FROM users;","SELECT id, name, email FROM users;",1,c18b6d56de0f3bccabf88bc183658fbf7b6435299a2cc270a4e9cb4b237e9aec,PROGRAM_CODE
block-0450,10,Data Manipulation Language (DML),chapters/10-data-management.qmd,293,sql,SELECT * FROM tasks WHERE status = 'todo';,SELECT * FROM tasks WHERE status = 'todo';,1,6ad43613dbdd1cdac62b00c003828ad7d053b7198ab26435d98792bcda17ff79,PROGRAM_CODE
block-0451,10,Data Manipulation Language (DML),chapters/10-data-management.qmd,299,sql,SELECT * FROM tasks,AND due_date < '2024-12-31';,4,152caabd58f46e3ca408b923fc27bdd954151e38cb849b9f18c2b9ad92d4d944,PROGRAM_CODE
block-0452,10,Data Manipulation Language (DML),chapters/10-data-management.qmd,310,sql,"SELECT * FROM tasks ORDER BY due_date ASC, priority DESC;","SELECT * FROM tasks ORDER BY due_date ASC, priority DESC;",1,803abb6def8eac7f42ae671dddb042499ac58de179c8393b522c14ca820ecacf,PROGRAM_CODE
block-0453,10,Data Manipulation Language (DML),chapters/10-data-management.qmd,318,sql,SELECT * FROM tasks ORDER BY id LIMIT 10 OFFSET 20;,SELECT * FROM tasks ORDER BY id LIMIT 10 OFFSET 20;,1,84d9f82e4670f9169ba425b9d146487b97a0212fd68fafb11586b893fbcfb1f5,PROGRAM_CODE
block-0454,10,Data Manipulation Language (DML),chapters/10-data-management.qmd,328,sql,UPDATE tasks,WHERE id = 1;,3,449bdbedc77b8b03369480c317ea8b13bfbf55c46806468c964d47a93e3f006f,PROGRAM_CODE
block-0455,10,Data Manipulation Language (DML),chapters/10-data-management.qmd,338,sql,UPDATE tasks,WHERE due_date < CURRENT_DATE AND status != 'done';,3,4930e303b7573a0b331b1dd9b5833413e056ad4117cb5caa772d215fc9f07411,PROGRAM_CODE
block-0456,10,Data Manipulation Language (DML),chapters/10-data-management.qmd,350,sql,DELETE FROM tasks WHERE id = 1;,DELETE FROM tasks WHERE id = 1;,1,c8ce1681a843dbbbfbc68ab9adb7bf94f013844baa5c147f62fdb886c2c09378,PROGRAM_CODE
block-0457,10,Data Manipulation Language (DML),chapters/10-data-management.qmd,356,sql,DELETE FROM tasks,AND updated_at < NOW() - INTERVAL '30 days';,3,364083dfe5887e862ecf9ac399a95f3008e3bb52b0a41917a84843455fe819af,PROGRAM_CODE
block-0458,10,Joining Tables,chapters/10-data-management.qmd,370,sql,SELECT,INNER JOIN projects p ON t.project_id = p.id;,9,65492dce5ff409536323c7ee33aeaeafcc7d3840639af381b4669dc2c90b692a,PROGRAM_CODE
block-0459,10,Joining Tables,chapters/10-data-management.qmd,388,sql,SELECT,"GROUP BY u.id, u.name;",6,dba9cca397f3e8800e866cf2a126e74f0937d1c93f6a8d226d8a2aecf9f10a65,PROGRAM_CODE
block-0460,10,Joining Tables,chapters/10-data-management.qmd,403,sql,SELECT,ORDER BY total DESC;,9,c55fbf724e459c5de7a281aa00d490dc42c3eb911f1b424954f96f8dc886852b,PROGRAM_CODE
block-0461,10,Aggregations and Subqueries,chapters/10-data-management.qmd,426,sql,SELECT,FROM tasks;,6,ea1f004f405baf6209d5fbe3c9d658f42914ca3a5bd087c501bed54ec32326f2,PROGRAM_CODE
block-0462,10,Aggregations and Subqueries,chapters/10-data-management.qmd,439,sql,SELECT,GROUP BY status;,6,5c9c887da629296e3a4d31e54a49ed277c47151c0b2470ea405f9c568bd1d4bd,PROGRAM_CODE
block-0463,10,Aggregations and Subqueries,chapters/10-data-management.qmd,452,sql,SELECT,HAVING COUNT(*) > 5;,6,8c6c797fc48ee9a58cf9bc48d21655271e3b28d6b6fd3f87a7a086ed5888b066,PROGRAM_CODE
block-0464,10,Aggregations and Subqueries,chapters/10-data-management.qmd,465,sql,SELECT * FROM tasks,);,4,3b5990bb6a42e26b45fca9bb7618e4c2e439c4973fd3f054c687527416d5a59c,PROGRAM_CODE
block-0465,10,Aggregations and Subqueries,chapters/10-data-management.qmd,476,sql,WITH task_stats AS (,ORDER BY completion_rate DESC;,16,ad5adb0160f3bcaae004c2be91a91bf5efffa7bb5784a0a0060a5a88e39ae961,PROGRAM_CODE
block-0466,10,Database Normalization,chapters/10-data-management.qmd,505,(untyped),┌─────────────────────────────────────────────────────────────────────────┐,└─────────────────────────────────────────────────────────────────────────┘,20,f1579f2f505d3a15df40086fbd2ddb58ca5e8af6bf7d01b76db42f775ea3084c,ASCII_DIAGRAM
block-0467,10,Database Normalization,chapters/10-data-management.qmd,530,(untyped),"BEFORE (Denormalized - Violates 1NF, 2NF, 3NF):",└──────────┴────────────┴─────────────────┴──────────┴──────────────────┘,10,d39cddfa828d5ab3562d6466eed48aa039c847d241149fe679a22232083514c4,ASCII_DIAGRAM
block-0468,10,Database Normalization,chapters/10-data-management.qmd,553,(untyped),AFTER (Normalized to 3NF):,└──────────┴────────────┴──────────┘,23,16fe46eeced074b54af88184f0119dcdcb029c843407a3e99d9852df1e6c43f9,ASCII_DIAGRAM
block-0469,10,Database Normalization,chapters/10-data-management.qmd,583,sql,SELECT,"GROUP BY o.id, c.name, c.email;",11,d90c256bce2e0c6484be0ebed2bfe47dadddc7673b1981f5b145504ac2a343f0,PROGRAM_CODE
block-0470,10,Transactions and ACID Properties,chapters/10-data-management.qmd,607,(untyped),┌─────────────────────────────────────────────────────────────────────────┐,└─────────────────────────────────────────────────────────────────────────┘,25,93eff3fc9bf568b8f641fcdad4791412f12f8a1822cfd123ca1202fc763908a8,ASCII_DIAGRAM
block-0471,10,Transactions and ACID Properties,chapters/10-data-management.qmd,637,sql,BEGIN TRANSACTION;,COMMIT;,14,43801604a78e50c89eefa07b5a83b80f831bb8d9157c6d2fcf5b1caf0b880c76,PROGRAM_CODE
block-0472,10,Transactions and ACID Properties,chapters/10-data-management.qmd,660,javascript,"async function transferFunds(fromAccountId, toAccountId, amount) {",},40,873a7bf55a7902f1cc8deaacad177543c68cfda59802415c877780437916bd47,PROGRAM_CODE
block-0473,10,Types of NoSQL Databases,chapters/10-data-management.qmd,719,(untyped),┌─────────────────────────────────────────────────────────────────────────┐,└─────────────────────────────────────────────────────────────────────────┘,29,2592aab0833a7dedfb72765a80624d8dff3833511d257acf28fe9f3d37dc7e81,ASCII_DIAGRAM
block-0474,10,Document Databases (MongoDB),chapters/10-data-management.qmd,757,javascript,{,},33,6188fe88226878f3f68eca2e4ca662ca42cbf0dcda8c36115666da7eba45beaf,PROGRAM_CODE
block-0475,10,Document Databases (MongoDB),chapters/10-data-management.qmd,799,javascript,const { MongoClient } = require('mongodb');,const db = client.db('taskflow');,5,274b47cce494732c44a8dcf9e84c98e5d8f143e01e9db2603214be3d39bd7613,PROGRAM_CODE
block-0476,10,Document Databases (MongoDB),chapters/10-data-management.qmd,809,javascript,// Insert a single user,]);,13,0c0dc5e7e8f3bda9aaa1f72ff42f097b0692f88a9a2c23049ede8bf2b5014c86,PROGRAM_CODE
block-0477,10,Document Databases (MongoDB),chapters/10-data-management.qmd,829,javascript,// Find a single document by field value,.toArray();,15,bddb9efd18c486b130a97b503a146405afdf96a8d64724ab359a850f25e54444,PROGRAM_CODE
block-0478,10,Document Databases (MongoDB),chapters/10-data-management.qmd,851,javascript,// Update a single field using $set,);,30,e846a7522a8086e43f986b053f38fbf28187f5d98d9edc30e3f0d2554697c3c6,PROGRAM_CODE
block-0479,10,Key-Value Stores (Redis),chapters/10-data-management.qmd,896,javascript,const Redis = require('ioredis');,const redis = new Redis(process.env.REDIS_URL);,2,d59e44320a4a7d504cc530f4f49cbf740f19734b8a05245cb9bd863b9ed55621,PROGRAM_CODE
block-0480,10,Key-Value Stores (Redis),chapters/10-data-management.qmd,903,javascript,// Store a simple value,const ttl = await redis.ttl('session:abc123');  // seconds remaining,12,74ab31b499626d10edfe0ec0bedcaf796cb3f7d6db7b96969decf3598917522e,PROGRAM_CODE
block-0481,10,Key-Value Stores (Redis),chapters/10-data-management.qmd,924,javascript,// Store multiple fields at once,"await redis.hincrby('user:1', 'login_count', 1);",16,29942c2a3f14dabf1fa8ed3485fcca1254a5f51132783355eef57a77fc2dbfa0,PROGRAM_CODE
block-0482,10,Key-Value Stores (Redis),chapters/10-data-management.qmd,947,javascript,// Push to the front of a list (newest first),"await redis.ltrim('notifications:1', 0, 99);  // Keep only 100 newest",13,40c4ab3bcacdb973cf7d2a41e81660bebdc8f51c6f31f2cf4f0d888adb18b0f2,PROGRAM_CODE
block-0483,10,Key-Value Stores (Redis),chapters/10-data-management.qmd,967,javascript,// Add members (duplicates are ignored),"const commonTags = await redis.sinter('user:1:tags', 'user:2:tags');  // Intersection",15,1d8670fb6a50b1d13392a6fc7d4adc912ff7302ee99b1b2d8ea646ce93d502fd,PROGRAM_CODE
block-0484,10,Key-Value Stores (Redis),chapters/10-data-management.qmd,989,javascript,// Add members with scores,"await redis.zincrby('leaderboard', 10, 'bob');  // Bob now has 95 points",12,82e33913574968fe2d46b8c6da923c62a6bb67790ee92de3ae3e34d055317525,PROGRAM_CODE
block-0485,10,Key-Value Stores (Redis),chapters/10-data-management.qmd,1008,javascript,async function getUserWithCache(userId) {,},21,89a6a1f78a54153829b446c1cbc63a9b0589ec8be7765ad27c692f9ed5b27d7c,PROGRAM_CODE
block-0486,10,Key-Value Stores (Redis),chapters/10-data-management.qmd,1036,javascript,"async function updateUser(userId, updates) {",},8,3e585b6cd904f3767f9bbdc6e5c2bd48f620db823827a481245365331b93c804,PROGRAM_CODE
block-0487,10,Choosing Between SQL and NoSQL,chapters/10-data-management.qmd,1053,(untyped),┌─────────────────────────────────────────────────────────────────────────┐,└───────────────────────────┴─────────────────────────────────────────────┘,12,0ba26eb67f43c1889548062c5d386ae4c627b761cc4162a6572861934c47622b,ASCII_DIAGRAM
block-0488,10,REST Principles,chapters/10-data-management.qmd,1107,(untyped),┌─────────────────────────────────────────────────────────────────────────┐,└─────────────────────────────────────────────────────────────────────────┘,27,ca88a4ae799c03b45fff7d524b5f161dcceacf6d8cb8e7d51243a7c6d567f2c7,ASCII_DIAGRAM
block-0489,10,Resource-Oriented Design,chapters/10-data-management.qmd,1145,(untyped),┌─────────────────────────────────────────────────────────────────────────┐,└─────────────────────────────────────────────────────────────────────────┘,26,828f13be621e98c522eceab761bd66d409dcc3a0b9ba5532146f2e91d4968666,ASCII_DIAGRAM
block-0490,10,Resource-Oriented Design,chapters/10-data-management.qmd,1176,(untyped),/users                      Collection of all users,/tasks/789/attachments      Files attached to task 789,14,cb7dcfd44f7b372f1828633c561ae926faf371035f12676148303e115938de6a,PLAIN_VERBATIM
block-0491,10,HTTP Methods and CRUD Operations,chapters/10-data-management.qmd,1199,(untyped),┌─────────────────────────────────────────────────────────────────────────┐,└──────────┴─────────────┴────────────────────────────────────────────────┘,20,5eba70ddb1ecdeb7a9d47418fe84b3c48ed22111bbed0e91cc0027336f47e8b3,ASCII_DIAGRAM
block-0492,10,HTTP Methods and CRUD Operations,chapters/10-data-management.qmd,1230,(untyped),GET    /api/tasks              List all tasks (with pagination),GET    /api/tasks?sort=due_date&order=asc    Sort results,10,dff4ba45f53ce1845df2470fac508892402ae5e419804e9d5256ab8bd517093d,PLAIN_VERBATIM
block-0493,10,HTTP Status Codes,chapters/10-data-management.qmd,1249,(untyped),┌─────────────────────────────────────────────────────────────────────────┐,└─────────────────────────────────────────────────────────────────────────┘,24,db974595f71f37eb9468f1d33200d82898b41fc4f28a7df201f8ece7f8638a38,ASCII_DIAGRAM
block-0494,10,Implementing a RESTful API,chapters/10-data-management.qmd,1292,javascript,// routes/tasks.js,const taskService = require('../services/taskService');,7,eca38180482afa6e48020be1c1ca16853435986e4984d952788106d71b32a508,PROGRAM_CODE
block-0495,10,Implementing a RESTful API,chapters/10-data-management.qmd,1306,javascript,// GET /api/tasks - List tasks with filtering and pagination,});,37,49fbe541c5acb99318f91284e84549cb6705310d2c8d10bbfb9f2b569b2b3f37,PROGRAM_CODE
block-0496,10,Implementing a RESTful API,chapters/10-data-management.qmd,1350,javascript,// GET /api/tasks/:id - Get single task,});,20,07caab152312b207eedcbfbc76c9b5c718d574703c7c3f0912c0896b33f1b3ec,PROGRAM_CODE
block-0497,10,Implementing a RESTful API,chapters/10-data-management.qmd,1377,javascript,// POST /api/tasks - Create task,});,16,6e98e780cca6a822e9ef15f4965efbbf8133603714747728c34328bb59005ab5,PROGRAM_CODE
block-0498,10,Implementing a RESTful API,chapters/10-data-management.qmd,1400,javascript,// PATCH /api/tasks/:id - Partial update,});,20,3fba354a53e4a7ae39d6f1ec23c425ae24d236a2110230c28e684870825e784a,PROGRAM_CODE
block-0499,10,Implementing a RESTful API,chapters/10-data-management.qmd,1427,javascript,// DELETE /api/tasks/:id - Delete task,module.exports = router;,22,9a71815a5a877ae935abf8660fc48ac8f47e0c3d9686506fe54d2c52c380d9f9,PROGRAM_CODE
block-0500,10,Implementing a RESTful API,chapters/10-data-management.qmd,1456,javascript,// services/taskService.js,},34,aba6a3fd48ecf5f2efec79f49141f72f715c8b4d99c762bddd5d593055ae7b4a,PROGRAM_CODE
block-0501,10,Implementing a RESTful API,chapters/10-data-management.qmd,1495,javascript,"async getById(id, userId) {",},6,de7d0a101ecdc08f3f603efa048fb0cd71a74f64c07abc856cae2d5345c438ae,PROGRAM_CODE
block-0502,10,Implementing a RESTful API,chapters/10-data-management.qmd,1506,javascript,async create(data) {,},16,ddbf7145377cd523ac3cb21c61631cdfc1408b20820b8fd65dc18e4a416d90a9,PROGRAM_CODE
block-0503,10,Implementing a RESTful API,chapters/10-data-management.qmd,1527,javascript,"async update(id, userId, data) {",module.exports = new TaskService();,23,ec9b52e48c473b0169c608fb74b0fc6b7351730772764c92751d44036cc8fd99,PROGRAM_CODE
block-0504,10,Response Structure,chapters/10-data-management.qmd,1559,javascript,// Success - single resource,},35,32d8aa872efd84965c9371a702002e93bf68d5f343198c30f1edfd65d63ced90,PROGRAM_CODE
block-0505,10,The Problem GraphQL Solves,chapters/10-data-management.qmd,1617,graphql,query Dashboard {,},18,dcb618aec7ea5017b73131ed23dc5fe5a79dc44aea56044cfa942977a720a2fb,PLAIN_VERBATIM
block-0506,10,GraphQL Schema,chapters/10-data-management.qmd,1644,graphql,# schema.graphql,},16,444e250aea584cb219af3f74c4209574419295929ae6818fd90074046bbe4d67,PLAIN_VERBATIM
block-0507,10,GraphQL Schema,chapters/10-data-management.qmd,1665,graphql,# Object types define the shape of resources,},10,53806b5e8c8e88fc91179a2a9f7d1bdab0cff03886b96843ec0761f2397697c1,PLAIN_VERBATIM
block-0508,10,GraphQL Schema,chapters/10-data-management.qmd,1682,graphql,type Task {,},25,04c96f8b46a2ed40d856064c095a005a61aa610f8227bed4a94bf7a4d395ae15,PLAIN_VERBATIM
block-0509,10,GraphQL Schema,chapters/10-data-management.qmd,1714,graphql,input CreateTaskInput {,},15,37f1487fd2d2de6cfaf44b1944cb1058fff7ecb137709851c4673c4288fd7240,PLAIN_VERBATIM
block-0510,10,GraphQL Schema,chapters/10-data-management.qmd,1736,graphql,type Query {,},18,f1e214203d0098402c0b5acf438f7e0e15c295c37f05f938164c89a77c98aee9,PLAIN_VERBATIM
block-0511,10,GraphQL Schema,chapters/10-data-management.qmd,1761,graphql,type Mutation {,},7,1c6a1b1d902d3e33831a505c142f8e6c6ce1b5e0198cadbd0253cbc35d665d29,PLAIN_VERBATIM
block-0512,10,Writing GraphQL Queries,chapters/10-data-management.qmd,1779,graphql,query GetMe {,},7,378455b97f53b00d4076b0a70a7fc35323b5e4f7d7a43ac7f08b09502fed6f5f,PLAIN_VERBATIM
block-0513,10,Writing GraphQL Queries,chapters/10-data-management.qmd,1791,json,{,},9,4517a965a90289b3d7c17e451128c18acaf309628569af4d38b4ba327b8fe799,DATA
block-0514,10,Writing GraphQL Queries,chapters/10-data-management.qmd,1805,graphql,query GetTask($taskId: ID!) {,},8,a8008fb0956373bc116058d42d86580bb1ecba476299e4f1ca3827a63f7fe716,PLAIN_VERBATIM
block-0515,10,Writing GraphQL Queries,chapters/10-data-management.qmd,1818,json,{,},4,c10a0ee99f9e42ccef5d3bfe083ffa30b231bb5bd32e10c201fd7571f0b69dd9,DATA
block-0516,10,Writing GraphQL Queries,chapters/10-data-management.qmd,1827,graphql,query GetUserWithTasks($userId: ID!) {,},15,401cc23347dd362bf75d30f9cf6609bffefa662c57eb08166636446f758b0248,PLAIN_VERBATIM
block-0517,10,Writing GraphQL Queries,chapters/10-data-management.qmd,1849,graphql,query Dashboard {,},28,5665a385d2b8ea45288dd598397dee229839ae218659e4728b97eb67deb6cebe,PLAIN_VERBATIM
block-0518,10,Writing GraphQL Queries,chapters/10-data-management.qmd,1884,graphql,fragment TaskFields on Task {,},19,4571aff2a87a45402bcbe9f80b5677ba046b30d08c8dfcf076412f501c692703,PLAIN_VERBATIM
block-0519,10,GraphQL Mutations,chapters/10-data-management.qmd,1912,graphql,mutation CreateTask($input: CreateTaskInput!) {,},8,d3fc2b5a2c8329b851245246cad75dede715c592f54d7575773c5d4313f61c5f,PLAIN_VERBATIM
block-0520,10,GraphQL Mutations,chapters/10-data-management.qmd,1925,json,{,},8,735447af922afb4b4c2a1e6ebdd9887d98d1c07bfcd2037b7c324d5f1cf57d39,DATA
block-0521,10,GraphQL Mutations,chapters/10-data-management.qmd,1940,graphql,mutation BatchUpdate {,},10,e4026a79137433bf98cc679da3fda94dd8d560e91fcb2f85c5c487aefdfec0f3,PLAIN_VERBATIM
block-0522,10,Implementing GraphQL Resolvers,chapters/10-data-management.qmd,1959,javascript,// resolvers.js,"},",33,2eccb5a391852c827a915c38f778d44fb56028539c2ac7047d246e7aa4008e15,PROGRAM_CODE
block-0523,10,Implementing GraphQL Resolvers,chapters/10-data-management.qmd,2006,javascript,Mutation: {,"},",38,8c1437299581d6e3cb9d57ffaa13ed42a38c1a30e03b4febbc82e2c008e9f96b,PROGRAM_CODE
block-0524,10,Implementing GraphQL Resolvers,chapters/10-data-management.qmd,2049,javascript,// Resolvers for Task type fields,};,46,d0ef4ef91543bb5105d356210cf28b4883ea4c7e62207f9d256fbd5f8ae50580,PROGRAM_CODE
block-0525,10,The N+1 Problem and DataLoader,chapters/10-data-management.qmd,2104,graphql,query {,},8,6d2790b358f35f41c74fa5710db6aea0d36a2d57f55aebde6779c9365c8678f8,PLAIN_VERBATIM
block-0526,10,The N+1 Problem and DataLoader,chapters/10-data-management.qmd,2119,javascript,const DataLoader = require('dataloader');,});,11,69e8d0f5456b15ea5f960eb09ec86345c0c70bd077175459a9cbd8c0c22943db,PROGRAM_CODE
block-0527,10,The N+1 Problem and DataLoader,chapters/10-data-management.qmd,2137,javascript,// Create fresh loaders per request (in context),};,21,2aa7416c632d8e050089fb8c67625112035e1241b8dbb466a24b8619f1171144,PROGRAM_CODE
block-0528,10,OpenAPI Specification,chapters/10-data-management.qmd,2175,yaml,openapi: 3.0.3,description: Local development,19,af816b010ec2b1e302d6acc25e76a968992c4c85d94f9d7abaa352947ae38333,CONFIGURATION
block-0529,10,OpenAPI Specification,chapters/10-data-management.qmd,2199,yaml,paths:,maximum: 100,33,432b55373f86aadfc1e597d5f0a111e1ab893afd9820e36fcf5f712f37ad270c,CONFIGURATION
block-0530,10,OpenAPI Specification,chapters/10-data-management.qmd,2237,yaml,responses:,$ref: '#/components/responses/Unauthorized',16,222001ce16555986b260b0816a8fee306c961338ddec9b52bd6501a306c0a02c,CONFIGURATION
block-0531,10,OpenAPI Specification,chapters/10-data-management.qmd,2260,yaml,components:,nullable: true,31,04f3ff7c96998e42bba25f1cfb38455aaafb3f352ef6313a1585ed2604c34c9e,CONFIGURATION
block-0532,10,Serving Documentation,chapters/10-data-management.qmd,2300,javascript,const swaggerUi = require('swagger-ui-express');,}));,10,b4dae21050c32eff309aee640d142a13bf5ed633a4207ea077e0f6b89d67db59,PROGRAM_CODE
block-0533,10,Validation with Joi,chapters/10-data-management.qmd,2325,javascript,const Joi = require('joi');,};,44,d76b93b885317f511d0e96dbdd9e060ebde5302e8830c5694b6774a340834677,PROGRAM_CODE
block-0534,10,Validation with Joi,chapters/10-data-management.qmd,2376,javascript,const validate = (schema) => {,};,28,92051e8a076526b49e1f69f441f189e16eb6fc279e0e62675715d7902a62af97,PROGRAM_CODE
block-0535,10,Centralized Error Handling,chapters/10-data-management.qmd,2413,javascript,// Custom error classes for different scenarios,},22,1a7ed44223401ba2207165d826d9ca213ebca0b17713de70965b72525e1eb397,PROGRAM_CODE
block-0536,10,Centralized Error Handling,chapters/10-data-management.qmd,2440,javascript,// Error handling middleware (must have 4 parameters),app.use(errorHandler);,44,658759318bf91892e437f659af957b4c85207b9e7a23bd33ab2b2e0f4ef1379e,PROGRAM_CODE
block-0537,10,Authentication with JWT,chapters/10-data-management.qmd,2499,javascript,const jwt = require('jsonwebtoken');,},27,319e22d80f1d5cfad55d01afd1eeaef4cac05fbe382b1fdcd607445bf88adab7,PROGRAM_CODE
block-0538,10,Authentication with JWT,chapters/10-data-management.qmd,2533,javascript,"const authenticate = async (req, res, next) => {",};,35,7e1629d734800a2b19024fd32d44745346bce21f13bd76da83fa6bd80f3e4958,PROGRAM_CODE
block-0539,10,Rate Limiting,chapters/10-data-management.qmd,2575,javascript,const rateLimit = require('express-rate-limit');,"app.use('/api/auth/login', authLimiter);",29,24bae7c39be556046722beca3d325edc020ad8405eeb2c575faa98ad73161f48,PROGRAM_CODE
block-0540,10,Cache-Aside Pattern,chapters/10-data-management.qmd,2619,(untyped),┌─────────────────────────────────────────────────────────────────────────┐,└─────────────────────────────────────────────────────────────────────────┘,17,d7f6ce08ca7f9a285f103beaf13575b732511116b739e04a5ad8fb3bd50622bc,ASCII_DIAGRAM
block-0541,10,Cache-Aside Pattern,chapters/10-data-management.qmd,2641,javascript,const CACHE_TTL = 300;  // 5 minutes,},23,5c2ad8df75459edae82c6ceeff5900e254243f81bbb3434ac47a81c243ffcecd,PROGRAM_CODE
block-0542,10,Cache-Aside Pattern,chapters/10-data-management.qmd,2671,javascript,"async function updateTask(taskId, updates) {",},15,180a84746d01f5212870209cd7dd79bee325df514a0ad5a986680530ed9a375a,PROGRAM_CODE
block-0543,11,What is Cloud Computing?,chapters/11-cloud-services.qmd,30,(untyped),┌─────────────────────────────────────────────────────────────────────────┐,└─────────────────────────────────────────────────────────────────────────┘,29,d3eb1bf807354375c8695585a9abd14170c1c2b82bd8dc5da87fd4e0b55cec10,ASCII_DIAGRAM
block-0544,11,Cloud Service Models,chapters/11-cloud-services.qmd,68,(untyped),┌─────────────────────────────────────────────────────────────────────────┐,└─────────────────────────────────────────────────────────────────────────┘,37,d0a4a3a9d39379d4f6aa2c90903a24b66821f019ca61c5713fec0de6866a649a,ASCII_DIAGRAM
block-0545,11,Major Cloud Providers,chapters/11-cloud-services.qmd,120,(untyped),┌─────────────────────────────────────────────────────────────────────────┐,└─────────────────────────────────────────────────────────────────────────┘,26,643e683fff1638917ff3f1a4a4a06fd82714d22834083cd6f53d6b6260d814f7,ASCII_DIAGRAM
block-0546,11,Compute Services,chapters/11-cloud-services.qmd,163,(untyped),┌─────────────────────────────────────────────────────────────────────────┐,└─────────────────────────────────────────────────────────────────────────┘,12,cb40166590671e8e137c4bac11218863cfb0b2a1dde79da09ba8769abf7e97d9,ASCII_DIAGRAM
block-0547,11,Compute Services,chapters/11-cloud-services.qmd,180,bash,# Create a new EC2 instance,"--tag-specifications 'ResourceType=instance,Tags=[{Key=Name,Value=web-server}]'",8,e90e37ceb5c4704a103073942c83ebcff2f348053b2837900e9d25d91b5d4560,TERMINAL_SESSION
block-0548,11,Storage Services,chapters/11-cloud-services.qmd,207,javascript,"const { S3Client, PutObjectCommand, GetObjectCommand } = require('@aws-sdk/client-s3');",},32,f64326cc1d8abd48ae61ac6497501029dc5d14d75517da65fe65a8bf1f0f7731,PROGRAM_CODE
block-0549,11,Database Services,chapters/11-cloud-services.qmd,250,(untyped),┌─────────────────────────────────────────────────────────────────────────┐,└─────────────────────────────────────────────────────────────────────────┘,21,4d9f755aa88c9fd3747da47352fc08e65369032ee1730468928ce11bc98bf5b6,ASCII_DIAGRAM
block-0550,11,Database Services,chapters/11-cloud-services.qmd,280,javascript,const { Pool } = require('pg');,},26,785f804d59f0555105e8d7bfc0971eedb5ddfa0da057b769d0ed571fb77193b6,PROGRAM_CODE
block-0551,11,Networking Services,chapters/11-cloud-services.qmd,321,(untyped),┌─────────────────────────────────────────────────────────────────────────┐,└─────────────────────────────────────────────────────────────────────────┘,39,803523e616076dd4df36da0465c1fd98986c620c08cff732ee2c02abc6ff4aeb,ASCII_DIAGRAM
block-0552,11,Networking Services,chapters/11-cloud-services.qmd,367,javascript,// Example: Health check endpoint for load balancer,});,35,b5cd53e6b0f482fbc1aa8f1acdc978bbde902c652eaa47c1cbcb1cf0015ae4ad,PROGRAM_CODE
block-0553,11,The Problem Containers Solve,chapters/11-cloud-services.qmd,419,(untyped),┌─────────────────────────────────────────────────────────────────────────┐,└─────────────────────────────────────────────────────────────────────────┘,23,fabfd409e022d303e990cea4ed13fbdc8270341c954f810d949b7e9312f502b4,ASCII_DIAGRAM
block-0554,11,Docker Fundamentals,chapters/11-cloud-services.qmd,463,dockerfile,# Dockerfile for a Node.js application,"CMD [""node"", ""dist/index.js""]",57,514f20c00c07cd77d30b6fdc3c98ca2dd096a47541f8ac30c40fc1f3d63d874c,CONFIGURATION
block-0555,11,Docker Fundamentals,chapters/11-cloud-services.qmd,535,bash,# Build the image and tag it with a name,# my-app:1.0.0: Image name and tag to run,26,153b9b6e6b283b558d661cda0c690b82da4d4d58973efe54a3e3936b21447006,TERMINAL_SESSION
block-0556,11,Docker Compose for Local Development,chapters/11-cloud-services.qmd,570,yaml,# docker-compose.yml,redis_data:,73,8d4e436ceda6b64de105faa0ed11dc15fd668001c2329bcd49a3dc6037f1d261,CONFIGURATION
block-0557,11,Docker Compose for Local Development,chapters/11-cloud-services.qmd,658,bash,# Start all services in the background,docker compose up -d,18,381dd51ef40c9bedfe1b8cbf0b6c35436df20d734897c368d44bf579083ab147,TERMINAL_SESSION
block-0558,11,Container Best Practices,chapters/11-cloud-services.qmd,685,(untyped),┌─────────────────────────────────────────────────────────────────────────┐,└─────────────────────────────────────────────────────────────────────────┘,26,7e53e1c830af6fc7c4ea9abb8780aa2a4ff32857e8572669b22927143a1ddce0,ASCII_DIAGRAM
block-0559,11,Container Best Practices,chapters/11-cloud-services.qmd,720,javascript,// Graceful shutdown handler,});,28,15d03988ea17b665d7fa6a1e08bcbbf06d0193ff5c23138e25c4a997159c1b63,PROGRAM_CODE
block-0560,11,Why Kubernetes?,chapters/11-cloud-services.qmd,771,(untyped),┌─────────────────────────────────────────────────────────────────────────┐,└─────────────────────────────────────────────────────────────────────────┘,27,b494f9de265084e661aacfc378976b4ced6d11aff2fa5a90c1c074ea4dcc33b9,ASCII_DIAGRAM
block-0561,11,Core Kubernetes Concepts,chapters/11-cloud-services.qmd,819,yaml,# kubernetes/deployment.yaml,failureThreshold: 30  # 30 * 5 = 150s max startup time,109,8a6c2afeae50ff70e23a9b652d024331fc8c84e3c604ee8375561bc7593be1dc,CONFIGURATION
block-0562,11,Core Kubernetes Concepts,chapters/11-cloud-services.qmd,945,yaml,# kubernetes/service.yaml,protocol: TCP,23,bb54eaf048d995a91d08465fb25d70c4665d9f921d99b5add84d3f624ef0a249,CONFIGURATION
block-0563,11,Core Kubernetes Concepts,chapters/11-cloud-services.qmd,975,yaml,# kubernetes/configmap.yaml,jwt-secret: c3VwZXItc2VjcmV0LWtleS1jaGFuZ2UtdGhpcw==,29,6e48e253951aec9bcd26a0c48eb8e58c1e8a5bc5ee376c083c11a7e93e8351ed,CONFIGURATION
block-0564,11,Deploying to Kubernetes,chapters/11-cloud-services.qmd,1013,bash,# Apply all manifests in a directory,kubectl exec -it taskflow-api-7d9f8c6b5-abc12 -- /bin/sh,26,c93bfa2117c6bd12154f13c509a22da005ae858539aa8d7abfe5859f0f29a93a,TERMINAL_SESSION
block-0565,11,Deploying to Kubernetes,chapters/11-cloud-services.qmd,1044,bash,# Update to a new image version,kubectl rollout history deployment/taskflow-api,14,b516eba394b71fffbee62cd637d35e01dd144c24a9e91de8fc9500baaa89d128,TERMINAL_SESSION
block-0566,11,Horizontal Pod Autoscaling,chapters/11-cloud-services.qmd,1067,yaml,# kubernetes/hpa.yaml,periodSeconds: 60,52,698ac19e3675f7ebd9b4350b96be10e1684c1eeb11dfeb4467179aa3f99b83a1,CONFIGURATION
block-0567,11,Managed Kubernetes Services,chapters/11-cloud-services.qmd,1130,(untyped),┌─────────────────────────────────────────────────────────────────────────┐,└─────────────────────────────────────────────────────────────────────────┘,26,ea12a9ccfb1aabc2968887a5e08634f493fe5792a0358aef45a7c9b442e2894c,ASCII_DIAGRAM
block-0568,11,What is Serverless?,chapters/11-cloud-services.qmd,1176,(untyped),┌─────────────────────────────────────────────────────────────────────────┐,└─────────────────────────────────────────────────────────────────────────┘,19,4ffd80cf28c0674a5f55c16572587d0ffc466531996e6d681b480906408f1fb0,ASCII_DIAGRAM
block-0569,11,AWS Lambda,chapters/11-cloud-services.qmd,1204,javascript,// lambda/processTaskUpdate.js,},113,a8dfc6f240eac24e0c56416e6e8cf321b036733c3ee0093b513c7cc1870585ff,PROGRAM_CODE
block-0570,11,Infrastructure as Code for Lambda,chapters/11-cloud-services.qmd,1332,yaml,# serverless.yml,- serverless-webpack  # Bundle and minimize code,124,b132edc73e8bbae600ff0d2f9d6bb2b3014f0d03c40c3009fd2f4ff6db0959b0,CONFIGURATION
block-0571,11,Serverless Patterns,chapters/11-cloud-services.qmd,1473,(untyped),┌─────────────────────────────────────────────────────────────────────────┐,└─────────────────────────────────────────────────────────────────────────┘,25,7df30b4e19c8a68c4ed66ac804a96c8fed7898bdccb9dfff8c6efa018fb4af18,ASCII_DIAGRAM
block-0572,11,Serverless Patterns,chapters/11-cloud-services.qmd,1503,javascript,// lambda/processImageUpload.js,},97,2e3b0d60fa4019c13bc92ebc8b9262ebd3c6add7e6232a67b8b6bf27665816d4,PROGRAM_CODE
block-0573,11,When to Use Serverless,chapters/11-cloud-services.qmd,1617,(untyped),┌─────────────────────────────────────────────────────────────────────────┐,└─────────────────────────────────────────────────────────────────────────┘,39,a484ba06409332551678ed3dcf6bb4cfac07a302e212dc62d6b6d10dc0bef7bd,ASCII_DIAGRAM
block-0574,11,Benefits of Infrastructure as Code,chapters/11-cloud-services.qmd,1669,(untyped),┌─────────────────────────────────────────────────────────────────────────┐,└─────────────────────────────────────────────────────────────────────────┘,29,f360caaf4d64f7df3531d63ff518f9890b7a7220ba4ac5465121d4e4657b66c6,ASCII_DIAGRAM
block-0575,11,Terraform,chapters/11-cloud-services.qmd,1707,hcl,# terraform/main.tf,},58,764cf25ddfef9eba5df536bbf40cd0c27ef8a4795138bb3254196a67a4f67347,CONFIGURATION
block-0576,11,Terraform,chapters/11-cloud-services.qmd,1772,hcl,# terraform/network.tf,},75,21fd7a7bc5554b5a47ab8f7bc9ad4d15ad7098072d95e8290d414831561751cb,CONFIGURATION
block-0577,11,Terraform,chapters/11-cloud-services.qmd,1854,hcl,# terraform/database.tf,},79,84052b5bbc3270f3475db8b16e21973bb504910f6282c0b524ab1d4f8b973bb5,CONFIGURATION
block-0578,11,Terraform,chapters/11-cloud-services.qmd,1940,hcl,# terraform/outputs.tf,},19,9c2fa673ff5c592c6b19745e2f5bd739e02cef8323669a3e9644e953a39be9d0,CONFIGURATION
block-0579,11,Terraform Workflow,chapters/11-cloud-services.qmd,1966,bash,"# Initialize Terraform (download providers, set up backend)","terraform destroy -var=""environment=staging""",23,220d3664e8a66fa1242e728e5bbbd677db0cb69df629ea6591a9c80ee6609274,TERMINAL_SESSION
block-0580,11,Terraform Best Practices,chapters/11-cloud-services.qmd,1996,(untyped),┌─────────────────────────────────────────────────────────────────────────┐,└─────────────────────────────────────────────────────────────────────────┘,29,474d21a3c7028f67b9882d08a06a7c93e72baba64713f6dcdd0de62557693f8d,ASCII_DIAGRAM
block-0581,11,Identity and Access Management,chapters/11-cloud-services.qmd,2038,(untyped),┌─────────────────────────────────────────────────────────────────────────┐,└─────────────────────────────────────────────────────────────────────────┘,23,ef58f97318fbea99832f749eda276afe53cfa6878548ba7f0738ba747d5bd47f,ASCII_DIAGRAM
block-0582,11,Identity and Access Management,chapters/11-cloud-services.qmd,2066,json,{,},29,89f5c0c6263f739220fc29309f438aaa6734fcd4da1b7fc26a4c677376978d79,DATA
block-0583,11,Secrets Management,chapters/11-cloud-services.qmd,2104,javascript,// Using AWS Secrets Manager,},41,b3f421fff3373ffd23e7e3c85ac4cf22c6bb2cad2d6ba5d56acc633bbe7e26e5,PROGRAM_CODE
block-0584,11,Network Security,chapters/11-cloud-services.qmd,2154,(untyped),┌─────────────────────────────────────────────────────────────────────────┐,└─────────────────────────────────────────────────────────────────────────┘,25,211ae6188f006906aed16b90863616b8c4e06111fc7e21ea771545a6e2c82142,ASCII_DIAGRAM
block-0585,11,Cost Optimization Strategies,chapters/11-cloud-services.qmd,2199,(untyped),┌─────────────────────────────────────────────────────────────────────────┐,└─────────────────────────────────────────────────────────────────────────┘,26,272259bc099e12fa8122ce4439f6d516ef1f59a96bd841c22b7065ed98367f25,ASCII_DIAGRAM
block-0586,11,Cost Optimization Strategies,chapters/11-cloud-services.qmd,2230,hcl,# terraform/cost-controls.tf,},43,18085942d88e5cb28ea2313f3ddca457c29f0834280df996ca58306cd4c8c747,CONFIGURATION
block-0587,12,Security Principles,chapters/12-security.qmd,44,(untyped),┌─────────────────────────────────────────────────────────────────────────┐,└─────────────────────────────────────────────────────────────────────────┘,29,38843d18bb180ef776bf6425842dacb71472d1819e4922a9c48fe7a79fc03c4a,ASCII_DIAGRAM
block-0588,12,Implementing Proper Access Control,chapters/12-security.qmd,136,javascript,const jwt = require('jsonwebtoken');,};,45,04c37f18f4c3bed4da45b17759507e740ec3ae912d267392b3d7f159ae65867c,PROGRAM_CODE
block-0589,12,Implementing Proper Access Control,chapters/12-security.qmd,188,javascript,// Middleware to verify resource ownership,};,47,94170782a036ac45c34f00ba77a3267b227b3c7f3de96ec8008eec87502c7c42,PROGRAM_CODE
block-0590,12,Implementing Proper Access Control,chapters/12-security.qmd,244,javascript,// User can only access their own profile,);,30,4a9d233de443525920e3ffc5878369dec72432bab605c3f7f54aec5adecd4ef7,PROGRAM_CODE
block-0591,12,Implementing Proper Access Control,chapters/12-security.qmd,281,javascript,// Creating a task - server controls ownership,);,16,ba41b4f3bc4460af9b53ea7e61b8283be24dd7fb6c67f5597f4bf789b27f9955,PROGRAM_CODE
block-0592,12,Password Hashing Done Right,chapters/12-security.qmd,330,javascript,const bcrypt = require('bcrypt');,},23,f380acb0ad0fe4548441fde0773d9398491b9ad0ddcc5b49542d77a4ecb201e9,PROGRAM_CODE
block-0593,12,Encrypting Sensitive Data,chapters/12-security.qmd,366,javascript,const crypto = require('crypto');,},47,fd6ea261763b5fbbfdd92b1f89450e22feb5057a0df51a4e251b82a4dceb9777,PROGRAM_CODE
block-0594,12,Understanding SQL Injection,chapters/12-security.qmd,432,javascript,// VULNERABLE CODE - DO NOT USE,},6,bd860ded05094c890fbd82c654c54ca3922a60f2a7fe3002b4fcad1a5a74683d,PROGRAM_CODE
block-0595,12,Understanding SQL Injection,chapters/12-security.qmd,443,sql,SELECT * FROM users WHERE email = 'alice@example.com' AND password = 'secretpassword',SELECT * FROM users WHERE email = 'alice@example.com' AND password = 'secretpassword',1,e5e8cb78b79005a14f170946d2361815f25e5a615641eaca7724c807d4db452c,PROGRAM_CODE
block-0596,12,Understanding SQL Injection,chapters/12-security.qmd,449,sql,SELECT * FROM users WHERE email = '' OR '1'='1' --' AND password = '...',SELECT * FROM users WHERE email = '' OR '1'='1' --' AND password = '...',1,5fb44389efabe4489467c84b07ddd47901b73162b2a36ce25a1ac0d95bc84f25,PROGRAM_CODE
block-0597,12,Understanding SQL Injection,chapters/12-security.qmd,463,(untyped),'; DROP TABLE users; --,'; DROP TABLE users; --,1,090d47b2b639430bb5ea0cb23c27fe0babb6d56db146ea5f543a59a6b50899a4,PLAIN_VERBATIM
block-0598,12,Understanding SQL Injection,chapters/12-security.qmd,471,(untyped),' UNION SELECT password_hash FROM users WHERE email = 'admin@example.com' --,' UNION SELECT password_hash FROM users WHERE email = 'admin@example.com' --,1,deb9533924a1f3e4455c37afa83ac074dc1627221a2e30c9fc217b473722a6af,PLAIN_VERBATIM
block-0599,12,Preventing SQL Injection,chapters/12-security.qmd,481,javascript,// SECURE: Using parameterized queries,},9,1f80a976d5e0b494664c627278a8cd01221a60c9dc7ed9cad356a4728267e496,PROGRAM_CODE
block-0600,12,Preventing SQL Injection,chapters/12-security.qmd,497,javascript,// Using Knex query builder - automatically parameterized,},19,c96a2670e29c7dce9d5aebf18ef93c8c08dd145f8bd97f5eab8a360e8a0911ae,PROGRAM_CODE
block-0601,12,Command Injection,chapters/12-security.qmd,525,javascript,// VULNERABLE: User controls part of shell command,// Executes: ping -c 1 example.com; cat /etc/passwd,10,7dab65c01b779d994e0e6647533b5dee351c2bd5e9b2e75ce2fe293bd8fbffe1,PROGRAM_CODE
block-0602,12,Command Injection,chapters/12-security.qmd,542,javascript,"// SECURE: Arguments passed as array, not interpolated into string",});,16,d009a5eb1b2a1a591d8f0edcb06a34492b03f79a8f0cf3ee99b01ce690de5a5a,PROGRAM_CODE
block-0603,12,Secure Design for Password Reset,chapters/12-security.qmd,606,javascript,const crypto = require('crypto');,});,14,80cc8b244194419662fe207024011435969f985ba807345a960382aa2a0218b2,PROGRAM_CODE
block-0604,12,Secure Design for Password Reset,chapters/12-security.qmd,625,javascript,"app.post('/api/auth/forgot-password', requestResetLimiter, async (req, res) => {",},16,4bc3a4f3b61f5e4bc83e5aae9aa3b030b297744af1f5d5ba72aedecffe05b028,PROGRAM_CODE
block-0605,12,Secure Design for Password Reset,chapters/12-security.qmd,646,javascript,// Generate cryptographically secure token,});,30,06f3704e1c97584987e14e93e22d17f1efd83f26c1a4bc160ae7b3ff166860fb,PROGRAM_CODE
block-0606,12,Secure Design for Password Reset,chapters/12-security.qmd,681,javascript,"app.post('/api/auth/reset-password', resetTokenLimiter, async (req, res) => {",},17,4fedb64bc03b0539a39086941ab1202a8bf2bafb581eab8f844c606262b76a7f,PROGRAM_CODE
block-0607,12,Secure Design for Password Reset,chapters/12-security.qmd,703,javascript,// Validate new password meets requirements,});,33,ed7349d4a08356ce94908972b111027202d36033108bc6cd54264fb99c2c145f,PROGRAM_CODE
block-0608,12,Secure Configuration,chapters/12-security.qmd,763,javascript,const express = require('express');,app.use(helmet());,8,9510af2325b0bca00364ca2a81b8b3c1b747155e1b840fffcbc9729239ab6473,PROGRAM_CODE
block-0609,12,Secure Configuration,chapters/12-security.qmd,776,javascript,app.use(helmet({,}));,23,dcdb2fac030dfa3ec84e56a5321b5f7d2c3ac6ef4b0d30d17c9dac20726e0b08,PROGRAM_CODE
block-0610,12,Secure Configuration,chapters/12-security.qmd,804,javascript,// CORS configuration - allow only specific origins,"app.use(express.urlencoded({ extended: true, limit: '10kb' }));",18,2d4045f119bfc93d6672d6cc8b4d2f1e5ba650d62f422cc5627c25546defa9df,PROGRAM_CODE
block-0611,12,Secure Configuration,chapters/12-security.qmd,829,javascript,// Error handling middleware,});,35,54ca93b31f0027c7c2aea9c6d4f04df539ee1a825c5a772ff4178a0c5044c0ea,PROGRAM_CODE
block-0612,12,Managing Dependency Security,chapters/12-security.qmd,889,bash,# List all dependencies and their versions,# │   │   │   └── ...,10,49ba644e2d2f1c9f52f454d3b1eacc645f8e9e368ecff7057381fb5b704a4e03,ASCII_DIAGRAM
block-0613,12,Managing Dependency Security,chapters/12-security.qmd,906,bash,# Built-in npm audit,# Run `npm audit fix` to attempt automatic fixes,9,1ee47a4212fdff0f4e06fe019e376c4970d18cc87cd1dd9f922997acb9f55e6c,TERMINAL_SESSION
block-0614,12,Managing Dependency Security,chapters/12-security.qmd,922,yaml,# .github/workflows/security.yml,args: --severity-threshold=high,24,97489a176f68eab148fb76f49d69c36eb65473530dde47614efb8ec5b3286648,CONFIGURATION
block-0615,12,Managing Dependency Security,chapters/12-security.qmd,953,bash,# See which packages have updates available,npm install express@latest,13,cac41f8c155e674361e8c0ddd6ab01c6607856307f7dfa8c09a20702ee1237ba,TERMINAL_SESSION
block-0616,12,Password Policies,chapters/12-security.qmd,989,javascript,const crypto = require('crypto');,},31,844c765a4f8f029bec0fac9fe2f04e4cdb58fd80524d73b11ff8020684cf1468,PROGRAM_CODE
block-0617,12,Brute Force Protection,chapters/12-security.qmd,1029,javascript,"const loginAttempts = new Map();  // In production, use Redis for distributed systems",},39,5d9c7e2f2c11be7240b11c9e7165cf8696f6c7276cf53918341be5bda49d4b5d,PROGRAM_CODE
block-0618,12,Secure Session Management,chapters/12-security.qmd,1077,javascript,// Secure cookie settings for session tokens,};,8,e5fb765b6a2be9c5b581ed8ad76a96179e2d9108cfa591189a6e4e61df4ba1cc,PROGRAM_CODE
block-0619,12,Supply Chain Security,chapters/12-security.qmd,1113,json,// package-lock.json includes integrity hashes,},10,393ae9180f7a62949fa7566c8a53b63f529c20efb159435bd7bc5eb5d2db5b2f,DATA
block-0620,12,Unsafe Deserialization,chapters/12-security.qmd,1136,javascript,// DANGEROUS: Libraries that deserialize with code execution,// get executed during deserialization,11,094b1017cceafbb2ff7baddf89825ca637d32bd59ebd9915002e6e644350e6ad,PROGRAM_CODE
block-0621,12,Unsafe Deserialization,chapters/12-security.qmd,1152,javascript,"// SAFE: JSON.parse only creates data, never executes code",});,12,9959717f32fdbdc45ff34fdf90bbba646ced57dec9b7ad952a184e0570b9298e,PROGRAM_CODE
block-0622,12,How to Log Securely,chapters/12-security.qmd,1199,javascript,const winston = require('winston');,"logSecurityEvent('RATE_LIMIT_EXCEEDED', req.user?.id, { endpoint: req.path, ip: req.ip });",28,f866eece4d14a790f6a442be04a918d63ebab309743f11fa26dde2c2fc96bb98,PROGRAM_CODE
block-0623,12,Preventing SSRF,chapters/12-security.qmd,1280,javascript,"const ALLOWED_DOMAINS = ['github.com', 'api.github.com', 'raw.githubusercontent.com'];",},11,04ee2f1a45afb102390149b799f1bd55946b75220acbbb1c672a85d456d4fd11,PROGRAM_CODE
block-0624,12,Preventing SSRF,chapters/12-security.qmd,1296,javascript,async function safeFetch(userUrl) {,},38,33b318dfe4dfda00385b5063a441fc66d16730a62a8417274e671bd6364c3a4f,PROGRAM_CODE
block-0625,12,Validation Strategies,chapters/12-security.qmd,1351,javascript,// Only allow alphanumeric characters and limited punctuation,},6,efa776a439572688a4eb1e2aee6fe43448291af2c29878ab544005dbc6bd1d5c,PROGRAM_CODE
block-0626,12,Validation Strategies,chapters/12-security.qmd,1362,javascript,// WEAK: Block <script> tags,"// Bypass: <SCRIPT>, <scr<script>ipt>, <script , etc.",5,e73d54d10be466972fc76833a54050ffa13a80a9d65485ac8b20f4224d63904f,PROGRAM_CODE
block-0627,12,Validation Strategies,chapters/12-security.qmd,1372,javascript,"// Convert to expected type, reject if conversion fails",},5,796f03acf3363ff5a940afc19ec4568a53a85b6be8e6c418ea4fbec7bdc35ac3,PROGRAM_CODE
block-0628,12,Validation Strategies,chapters/12-security.qmd,1382,javascript,// Age must be reasonable,},9,41f9c717211a004b2471e2bca83d7386fb93597183f42405163a2540d8f2e52b,PROGRAM_CODE
block-0629,12,Comprehensive Validation with Joi,chapters/12-security.qmd,1398,javascript,const Joi = require('joi');,};,33,1aa49f7a80dd18b2485796257090da2bc0ec0af9979ea3a23a4d07d4148200aa,PROGRAM_CODE
block-0630,12,Comprehensive Validation with Joi,chapters/12-security.qmd,1438,javascript,function validate(schemaName) {,"app.post('/api/tasks', authenticate, validate('taskCreate'), createTask);",27,29a428f00e279c939da63b1c3992d9f500d5d75196bca760cb57e7363d1cbb3b,PROGRAM_CODE
block-0631,12,Output Encoding,chapters/12-security.qmd,1476,javascript,const he = require('he');,// Instead of executing the script,11,c626e2b2bdb9aeb3494ffdef086608499667b7b0fb8d2b10f546ffa9e7cab20d,PROGRAM_CODE
block-0632,12,Output Encoding,chapters/12-security.qmd,1492,jsx,// SAFE: React automatically encodes,<div dangerouslySetInnerHTML={{__html: userComment}} />,5,19822d95ac54276f28114958d91f112ee3c6fa9f7d722fb39f17187eebc89600,PROGRAM_CODE
block-0633,12,Output Encoding,chapters/12-security.qmd,1502,javascript,const DOMPurify = require('dompurify');,});,11,0cd7330e964473275383eb3865aff0ab0ec54022a2294b3f4721b655446578f3,PROGRAM_CODE
block-0634,12,Content Security Policy,chapters/12-security.qmd,1528,http,Content-Security-Policy:,frame-ancestors 'none';,7,9e9b747f4acc355fa67b9941a0040e1021c0773878bb8958c0fd8fae5d6e3229,PLAIN_VERBATIM
block-0635,12,Content Security Policy,chapters/12-security.qmd,1554,html,<!-- VIOLATES CSP: Inline event handler -->,"<script src=""/js/handlers.js""></script>",6,6cc20f75e4df7f061375af285f36e143e5bb7373e95adb267d6f433cd9f5c98b,PLAIN_VERBATIM
block-0636,12,Content Security Policy,chapters/12-security.qmd,1565,http,Content-Security-Policy-Report-Only: default-src 'self'; report-uri /csp-report,Content-Security-Policy-Report-Only: default-src 'self'; report-uri /csp-report,1,f69bb6db7762dd4ba8a630f93c8a9c1c0188d56cb2313b5279ff274c4f0d848b,PLAIN_VERBATIM
block-0637,12,Other Essential Headers,chapters/12-security.qmd,1575,http,Strict-Transport-Security: max-age=31536000; includeSubDomains; preload,Strict-Transport-Security: max-age=31536000; includeSubDomains; preload,1,9e72ab74a65c20b9bf57a0957a2ceb5fc07ea936f1ed92467929b2a1bd5e9696,PLAIN_VERBATIM
block-0638,12,Other Essential Headers,chapters/12-security.qmd,1583,http,X-Content-Type-Options: nosniff,X-Content-Type-Options: nosniff,1,38f8b78857a9fa6dde973cb9fb80761b979264773e8c0d97b73aed9839a95ad4,PLAIN_VERBATIM
block-0639,12,Other Essential Headers,chapters/12-security.qmd,1591,http,X-Frame-Options: DENY,X-Frame-Options: DENY,1,89b9e2d95d240f85848fe4a39daa288eef1abc00212a7893207146653808b7c4,PLAIN_VERBATIM
block-0640,12,Other Essential Headers,chapters/12-security.qmd,1597,http,Referrer-Policy: strict-origin-when-cross-origin,Referrer-Policy: strict-origin-when-cross-origin,1,3004a2103bbabb290246b50efdc0941530b02c1f4b28b9c0a2d1ebdcb410e2eb,PLAIN_VERBATIM
block-0641,12,Integrating Security Testing into CI/CD,chapters/12-security.qmd,1629,yaml,# .github/workflows/security.yml,- run: npm run test:security,35,e76a2aebb25d35036eb4e135b2e7ef6e5f4194b48efb8a86c269808125d04eb8,CONFIGURATION
block-0642,12,Writing Security Tests,chapters/12-security.qmd,1673,javascript,"describe('Authentication Security', () => {",});,68,2d9fe5f2100701ed514e295af319005f489cfaba3d0fe3e4b6040b2e9cc000eb,PROGRAM_CODE
block-0643,12,Incident Response Phases,chapters/12-security.qmd,1756,(untyped),┌─────────────────────────────────────────────────────────────────────────┐,└─────────────────────────────────────────────────────────────────────────┘,46,753c2e86d3178ba03faac315a5d832d3dd46046acf5e27678f162c84e0a7f421,ASCII_DIAGRAM
block-0644,13,Types of Software Maintenance,chapters/13-maintenance-evolution.qmd,31,(untyped),┌─────────────────────────────────────────────────────────────────────────┐,└─────────────────────────────────────────────────────────────────────────┘,34,93b1236e7946d594bec172d4bf6431efb755a40dec8f9ce7da7a340e68fc011f,ASCII_DIAGRAM
block-0645,13,Sources of Technical Debt,chapters/13-maintenance-evolution.qmd,138,(untyped),┌─────────────────────────────────────────────────────────────────────────┐,└─────────────────────────────────────────────────────────────────────────┘,26,81a7fb899a0284d3a06d78d1c1da4723643fe8638b2b836123224464e67adff2,ASCII_DIAGRAM
block-0646,13,The Interest Payments,chapters/13-maintenance-evolution.qmd,199,(untyped),┌─────────────────────────────────────────────────────────────────────────┐,└─────────────────────────────────────────────────────────────────────────┘,30,a37132658da42a04dc0f247344abdf4b9cd4df8567a9636c4108bf3d76f2ecbd,ASCII_DIAGRAM
block-0647,13,Managing Technical Debt,chapters/13-maintenance-evolution.qmd,240,javascript,// TODO(tech-debt): This function has O(n²) complexity due to nested loops.,},16,2d89490aa07b7c1164aa07f36f00b8a75391420898761111ac332c7c0b4e01a2,PROGRAM_CODE
block-0648,13,Extract Function,chapters/13-maintenance-evolution.qmd,316,javascript,function processOrder(order) {,},59,bc7ee4a1058e3e245bd0944eae506404758a0da03850bdc9989c10d5350b2759,PROGRAM_CODE
block-0649,13,Extract Function,chapters/13-maintenance-evolution.qmd,382,javascript,function processOrder(order) {,},88,4f254a163e052d2071f06e201c0165886e47fd67d13e6e440b2e77bc8568a95f,PROGRAM_CODE
block-0650,13,Replace Conditional with Polymorphism,chapters/13-maintenance-evolution.qmd,483,javascript,function calculateShippingCost(shipment) {,// Adding a new shipment type requires modifying every function,43,6541681a8c7a826b8f12ffff4b58a7b2f9d28f5b0b77f77ff53313c1c346cf46,PROGRAM_CODE
block-0651,13,Replace Conditional with Polymorphism,chapters/13-maintenance-evolution.qmd,533,javascript,// Base class defines the interface,},84,21d06515424206e465eb95f0a5179e226ef4727ca8d95a91ea52452ac34fba27,PROGRAM_CODE
block-0652,13,Introduce Parameter Object,chapters/13-maintenance-evolution.qmd,630,javascript,"function createEvent(title, description, startDate, startTime, endDate, endTime,",},26,4319e601aba76f83ecfbf2c8e0cd1672f096234b5e7a591007c0492391b87630,PROGRAM_CODE
block-0653,13,Introduce Parameter Object,chapters/13-maintenance-evolution.qmd,663,javascript,// Time range as a distinct concept,},87,57a3fe7c1069c7cd344cb8857f671ac5d2385e58cd6d5cf4619ae71f3b0aa0d0,PROGRAM_CODE
block-0654,13,Strategies for Legacy Evolution,chapters/13-maintenance-evolution.qmd,797,(untyped),┌─────────────────────────────────────────────────────────────────────────┐,└─────────────────────────────────────────────────────────────────────────┘,33,475926edad8cfd38053ecf2f7c06487d593cad7e0612569d01aa0224a72e9719,ASCII_DIAGRAM
block-0655,13,Strategies for Legacy Evolution,chapters/13-maintenance-evolution.qmd,846,javascript,// Step 1: Identify the component to replace,},66,af9cb026988f7569f09220c154c440a2c49300e73f6516f2671d9332f1e2f04b,PROGRAM_CODE
block-0656,13,Strategies for Legacy Evolution,chapters/13-maintenance-evolution.qmd,919,javascript,// Characterization test process:,});,53,d1ea4ab5416a88df384e0026b72941711e9d6ce38f0aff6c1d82ff24f39514fa,PROGRAM_CODE
block-0657,13,Managing Risk During Legacy Evolution,chapters/13-maintenance-evolution.qmd,983,javascript,async function processWithComparison(input) {,},24,7c0ffdb2f17ee0f05ab07439710dcca0f003182261cbef99123c61b695666ff1,PROGRAM_CODE
block-0658,13,Types of Documentation,chapters/13-maintenance-evolution.qmd,1028,(untyped),┌─────────────────────────────────────────────────────────────────────────┐,└─────────────────────────────────────────────────────────────────────────┘,30,876c29302088a2bef5152f0c022ecd0c9d9f20a08ca0b3c09574e9efaae8c84c,ASCII_DIAGRAM
block-0659,13,Architectural Decision Records,chapters/13-maintenance-evolution.qmd,1069,markdown,# ADR 0012: Use PostgreSQL as Primary Database,- ADR 0018: Implement Redis caching layer,61,84cea879d8e6ebbe7dc44772abb39f0634d2a3f580cb211d9a8495e0cc5592b8,PLAIN_VERBATIM
block-0660,13,Code Comments,chapters/13-maintenance-evolution.qmd,1141,javascript,// Bad: Restates the obvious,"await sendSmsNotification(user);  // Comment says email, code sends SMS",16,971e50b176a8923af759679eb51e4f5231d37890f9854c90401679e98253ac36,PROGRAM_CODE
block-0661,13,Code Comments,chapters/13-maintenance-evolution.qmd,1162,javascript,"// Good: Explains why, not what",const processedEventIds = new Set();,35,1b483ba33da95801b828129af3fbf3158aaa1e5e9e336986d4721881ea7b7b5b,PROGRAM_CODE
block-0662,13,README Files,chapters/13-maintenance-evolution.qmd,1206,markdown,# TaskFlow API,npm test,23,ddd9b15abbc506741f6d22f5b0e49233f214e15b5695305dff9ab31af537defb,PLAIN_VERBATIM
block-0663,13,Project Structure,chapters/13-maintenance-evolution.qmd,1240,(untyped),src/,└── e2e/           # End-to-end tests,11,9e813ecf9c691a14b73d4500895ddd14968da58eaf85d513031aa33f9f3a9724,ASCII_DIAGRAM
block-0664,13,Running Tests,chapters/13-maintenance-evolution.qmd,1275,bash,# All tests,npm run test:coverage,8,5a7ea188b0bf4421d274a2063d744e1195d2c43917ec2cae396dfc3d14cdc184,TERMINAL_SESSION
block-0665,13,License,chapters/13-maintenance-evolution.qmd,1306,(untyped),"A README should get someone from zero to productive quickly. Start with the minimum: what it is, how to run it, how to test it. Add more documentation as the project grows, but keep the README focused on getting started.",**Semantic Versioning (SemVer)** encodes compatibility information in version numbers. A version number MAJOR.MINOR.PATCH communicates the nature of changes:,26,1a896c1cff5c6c4d2a1c36f707f9dcb585a7541af22617820539400af35a16a7,PLAIN_VERBATIM
block-0666,13,License,chapters/13-maintenance-evolution.qmd,1337,(untyped),The power of SemVer is in the promises it makes. Users can trust that upgrading from 2.4.0 to 2.5.0 won't break their code. They can automate minor and patch updates with confidence. They know to approach major updates with care and testing.,},19,12bf98dc7a33ffe68b1bee9db08e7f73704aa34f3f5f9e447fcf2632c641c251,PLAIN_VERBATIM
block-0667,13,Change Management,chapters/13-maintenance-evolution.qmd,1365,markdown,# Changelog,...,30,1b93ce5dc24d222b6c61111372670591aa003dd5667400244943e483bfd18a5f,PLAIN_VERBATIM
block-0668,13,Change Management,chapters/13-maintenance-evolution.qmd,1400,markdown,# Migrating from v2 to v3,const user = await auth.verifyToken(token);,12,6bb949577023e0de1de0a04026be1882a5d385681ffebea0e87453ffbe52a3d4,PLAIN_VERBATIM
block-0669,13,Change Management,chapters/13-maintenance-evolution.qmd,1417,javascript,"const { token, user } = await auth.authenticate({ email, password });",// Token verification is now automatic in middleware,2,c683ec2616d6f9a6abaf5019d71fd61e9256a297c99ee0d09f3f7a5346498d88,PROGRAM_CODE
block-0670,13,Configuration Changes,chapters/13-maintenance-evolution.qmd,1428,javascript,const config = require('./config');,const config = require('./config');,1,8fe62496d03cf2873e4638ce1cf9a6a468e211fc1c4d645f825667e8413c7707,PROGRAM_CODE
block-0671,13,Configuration Changes,chapters/13-maintenance-evolution.qmd,1434,javascript,const config = require('./config')[process.env.NODE_ENV];,const config = require('./config')[process.env.NODE_ENV];,1,4750991b5f246b30e9855446320ff9aacfccb5f961ac9af54d7fdb12e28bc62f,PROGRAM_CODE
block-0672,13,Deprecated Features Removed,chapters/13-maintenance-evolution.qmd,1447,(untyped),"**Release branches** allow maintaining multiple versions simultaneously. While you develop version 3, you might need to release security patches for version 2:","**Release branches** allow maintaining multiple versions simultaneously. While you develop version 3, you might need to release security patches for version 2:",2,5f05f321fe1cc5d377529d5be4cd698934568e9cdfe406e682c297abe1abf3a6,PLAIN_VERBATIM
block-0673,13,Deprecated Features Removed,chapters/13-maintenance-evolution.qmd,1455,(untyped),### Database Migrations,};,33,bfff40ce3e069126e3f61cfe172cb8c4de736bd28ccc3b516612c8620d256303,PLAIN_VERBATIM
block-0674,13,API Versioning,chapters/13-maintenance-evolution.qmd,1507,(untyped),GET /api/v1/tasks,GET /api/v2/tasks,2,bc4984e91334cc749f59fdf4195b26f67939257275fe9146cb5041f1db44725a,PLAIN_VERBATIM
block-0675,13,API Versioning,chapters/13-maintenance-evolution.qmd,1514,(untyped),GET /api/tasks,Accept: application/vnd.taskflow.v2+json,2,6d8eecfa2e0b89fc039cc4d53a29192f953bfe43e81184d2b7c59503988f39cd,PLAIN_VERBATIM
block-0676,13,API Versioning,chapters/13-maintenance-evolution.qmd,1521,(untyped),GET /api/tasks?version=2,GET /api/tasks?version=2,1,b6cacdf1fa9f1cde5d23e2f169b3094ff3ddda134b957050b449f1cb14282eec,PLAIN_VERBATIM
block-0677,13,Structural Patterns for Maintainability,chapters/13-maintenance-evolution.qmd,1555,(untyped),┌─────────────────────────────────────────────────────────────────────────┐,└─────────────────────────────────────────────────────────────────────────┘,35,408b3a42f26e4cb701bcb8de7226eeb85e732af5beb7ec03b11e5409b947aae2,ASCII_DIAGRAM
block-0678,13,Structural Patterns for Maintainability,chapters/13-maintenance-evolution.qmd,1597,(untyped),# Traditional structure (by technical role),└── errors.js,35,6c653646d61e9948e9447ab54dd715aa8dc8528bec7d75d82c37be683b08eba0,ASCII_DIAGRAM
block-0679,13,Testing for Maintainability,chapters/13-maintenance-evolution.qmd,1643,(untyped),┌─────────────────────────────────────────────────────────────────────────┐,└─────────────────────────────────────────────────────────────────────────┘,21,b5cac86773302c8ae3e9619c743f6a93d446389256a5e989b31be3413db602e6,ASCII_DIAGRAM
block-0680,13,Testing for Maintainability,chapters/13-maintenance-evolution.qmd,1669,javascript,// Bad: Tests implementation details,});,22,e4c2cb593e4deca2b41b52f053fed767804bb939c2672a46d9196464bcba1e13,PROGRAM_CODE
block-0681,14,Ethical Reasoning Frameworks,chapters/14-ethics-professionalism.qmd,48,(untyped),┌─────────────────────────────────────────────────────────────────────────┐,└─────────────────────────────────────────────────────────────────────────┘,67,ff118a90f7e75f6e0effc4734bb2ddb1d0865f0a1e4a5109d9127bd683a476b3,ASCII_DIAGRAM
block-0682,14,Open Source Licensing,chapters/14-ethics-professionalism.qmd,211,(untyped),┌─────────────────────────────────────────────────────────────────────────┐,└─────────────────────────────────────────────────────────────────────────┘,59,39a99ac03256536b60767d6c329396507095ce7fee6259467d39cb977a1dc86d,ASCII_DIAGRAM
block-0683,14,License Compatibility and Compliance,chapters/14-ethics-professionalism.qmd,285,(untyped),┌─────────────────────────────────────────────────────────────────────────┐,└─────────────────────────────────────────────────────────────────────────┘,19,8f8e96c58af142f2d2c2d249880ce349690f472d98f00a17994b70e0a7faec3a,ASCII_DIAGRAM
block-0684,14,Roles and Responsibilities,chapters/14-ethics-professionalism.qmd,365,(untyped),┌─────────────────────────────────────────────────────────────────────────┐,└─────────────────────────────────────────────────────────────────────────┘,45,96778fb512c4c347838318d50ed7863e7272ecd541d8a274a5077eef5eeff652,ASCII_DIAGRAM
block-0685,15,Assessing Project State,chapters/15-final-project-integration.qmd,52,(untyped),┌─────────────────────────────────────────────────────────────────────────┐,└─────────────────────────────────────────────────────────────────────────┘,41,328194030d5c88a8f72953898170486464e8450114956f63e1ddffb34536a734,ASCII_DIAGRAM
block-0686,15,User Experience Polish,chapters/15-final-project-integration.qmd,163,javascript,// Level 1: Crashes or shows technical error,});,70,3a482215307bd3dfd4445496c763e352cd1dfdcbf183b5f60b1b2e05713e5a5b,PROGRAM_CODE
block-0687,15,Testing Strategy,chapters/15-final-project-integration.qmd,286,(untyped),┌─────────────────────────────────────────────────────────────────────────┐,└─────────────────────────────────────────────────────────────────────────┘,40,fb086dcf0e7cd95f2ae713458a8ba47db90c5992cd4350a0bb8cd39d32ebe3cd,ASCII_DIAGRAM
block-0688,15,README Excellence,chapters/15-final-project-integration.qmd,457,markdown,# TaskFlow - Collaborative Task Management,npm run dev,50,382e99ecc8a3f32fbe9f4b9027e3d12d78447d45d74e0a82d598316791e4f32f,PLAIN_VERBATIM
block-0689,15,Running Tests,chapters/15-final-project-integration.qmd,514,bash,# Run all tests,npm run test:integration,9,49b01c03c13213e6ed355aaf7a56cb6a9e03aa54aaca8c49e7c270169ac80f42,TERMINAL_SESSION
block-0690,15,Project Structure,chapters/15-final-project-integration.qmd,528,(untyped),taskflow/,└── scripts/           # Build and deployment scripts,12,8aacd61d2b24e1b035b008276c12e086349a4a3d21f2b845f14373c9064733f4,ASCII_DIAGRAM
block-0691,15,Acknowledgments,chapters/15-final-project-integration.qmd,598,(untyped),### Architecture Documentation,## Architecture Diagram,15,b6141d396dbf08a0f2b2305930c89236dabf14dba34bc9292ce1f1a858088514,PLAIN_VERBATIM
block-0692,15,Acknowledgments,chapters/15-final-project-integration.qmd,618,(untyped),## Component Details,The backend follows a layered architecture:,18,a23e0b59969b818c0dab3ba0719d5e525bfe3c36af5cbc930961cabdef386e6b,PLAIN_VERBATIM
block-0693,15,Acknowledgments,chapters/15-final-project-integration.qmd,641,(untyped),"**API Layer**: Handles HTTP concerns—parsing requests, validating","assignee_id, team_id, created_by, created_at, updated_at)",19,528313cbbf9442ce4ef21072d4c4dd7e757c3996139dd2cc03f470ea17f70f6d,PLAIN_VERBATIM
block-0694,15,Security Architecture,chapters/15-final-project-integration.qmd,701,(untyped),### Lessons Learned Document,"Plan for 80% scope with schedule, not 100%.",80,dae122045820d87154980cb5e783daccd6bceba42081519ec36ef6f9888d3022,PLAIN_VERBATIM
block-0695,15,The Software Development Lifecycle Revisited,chapters/15-final-project-integration.qmd,794,(untyped),┌─────────────────────────────────────────────────────────────────────────┐,└─────────────────────────────────────────────────────────────────────────┘,45,d11681e3fcb48deba0507bef72292e353ba34df5015394c7b991032b1780c2c1,ASCII_DIAGRAM
block-0696,15,Conclusion,chapters/15-final-project-integration.qmd,1159,=latex,\enlargethispage{4\baselineskip},\enlargethispage{4\baselineskip},1,0e0661b17cb9409b6329ba67231ec42070ff3f2991a78b978ef73a9b44f51c86,PLAIN_VERBATIM
